episode,total_reward,unstable_frac,mean_mah,epsilon,n_steps,frac_stable,frac_exploratory,frac_adaptive,frac_unstable,agent_id
0,472.0,0.028056112224448898,1.8759392626350222,1.0,499,0.5150300601202404,0.21442885771543085,0.24248496993987975,0.028056112224448898,agent_0000
1,481.0,0.022044088176352707,1.7463248309009982,0.97,499,0.47695390781563124,0.23246492985971945,0.2685370741482966,0.022044088176352707,agent_0000
2,472.0,0.03406813627254509,1.955230566315653,0.9409,499,0.4168336673346693,0.2625250501002004,0.2865731462925852,0.03406813627254509,agent_0000
3,484.0,0.02404809619238477,1.8262203953483747,0.912673,499,0.47695390781563124,0.27655310621242485,0.22244488977955912,0.02404809619238477,agent_0000
4,493.0,0.012024048096192385,1.7322944426538744,0.8852928099999999,499,0.5150300601202404,0.24849699398797595,0.22444889779559118,0.012024048096192385,agent_0000
5,454.0,0.03807615230460922,1.9428149909324148,0.8587340256999999,499,0.4028056112224449,0.29458917835671344,0.26452905811623245,0.03807615230460922,agent_0000
6,484.0,0.018036072144288578,1.7524241615524698,0.8329720049289999,499,0.45691382765531063,0.24649298597194388,0.2785571142284569,0.018036072144288578,agent_0000
7,490.0,0.012024048096192385,1.7186742899721361,0.8079828447811299,499,0.46092184368737477,0.23446893787575152,0.2925851703406814,0.012024048096192385,agent_0000
8,478.0,0.026052104208416832,1.7529987622793266,0.783743359437696,499,0.4749498997995992,0.24649298597194388,0.25250501002004005,0.026052104208416832,agent_0000
9,472.0,0.03206412825651302,1.8995658805519162,0.7602310586545651,499,0.4348697394789579,0.30861723446893785,0.22444889779559118,0.03206412825651302,agent_0000
10,457.0,0.04008016032064128,1.9877458116301112,0.7374241268949281,499,0.43687374749499,0.2905811623246493,0.23246492985971945,0.04008016032064128,agent_0000
11,463.0,0.03206412825651302,1.8619920710934634,0.7153014030880802,499,0.43887775551102204,0.24649298597194388,0.28256513026052105,0.03206412825651302,agent_0000
12,490.0,0.012024048096192385,1.709850419881319,0.6938423609954378,499,0.49298597194388777,0.23246492985971945,0.2625250501002004,0.012024048096192385,agent_0000
13,469.0,0.036072144288577156,2.0143580630041225,0.6730270901655747,499,0.45490981963927857,0.218436873747495,0.2905811623246493,0.036072144288577156,agent_0000
14,493.0,0.01002004008016032,1.63500557231574,0.6528362774606075,499,0.501002004008016,0.24248496993987975,0.24649298597194388,0.01002004008016032,agent_0000
15,445.0,0.04609218436873747,1.9498775333493306,0.6332511891367892,499,0.40480961923847697,0.23446893787575152,0.31462925851703405,0.04609218436873747,agent_0000
16,487.0,0.014028056112224449,1.7529460421734837,0.6142536534626856,499,0.45691382765531063,0.24248496993987975,0.2865731462925852,0.014028056112224449,agent_0000
17,466.0,0.03206412825651302,1.7980040027878312,0.595826043858805,499,0.4228456913827655,0.23446893787575152,0.3106212424849699,0.03206412825651302,agent_0000
18,451.0,0.04408817635270541,2.023060144689137,0.5779512625430409,499,0.41282565130260523,0.28857715430861725,0.2545090180360721,0.04408817635270541,agent_0000
19,484.0,0.02004008016032064,1.8100446724651098,0.5606127246667496,499,0.47695390781563124,0.2865731462925852,0.21643286573146292,0.02004008016032064,agent_0000
20,430.0,0.05811623246492986,2.1191320329744743,0.5437943429267471,499,0.3867735470941884,0.28256513026052105,0.2725450901803607,0.05811623246492986,agent_0000
21,472.0,0.03406813627254509,1.95025792342605,0.5274805126389447,499,0.48096192384769537,0.24048096192384769,0.24448897795591182,0.03406813627254509,agent_0000
22,481.0,0.028056112224448898,1.7964270597058134,0.5116560972597763,499,0.49899799599198397,0.24248496993987975,0.23046092184368738,0.028056112224448898,agent_0000
23,442.0,0.06012024048096192,2.2099105604440283,0.496306414341983,499,0.4529058116232465,0.250501002004008,0.23647294589178355,0.06012024048096192,agent_0000
24,484.0,0.01603206412825651,1.6957485573681137,0.48141722191172354,499,0.4188376753507014,0.2785571142284569,0.2865731462925852,0.01603206412825651,agent_0000
25,481.0,0.018036072144288578,1.7233709052308444,0.4669747052543718,499,0.5190380761523046,0.23246492985971945,0.23046092184368738,0.018036072144288578,agent_0000
26,484.0,0.02404809619238477,1.8570769308174935,0.4529654640967406,499,0.43286573146292584,0.2785571142284569,0.26452905811623245,0.02404809619238477,agent_0000
27,469.0,0.028056112224448898,1.831706237823231,0.4393765001738384,499,0.4248496993987976,0.2565130260521042,0.2905811623246493,0.028056112224448898,agent_0000
28,466.0,0.036072144288577156,1.9233818633054731,0.42619520516862325,499,0.4649298597194389,0.27054108216432865,0.22845691382765532,0.036072144288577156,agent_0000
29,490.0,0.008016032064128256,1.6276874707691444,0.4134093490135645,499,0.48697394789579157,0.24849699398797595,0.2565130260521042,0.008016032064128256,agent_0000
30,475.0,0.028056112224448898,1.7996103562526053,0.4010070685431576,499,0.5991983967935872,0.19238476953907815,0.18036072144288579,0.028056112224448898,agent_0000
31,484.0,0.02004008016032064,1.7688120227233204,0.38897685648686287,499,0.5170340681362725,0.23246492985971945,0.23046092184368738,0.02004008016032064,agent_0000
32,475.0,0.018036072144288578,1.7658654315280176,0.377307550792257,499,0.43687374749499,0.2865731462925852,0.25851703406813625,0.018036072144288578,agent_0000
33,475.0,0.03006012024048096,1.979654168051077,0.36598832426848926,499,0.46693386773547096,0.250501002004008,0.25250501002004005,0.03006012024048096,agent_0000
34,472.0,0.028056112224448898,1.9867008712281937,0.35500867454043455,499,0.46893787575150303,0.23847695390781562,0.26452905811623245,0.028056112224448898,agent_0000
35,496.0,0.006012024048096192,1.6391235804246589,0.3443584143042215,499,0.4789579158316633,0.2605210420841683,0.2545090180360721,0.006012024048096192,agent_0000
36,484.0,0.014028056112224449,1.642374064553857,0.3340276618750948,499,0.533066132264529,0.22444889779559118,0.22845691382765532,0.014028056112224449,agent_0000
37,478.0,0.022044088176352707,1.8528484003279557,0.32400683201884195,499,0.4789579158316633,0.25851703406813625,0.24048096192384769,0.022044088176352707,agent_0000
38,493.0,0.01603206412825651,1.7234016285352074,0.3142866270582767,499,0.5290581162324649,0.23647294589178355,0.218436873747495,0.01603206412825651,agent_0000
39,466.0,0.03206412825651302,1.890532670647191,0.3048580282465284,499,0.5350701402805611,0.2124248496993988,0.22044088176352705,0.03206412825651302,agent_0000
40,493.0,0.012024048096192385,1.6678057697574764,0.2957122873991326,499,0.45490981963927857,0.24448897795591182,0.28857715430861725,0.012024048096192385,agent_0000
41,493.0,0.012024048096192385,1.6246056311389496,0.2868409187771586,499,0.44488977955911824,0.25250501002004005,0.2905811623246493,0.012024048096192385,agent_0000
42,463.0,0.03006012024048096,1.9015543046389134,0.27823569121384384,499,0.4248496993987976,0.2985971943887776,0.24649298597194388,0.03006012024048096,agent_0000
43,469.0,0.02404809619238477,1.8366976389221727,0.2698886204774285,499,0.4188376753507014,0.32064128256513025,0.23647294589178355,0.02404809619238477,agent_0000
44,499.0,0.01002004008016032,1.6940931794475247,0.26179196186310566,499,0.3346693386773547,0.3026052104208417,0.3527054108216433,0.01002004008016032,agent_0000
45,466.0,0.03206412825651302,1.834346061467719,0.2539382030072125,499,0.4468937875751503,0.24048096192384769,0.280561122244489,0.03206412825651302,agent_0000
46,472.0,0.03006012024048096,1.8405242599433127,0.2463200569169961,499,0.5571142284569138,0.20841683366733466,0.20440881763527055,0.03006012024048096,agent_0000
47,469.0,0.03807615230460922,2.028560912035427,0.23893045520948622,499,0.561122244488978,0.20641282565130262,0.19438877755511022,0.03807615230460922,agent_0000
48,478.0,0.028056112224448898,2.0029197691159077,0.23176254155320164,499,0.41082164328657317,0.2965931863727455,0.26452905811623245,0.028056112224448898,agent_0000
49,472.0,0.028056112224448898,1.9465474685754587,0.2248096653066056,499,0.4529058116232465,0.2565130260521042,0.2625250501002004,0.028056112224448898,agent_0000
50,496.0,0.01603206412825651,1.8076296606336355,0.21806537534740741,499,0.5490981963927856,0.21442885771543085,0.22044088176352705,0.01603206412825651,agent_0000
51,469.0,0.03406813627254509,1.8893741917761353,0.2115234140869852,499,0.56312625250501,0.20040080160320642,0.20240480961923848,0.03406813627254509,agent_0000
52,490.0,0.018036072144288578,1.7562387958095411,0.20517771166437562,499,0.6172344689378757,0.18236472945891782,0.18236472945891782,0.018036072144288578,agent_0000
53,466.0,0.03006012024048096,1.806823965430481,0.19902238031444436,499,0.5090180360721442,0.22645290581162325,0.23446893787575152,0.03006012024048096,agent_0000
54,478.0,0.02404809619238477,1.7279439743514575,0.19305170890501103,499,0.5511022044088176,0.19238476953907815,0.23246492985971945,0.02404809619238477,agent_0000
55,478.0,0.026052104208416832,1.8796921304036347,0.1872601576378607,499,0.44288577154308617,0.2665330661322645,0.26452905811623245,0.026052104208416832,agent_0000
56,475.0,0.028056112224448898,1.9833171036447155,0.18164235290872485,499,0.35470941883767537,0.32064128256513025,0.2965931863727455,0.028056112224448898,agent_0000
57,490.0,0.012024048096192385,1.7365712220755454,0.1761930823214631,499,0.45691382765531063,0.24248496993987975,0.28857715430861725,0.012024048096192385,agent_0000
58,469.0,0.028056112224448898,1.9239268302833263,0.17090728985181922,499,0.33867735470941884,0.3366733466933868,0.2965931863727455,0.028056112224448898,agent_0000
59,496.0,0.006012024048096192,1.6502356796159854,0.16578007115626464,499,0.4348697394789579,0.2605210420841683,0.2985971943887776,0.006012024048096192,agent_0000
60,475.0,0.028056112224448898,1.875001885697555,0.1608066690215767,499,0.46693386773547096,0.2625250501002004,0.24248496993987975,0.028056112224448898,agent_0000
61,499.0,0.0,1.5312158046514863,0.1559824689509294,499,0.3466933867735471,0.2965931863727455,0.35671342685370744,0.0,agent_0000
62,463.0,0.026052104208416832,1.7968291840888675,0.1513029948824015,499,0.42685370741482964,0.2625250501002004,0.2845691382765531,0.026052104208416832,agent_0000
63,496.0,0.008016032064128256,1.5917271461531917,0.14676390503592945,499,0.49498997995991983,0.24248496993987975,0.2545090180360721,0.008016032064128256,agent_0000
64,460.0,0.036072144288577156,1.9938969954612642,0.14236098788485158,499,0.42084168336673344,0.2785571142284569,0.26452905811623245,0.036072144288577156,agent_0000
65,487.0,0.01002004008016032,1.757914343312614,0.13809015824830603,499,0.312625250501002,0.3346693386773547,0.342685370741483,0.01002004008016032,agent_0000
66,484.0,0.02004008016032064,1.8490124818694091,0.13394745350085685,499,0.312625250501002,0.3226452905811623,0.34468937875751504,0.02004008016032064,agent_0000
67,493.0,0.01002004008016032,1.7778441237520568,0.12992902989583113,499,0.2925851703406814,0.35671342685370744,0.3406813627254509,0.01002004008016032,agent_0000
68,466.0,0.03406813627254509,2.034574840199677,0.1260311589989562,499,0.2565130260521042,0.32665330661322645,0.38276553106212424,0.03406813627254509,agent_0000
69,457.0,0.04208416833667335,2.0620557465742286,0.12225022422898751,499,0.34468937875751504,0.3026052104208417,0.3106212424849699,0.04208416833667335,agent_0000
70,487.0,0.018036072144288578,1.9758469312186042,0.11858271750211788,499,0.218436873747495,0.38877755511022044,0.374749498997996,0.018036072144288578,agent_0000
71,472.0,0.03807615230460922,2.0047415175047645,0.11502523597705434,499,0.2985971943887776,0.3306613226452906,0.33266533066132264,0.03807615230460922,agent_0000
72,475.0,0.03006012024048096,1.92049776648224,0.1115744788977427,499,0.374749498997996,0.2985971943887776,0.2965931863727455,0.03006012024048096,agent_0000
73,490.0,0.012024048096192385,1.720565395201115,0.10822724453081042,499,0.40080160320641284,0.2685370741482966,0.3186372745490982,0.012024048096192385,agent_0000
74,490.0,0.02404809619238477,1.7569578004458886,0.10498042719488611,499,0.5410821643286573,0.20040080160320642,0.23446893787575152,0.02404809619238477,agent_0000
75,463.0,0.03807615230460922,1.9005448483063228,0.10183101437903952,499,0.5851703406813628,0.16032064128256512,0.21643286573146292,0.03807615230460922,agent_0000
76,478.0,0.022044088176352707,1.7620303183212322,0.09877608394766833,499,0.6673346693386774,0.17034068136272545,0.1402805611222445,0.022044088176352707,agent_0000
77,478.0,0.026052104208416832,1.8046906584346023,0.09581280142923829,499,0.5290581162324649,0.2124248496993988,0.23246492985971945,0.026052104208416832,agent_0000
78,469.0,0.03206412825651302,1.9498470649849458,0.09293841738636113,499,0.39879759519038077,0.28857715430861725,0.280561122244489,0.03206412825651302,agent_0000
79,457.0,0.04408817635270541,2.052860397793251,0.09015026486477029,499,0.4649298597194389,0.24649298597194388,0.24448897795591182,0.04408817635270541,agent_0000
80,478.0,0.02004008016032064,1.7906882654251317,0.08744575691882718,499,0.4529058116232465,0.3026052104208417,0.22444889779559118,0.02004008016032064,agent_0000
81,487.0,0.018036072144288578,1.7976707389193072,0.08482238421126237,499,0.4188376753507014,0.3046092184368738,0.25851703406813625,0.018036072144288578,agent_0000
82,487.0,0.02004008016032064,1.7990388912478852,0.0822777126849245,499,0.4969939879759519,0.2124248496993988,0.27054108216432865,0.02004008016032064,agent_0000
83,478.0,0.02004008016032064,1.7150208992573086,0.07980938130437676,499,0.5370741482965932,0.22645290581162325,0.21643286573146292,0.02004008016032064,agent_0000
84,496.0,0.006012024048096192,1.6102130197562885,0.07741509986524546,499,0.5891783567134269,0.20841683366733466,0.1963927855711423,0.006012024048096192,agent_0000
85,493.0,0.01002004008016032,1.6728560791939218,0.0750926468692881,499,0.41282565130260523,0.28256513026052105,0.29458917835671344,0.01002004008016032,agent_0000
86,487.0,0.01603206412825651,1.8025590736407628,0.07283986746320946,499,0.38877755511022044,0.2985971943887776,0.2965931863727455,0.01603206412825651,agent_0000
87,481.0,0.022044088176352707,1.7024848899961997,0.07065467143931317,499,0.503006012024048,0.2124248496993988,0.2625250501002004,0.022044088176352707,agent_0000
88,475.0,0.03006012024048096,1.9179796950969505,0.06853503129613378,499,0.4028056112224449,0.27054108216432865,0.2965931863727455,0.03006012024048096,agent_0000
89,496.0,0.004008016032064128,1.5794362295952746,0.06647898035724976,499,0.4228456913827655,0.3026052104208417,0.27054108216432865,0.004008016032064128,agent_0000
90,481.0,0.02004008016032064,1.7519780482357008,0.06448461094653227,499,0.43887775551102204,0.25851703406813625,0.28256513026052105,0.02004008016032064,agent_0000
91,490.0,0.01002004008016032,1.7299938105267012,0.06255007261813629,499,0.4529058116232465,0.280561122244489,0.2565130260521042,0.01002004008016032,agent_0000
92,490.0,0.01603206412825651,1.7987300789221758,0.0606735704395922,499,0.35070140280561124,0.28857715430861725,0.34468937875751504,0.01603206412825651,agent_0000
93,493.0,0.006012024048096192,1.6712200118287444,0.05885336332640443,499,0.4168336673346693,0.280561122244489,0.2965931863727455,0.006012024048096192,agent_0000
94,487.0,0.02404809619238477,1.8664340187160369,0.057087762426612294,499,0.3727454909819639,0.3046092184368738,0.2985971943887776,0.02404809619238477,agent_0000
95,472.0,0.028056112224448898,1.9446741896537068,0.05537512955381393,499,0.39879759519038077,0.2685370741482966,0.3046092184368738,0.028056112224448898,agent_0000
96,499.0,0.004008016032064128,1.748395667109397,0.053713875667199505,499,0.3787575150300601,0.3306613226452906,0.2865731462925852,0.004008016032064128,agent_0000
97,478.0,0.026052104208416832,1.9162155162991934,0.05210245939718352,499,0.36072144288577157,0.30861723446893785,0.3046092184368738,0.026052104208416832,agent_0000
98,454.0,0.04208416833667335,1.9732525903480276,0.05053938561526801,499,0.44889779559118237,0.2605210420841683,0.24849699398797595,0.04208416833667335,agent_0000
99,481.0,0.022044088176352707,1.8065311957383094,0.05,499,0.48697394789579157,0.22645290581162325,0.26452905811623245,0.022044088176352707,agent_0000
100,490.0,0.01603206412825651,1.6559397364975876,0.05,499,0.5430861723446894,0.23046092184368738,0.21042084168336672,0.01603206412825651,agent_0000
101,493.0,0.01002004008016032,1.579238172085707,0.05,499,0.7294589178356713,0.11623246492985972,0.14428857715430862,0.01002004008016032,agent_0000
102,466.0,0.028056112224448898,1.7656894551730884,0.05,499,0.5571142284569138,0.20040080160320642,0.21442885771543085,0.028056112224448898,agent_0000
103,490.0,0.014028056112224449,1.6571152778171785,0.05,499,0.717434869739479,0.1282565130260521,0.1402805611222445,0.014028056112224449,agent_0000
104,487.0,0.018036072144288578,1.8080533832968122,0.05,499,0.7234468937875751,0.13026052104208416,0.1282565130260521,0.018036072144288578,agent_0000
105,481.0,0.018036072144288578,1.7367322379740242,0.05,499,0.5551102204408818,0.23847695390781562,0.18837675350701402,0.018036072144288578,agent_0000
106,487.0,0.014028056112224449,1.6545051409751756,0.05,499,0.6172344689378757,0.17635270541082165,0.19238476953907815,0.014028056112224449,agent_0000
107,484.0,0.014028056112224449,1.6410912941991533,0.05,499,0.5951903807615231,0.19238476953907815,0.19839679358717435,0.014028056112224449,agent_0000
108,478.0,0.022044088176352707,1.776769543409749,0.05,499,0.49298597194388777,0.24248496993987975,0.24248496993987975,0.022044088176352707,agent_0000
109,457.0,0.04609218436873747,2.035586193574384,0.05,499,0.4749498997995992,0.21042084168336672,0.2685370741482966,0.04609218436873747,agent_0000
110,481.0,0.022044088176352707,1.7606236196864449,0.05,499,0.625250501002004,0.18036072144288579,0.17234468937875752,0.022044088176352707,agent_0000
111,469.0,0.036072144288577156,1.8593120661574363,0.05,499,0.48697394789579157,0.20440881763527055,0.2725450901803607,0.036072144288577156,agent_0000
112,490.0,0.01603206412825651,1.7850625184432787,0.05,499,0.374749498997996,0.28256513026052105,0.32665330661322645,0.01603206412825651,agent_0000
113,487.0,0.018036072144288578,1.8161121747339874,0.05,499,0.48897795591182364,0.22645290581162325,0.2665330661322645,0.018036072144288578,agent_0000
114,475.0,0.028056112224448898,1.9757235764627168,0.05,499,0.34468937875751504,0.3026052104208417,0.3246492985971944,0.028056112224448898,agent_0000
115,496.0,0.01002004008016032,1.7555816401543523,0.05,499,0.3106212424849699,0.36472945891783565,0.31462925851703405,0.01002004008016032,agent_0000
116,478.0,0.022044088176352707,1.999034363661407,0.05,499,0.24248496993987975,0.37675350701402804,0.3587174348697395,0.022044088176352707,agent_0000
117,463.0,0.03206412825651302,1.9275093257654625,0.05,499,0.22244488977955912,0.35671342685370744,0.38877755511022044,0.03206412825651302,agent_0000
118,463.0,0.03406813627254509,1.9128487533054679,0.05,499,0.31462925851703405,0.32064128256513025,0.3306613226452906,0.03406813627254509,agent_0000
119,496.0,0.008016032064128256,1.6526664017570039,0.05,499,0.41082164328657317,0.2565130260521042,0.3246492985971944,0.008016032064128256,agent_0000
0,481.0,0.022044088176352707,1.7826347105029101,1.0,499,0.4649298597194389,0.23647294589178355,0.27655310621242485,0.022044088176352707,agent_0001
1,472.0,0.03406813627254509,1.95756781626292,0.97,499,0.43687374749499,0.2545090180360721,0.2745490981963928,0.03406813627254509,agent_0001
2,484.0,0.026052104208416832,1.798863695396331,0.9409,499,0.48296593186372744,0.25851703406813625,0.23246492985971945,0.026052104208416832,agent_0001
3,490.0,0.014028056112224449,1.7305910537702291,0.912673,499,0.46092184368737477,0.25250501002004005,0.2725450901803607,0.014028056112224449,agent_0001
4,454.0,0.03807615230460922,1.941104346096658,0.8852928099999999,499,0.40480961923847697,0.28857715430861725,0.2685370741482966,0.03807615230460922,agent_0001
5,484.0,0.018036072144288578,1.789089268746531,0.8587340256999999,499,0.4288577154308617,0.2725450901803607,0.280561122244489,0.018036072144288578,agent_0001
6,487.0,0.014028056112224449,1.7507872399247646,0.8329720049289999,499,0.43887775551102204,0.25250501002004005,0.29458917835671344,0.014028056112224449,agent_0001
7,478.0,0.026052104208416832,1.7569100989608561,0.8079828447811299,499,0.48296593186372744,0.24649298597194388,0.24448897795591182,0.026052104208416832,agent_0001
8,460.0,0.03807615230460922,1.9148478016024235,0.783743359437696,499,0.4529058116232465,0.280561122244489,0.22845691382765532,0.03807615230460922,agent_0001
9,460.0,0.03807615230460922,1.9543800782667922,0.7602310586545651,499,0.4348697394789579,0.280561122244489,0.24649298597194388,0.03807615230460922,agent_0001
10,463.0,0.03206412825651302,1.8691753858997011,0.7374241268949281,499,0.4408817635270541,0.2545090180360721,0.2725450901803607,0.03206412825651302,agent_0001
11,490.0,0.012024048096192385,1.7587976608365696,0.7153014030880802,499,0.44488977955911824,0.2905811623246493,0.25250501002004005,0.012024048096192385,agent_0001
12,472.0,0.03406813627254509,1.966725878652007,0.6938423609954378,499,0.44288577154308617,0.23647294589178355,0.2865731462925852,0.03406813627254509,agent_0001
13,493.0,0.01002004008016032,1.6509343148785345,0.6730270901655747,499,0.4649298597194389,0.2545090180360721,0.27054108216432865,0.01002004008016032,agent_0001
14,469.0,0.03006012024048096,1.8061526977140152,0.6528362774606075,499,0.44288577154308617,0.22444889779559118,0.3026052104208417,0.03006012024048096,agent_0001
15,490.0,0.01002004008016032,1.7232729755627476,0.6332511891367892,499,0.4188376753507014,0.280561122244489,0.2905811623246493,0.01002004008016032,agent_0001
16,466.0,0.03406813627254509,1.8197334773920977,0.6142536534626856,499,0.4529058116232465,0.24448897795591182,0.2685370741482966,0.03406813627254509,agent_0001
17,454.0,0.04008016032064128,1.9119768348844437,0.595826043858805,499,0.49899799599198397,0.23246492985971945,0.22845691382765532,0.04008016032064128,agent_0001
18,484.0,0.02004008016032064,1.8290020748247344,0.5779512625430409,499,0.4468937875751503,0.31462925851703405,0.218436873747495,0.02004008016032064,agent_0001
19,454.0,0.04208416833667335,1.9668345120031345,0.5606127246667496,499,0.49298597194388777,0.22845691382765532,0.23647294589178355,0.04208416833667335,agent_0001
20,481.0,0.028056112224448898,1.863856409648935,0.5437943429267471,499,0.5751503006012024,0.19438877755511022,0.20240480961923848,0.028056112224448898,agent_0001
21,481.0,0.028056112224448898,1.842929413349973,0.5274805126389447,499,0.5150300601202404,0.23647294589178355,0.22044088176352705,0.028056112224448898,agent_0001
22,442.0,0.06012024048096192,2.2121545947743515,0.5116560972597763,499,0.48296593186372744,0.250501002004008,0.20641282565130262,0.06012024048096192,agent_0001
23,481.0,0.018036072144288578,1.6670902253850697,0.496306414341983,499,0.5551102204408818,0.20641282565130262,0.22044088176352705,0.018036072144288578,agent_0001
24,481.0,0.018036072144288578,1.6639462885697691,0.48141722191172354,499,0.5711422845691383,0.1903807615230461,0.22044088176352705,0.018036072144288578,agent_0001
25,478.0,0.026052104208416832,1.8671745990490767,0.4669747052543718,499,0.48697394789579157,0.2545090180360721,0.23246492985971945,0.026052104208416832,agent_0001
26,469.0,0.028056112224448898,1.823804888768459,0.4529654640967406,499,0.48897795591182364,0.22444889779559118,0.25851703406813625,0.028056112224448898,agent_0001
27,466.0,0.036072144288577156,1.972682505420912,0.4393765001738384,499,0.43687374749499,0.28857715430861725,0.23847695390781562,0.036072144288577156,agent_0001
28,490.0,0.008016032064128256,1.646029872756953,0.42619520516862325,499,0.44488977955911824,0.23847695390781562,0.30861723446893785,0.008016032064128256,agent_0001
29,478.0,0.026052104208416832,1.8150889340126846,0.4134093490135645,499,0.5070140280561122,0.24048096192384769,0.22645290581162325,0.026052104208416832,agent_0001
30,484.0,0.02004008016032064,1.7278327633553858,0.4010070685431576,499,0.5170340681362725,0.22044088176352705,0.24248496993987975,0.02004008016032064,agent_0001
31,475.0,0.018036072144288578,1.7529624337159009,0.38897685648686287,499,0.4729458917835671,0.27054108216432865,0.23847695390781562,0.018036072144288578,agent_0001
32,466.0,0.03807615230460922,2.016337840550013,0.377307550792257,499,0.48897795591182364,0.21442885771543085,0.25851703406813625,0.03807615230460922,agent_0001
33,472.0,0.028056112224448898,1.9409591857023112,0.36598832426848926,499,0.41282565130260523,0.25851703406813625,0.30060120240480964,0.028056112224448898,agent_0001
34,496.0,0.006012024048096192,1.722163091806884,0.35500867454043455,499,0.36472945891783565,0.3346693386773547,0.29458917835671344,0.006012024048096192,agent_0001
35,481.0,0.01603206412825651,1.6843257642370855,0.3443584143042215,499,0.4308617234468938,0.2685370741482966,0.2845691382765531,0.01603206412825651,agent_0001
36,478.0,0.022044088176352707,1.83213201672212,0.3340276618750948,499,0.48697394789579157,0.24448897795591182,0.24649298597194388,0.022044088176352707,agent_0001
37,493.0,0.01603206412825651,1.706302969287376,0.32400683201884195,499,0.5050100200400801,0.2565130260521042,0.22244488977955912,0.01603206412825651,agent_0001
38,460.0,0.03807615230460922,1.9678891776511174,0.3142866270582767,499,0.44488977955911824,0.23847695390781562,0.2785571142284569,0.03807615230460922,agent_0001
39,493.0,0.01002004008016032,1.6255122272305877,0.3048580282465284,499,0.5290581162324649,0.20841683366733466,0.25250501002004005,0.01002004008016032,agent_0001
40,490.0,0.01002004008016032,1.577142931488001,0.2957122873991326,499,0.48096192384769537,0.24649298597194388,0.2625250501002004,0.01002004008016032,agent_0001
41,463.0,0.03006012024048096,1.8435512153981437,0.2868409187771586,499,0.5490981963927856,0.22444889779559118,0.1963927855711423,0.03006012024048096,agent_0001
42,469.0,0.02404809619238477,1.8350034037901035,0.27823569121384384,499,0.4749498997995992,0.2625250501002004,0.23847695390781562,0.02404809619238477,agent_0001
43,493.0,0.01603206412825651,1.7423747966393057,0.2698886204774285,499,0.3186372745490982,0.2985971943887776,0.3667334669338677,0.01603206412825651,agent_0001
44,466.0,0.03206412825651302,1.8590745189957152,0.26179196186310566,499,0.48897795591182364,0.21042084168336672,0.2685370741482966,0.03206412825651302,agent_0001
45,472.0,0.03006012024048096,1.9330504933275343,0.2539382030072125,499,0.4168336673346693,0.2965931863727455,0.2565130260521042,0.03006012024048096,agent_0001
46,454.0,0.04609218436873747,2.0235402527423965,0.2463200569169961,499,0.4729458917835671,0.23647294589178355,0.24448897795591182,0.04609218436873747,agent_0001
47,469.0,0.036072144288577156,2.0531039581150807,0.23893045520948622,499,0.4348697394789579,0.280561122244489,0.24849699398797595,0.036072144288577156,agent_0001
48,472.0,0.028056112224448898,1.910389430087788,0.23176254155320164,499,0.5150300601202404,0.22645290581162325,0.23046092184368738,0.028056112224448898,agent_0001
49,484.0,0.02404809619238477,1.8667887428038594,0.2248096653066056,499,0.4789579158316633,0.24048096192384769,0.2565130260521042,0.02404809619238477,agent_0001
50,466.0,0.036072144288577156,1.8878688394858945,0.21806537534740741,499,0.5571142284569138,0.19238476953907815,0.21442885771543085,0.036072144288577156,agent_0001
51,493.0,0.012024048096192385,1.6986213618344639,0.2115234140869852,499,0.5691382765531062,0.21442885771543085,0.20440881763527055,0.012024048096192385,agent_0001
52,469.0,0.026052104208416832,1.7483593780936184,0.20517771166437562,499,0.5831663326653307,0.18036072144288579,0.21042084168336672,0.026052104208416832,agent_0001
53,475.0,0.026052104208416832,1.8593084490921212,0.19902238031444436,499,0.42685370741482964,0.28857715430861725,0.25851703406813625,0.026052104208416832,agent_0001
54,478.0,0.026052104208416832,1.8722003012129889,0.19305170890501103,499,0.45691382765531063,0.25851703406813625,0.25851703406813625,0.026052104208416832,agent_0001
55,481.0,0.03006012024048096,2.0026193342762344,0.1872601576378607,499,0.47695390781563124,0.25250501002004005,0.24048096192384769,0.03006012024048096,agent_0001
56,490.0,0.012024048096192385,1.7633838515380134,0.18164235290872485,499,0.44288577154308617,0.2685370741482966,0.27655310621242485,0.012024048096192385,agent_0001
57,466.0,0.03006012024048096,1.871383410103118,0.1761930823214631,499,0.4749498997995992,0.24849699398797595,0.24649298597194388,0.03006012024048096,agent_0001
58,496.0,0.006012024048096192,1.613714117093463,0.17090728985181922,499,0.5170340681362725,0.2124248496993988,0.26452905811623245,0.006012024048096192,agent_0001
59,475.0,0.026052104208416832,1.888077022131276,0.16578007115626464,499,0.29458917835671344,0.3066132264529058,0.3727454909819639,0.026052104208416832,agent_0001
60,493.0,0.006012024048096192,1.5106255507764774,0.1608066690215767,499,0.6593186372745491,0.1282565130260521,0.20641282565130262,0.006012024048096192,agent_0001
61,460.0,0.028056112224448898,1.8025137032446434,0.1559824689509294,499,0.46693386773547096,0.22244488977955912,0.28256513026052105,0.028056112224448898,agent_0001
62,496.0,0.008016032064128256,1.5970957237461048,0.1513029948824015,499,0.6112224448897795,0.17234468937875752,0.20841683366733466,0.008016032064128256,agent_0001
63,448.0,0.04609218436873747,2.0667155915104676,0.14676390503592945,499,0.591182364729459,0.19839679358717435,0.16432865731462926,0.04609218436873747,agent_0001
64,487.0,0.01002004008016032,1.6595882660708503,0.14236098788485158,499,0.4288577154308617,0.2725450901803607,0.28857715430861725,0.01002004008016032,agent_0001
65,478.0,0.022044088176352707,1.8807402988909576,0.13809015824830603,499,0.38877755511022044,0.30060120240480964,0.28857715430861725,0.022044088176352707,agent_0001
66,493.0,0.01002004008016032,1.6659624434265845,0.13394745350085685,499,0.4709418837675351,0.2665330661322645,0.25250501002004005,0.01002004008016032,agent_0001
67,463.0,0.036072144288577156,1.9307065236692382,0.12992902989583113,499,0.45090180360721444,0.218436873747495,0.29458917835671344,0.036072144288577156,agent_0001
68,430.0,0.05811623246492986,2.1346898267295233,0.1260311589989562,499,0.45490981963927857,0.2665330661322645,0.22044088176352705,0.05811623246492986,agent_0001
69,487.0,0.018036072144288578,1.866132030255655,0.12225022422898751,499,0.3627254509018036,0.3046092184368738,0.31462925851703405,0.018036072144288578,agent_0001
70,472.0,0.04008016032064128,1.9623262602957539,0.11858271750211788,499,0.5130260521042084,0.24248496993987975,0.20440881763527055,0.04008016032064128,agent_0001
71,457.0,0.04208416833667335,1.9362746531340491,0.11502523597705434,499,0.4849699398797595,0.22645290581162325,0.24649298597194388,0.04208416833667335,agent_0001
72,490.0,0.012024048096192385,1.6655734836948743,0.1115744788977427,499,0.48096192384769537,0.218436873747495,0.28857715430861725,0.012024048096192385,agent_0001
73,478.0,0.03406813627254509,1.8932789499152698,0.10822724453081042,499,0.49498997995991983,0.22444889779559118,0.24649298597194388,0.03406813627254509,agent_0001
74,469.0,0.03406813627254509,1.9180562815657338,0.10498042719488611,499,0.43887775551102204,0.25250501002004005,0.2745490981963928,0.03406813627254509,agent_0001
75,478.0,0.022044088176352707,1.8265573862591737,0.10183101437903952,499,0.3727454909819639,0.28256513026052105,0.3226452905811623,0.022044088176352707,agent_0001
76,475.0,0.03006012024048096,1.9201727254910352,0.09877608394766833,499,0.4088176352705411,0.3026052104208417,0.25851703406813625,0.03006012024048096,agent_0001
77,454.0,0.04208416833667335,2.032090244442993,0.09581280142923829,499,0.44889779559118237,0.23647294589178355,0.2725450901803607,0.04208416833667335,agent_0001
78,445.0,0.05410821643286573,2.169580392792552,0.09293841738636113,499,0.4649298597194389,0.24649298597194388,0.23446893787575152,0.05410821643286573,agent_0001
79,478.0,0.02004008016032064,1.7576818370112206,0.09015026486477029,499,0.47695390781563124,0.27655310621242485,0.22645290581162325,0.02004008016032064,agent_0001
80,487.0,0.02004008016032064,1.8029641453797791,0.08744575691882718,499,0.46693386773547096,0.2745490981963928,0.23847695390781562,0.02004008016032064,agent_0001
81,487.0,0.02004008016032064,1.883632643447031,0.08482238421126237,499,0.3166332665330661,0.3106212424849699,0.3527054108216433,0.02004008016032064,agent_0001
82,487.0,0.012024048096192385,1.6970272038058525,0.0822777126849245,499,0.40080160320641284,0.2925851703406814,0.29458917835671344,0.012024048096192385,agent_0001
83,496.0,0.008016032064128256,1.665492015939708,0.07980938130437676,499,0.4529058116232465,0.26452905811623245,0.2745490981963928,0.008016032064128256,agent_0001
84,493.0,0.012024048096192385,1.6823757301089306,0.07741509986524546,499,0.43286573146292584,0.2725450901803607,0.28256513026052105,0.012024048096192385,agent_0001
85,472.0,0.028056112224448898,1.8476169163163836,0.0750926468692881,499,0.5210420841683366,0.23847695390781562,0.2124248496993988,0.028056112224448898,agent_0001
86,481.0,0.022044088176352707,1.7317463727025786,0.07283986746320946,499,0.4789579158316633,0.24649298597194388,0.25250501002004005,0.022044088176352707,agent_0001
87,448.0,0.04609218436873747,1.997658410111315,0.07065467143931317,499,0.5350701402805611,0.20841683366733466,0.21042084168336672,0.04609218436873747,agent_0001
88,496.0,0.004008016032064128,1.6340126237556478,0.06853503129613378,499,0.3406813627254509,0.342685370741483,0.312625250501002,0.004008016032064128,agent_0001
89,475.0,0.028056112224448898,1.893430895518484,0.06647898035724976,499,0.2925851703406814,0.30861723446893785,0.37074148296593185,0.028056112224448898,agent_0001
90,490.0,0.01002004008016032,1.816306106359127,0.06448461094653227,499,0.2665330661322645,0.374749498997996,0.3486973947895792,0.01002004008016032,agent_0001
91,490.0,0.01603206412825651,1.8234140166778696,0.06255007261813629,499,0.2985971943887776,0.30861723446893785,0.37675350701402804,0.01603206412825651,agent_0001
92,493.0,0.008016032064128256,1.6446926692053188,0.0606735704395922,499,0.5270541082164328,0.22244488977955912,0.24248496993987975,0.008016032064128256,agent_0001
93,484.0,0.026052104208416832,1.9391178793937174,0.05885336332640443,499,0.35070140280561124,0.31462925851703405,0.30861723446893785,0.026052104208416832,agent_0001
94,457.0,0.036072144288577156,1.9225305300163822,0.057087762426612294,499,0.4969939879759519,0.21442885771543085,0.25250501002004005,0.036072144288577156,agent_0001
95,499.0,0.004008016032064128,1.615770494528579,0.05537512955381393,499,0.5771543086172345,0.21442885771543085,0.20440881763527055,0.004008016032064128,agent_0001
96,478.0,0.026052104208416832,1.7959898269692784,0.053713875667199505,499,0.5891783567134269,0.21643286573146292,0.1683366733466934,0.026052104208416832,agent_0001
97,454.0,0.04008016032064128,1.9229826886186727,0.05210245939718352,499,0.6112224448897795,0.15831663326653306,0.1903807615230461,0.04008016032064128,agent_0001
98,481.0,0.022044088176352707,1.8546653841756624,0.05053938561526801,499,0.4168336673346693,0.26452905811623245,0.2965931863727455,0.022044088176352707,agent_0001
99,490.0,0.01603206412825651,1.674649895354492,0.05,499,0.4789579158316633,0.24048096192384769,0.26452905811623245,0.01603206412825651,agent_0001
100,493.0,0.01002004008016032,1.6708270785511008,0.05,499,0.4148296593186373,0.2865731462925852,0.28857715430861725,0.01002004008016032,agent_0001
101,466.0,0.03206412825651302,1.8951345665064747,0.05,499,0.5210420841683366,0.2124248496993988,0.23446893787575152,0.03206412825651302,agent_0001
102,484.0,0.022044088176352707,1.8836800510065554,0.05,499,0.3847695390781563,0.2865731462925852,0.3066132264529058,0.022044088176352707,agent_0001
103,487.0,0.01603206412825651,1.8713048578925129,0.05,499,0.3466933867735471,0.35070140280561124,0.2865731462925852,0.01603206412825651,agent_0001
104,475.0,0.022044088176352707,1.8081839304007656,0.05,499,0.3787575150300601,0.3046092184368738,0.29458917835671344,0.022044088176352707,agent_0001
105,487.0,0.014028056112224449,1.7946892721512853,0.05,499,0.27655310621242485,0.32064128256513025,0.38877755511022044,0.014028056112224449,agent_0001
106,484.0,0.014028056112224449,1.699458890206783,0.05,499,0.39478957915831664,0.26452905811623245,0.32665330661322645,0.014028056112224449,agent_0001
107,469.0,0.03006012024048096,1.8306106953741519,0.05,499,0.4529058116232465,0.23446893787575152,0.28256513026052105,0.03006012024048096,agent_0001
108,454.0,0.04809619238476954,2.120673430300895,0.05,499,0.3587174348697395,0.25250501002004005,0.3406813627254509,0.04809619238476954,agent_0001
109,481.0,0.022044088176352707,1.8555842930654396,0.05,499,0.4228456913827655,0.2905811623246493,0.26452905811623245,0.022044088176352707,agent_0001
110,436.0,0.06212424849699399,2.166587889829292,0.05,499,0.3466933867735471,0.2625250501002004,0.3286573146292585,0.06212424849699399,agent_0001
111,481.0,0.02404809619238477,1.8586706682076504,0.05,499,0.4288577154308617,0.2665330661322645,0.280561122244489,0.02404809619238477,agent_0001
112,472.0,0.026052104208416832,1.8151950059981177,0.05,499,0.56312625250501,0.21442885771543085,0.1963927855711423,0.026052104208416832,agent_0001
113,481.0,0.022044088176352707,1.8305982924114954,0.05,499,0.503006012024048,0.2545090180360721,0.22044088176352705,0.022044088176352707,agent_0001
114,496.0,0.01002004008016032,1.7110496433074356,0.05,499,0.36072144288577157,0.3186372745490982,0.3106212424849699,0.01002004008016032,agent_0001
115,478.0,0.022044088176352707,1.8960564559262083,0.05,499,0.33266533066132264,0.3046092184368738,0.3406813627254509,0.022044088176352707,agent_0001
116,460.0,0.03406813627254509,1.8773816405160575,0.05,499,0.35070140280561124,0.3246492985971944,0.2905811623246493,0.03406813627254509,agent_0001
117,460.0,0.036072144288577156,1.8342291008422944,0.05,499,0.5230460921843687,0.21643286573146292,0.22444889779559118,0.036072144288577156,agent_0001
118,499.0,0.004008016032064128,1.5682446275884594,0.05,499,0.6212424849699398,0.1623246492985972,0.2124248496993988,0.004008016032064128,agent_0001
119,499.0,0.01603206412825651,1.8506026173614771,0.05,499,0.5711422845691383,0.21442885771543085,0.19839679358717435,0.01603206412825651,agent_0001
0,472.0,0.036072144288577156,1.9541525647098181,1.0,499,0.44889779559118237,0.24849699398797595,0.2665330661322645,0.036072144288577156,agent_0002
1,481.0,0.03206412825651302,1.916243357694296,0.97,499,0.4649298597194389,0.2745490981963928,0.22845691382765532,0.03206412825651302,agent_0002
2,490.0,0.014028056112224449,1.741765108658165,0.9409,499,0.4589178356713427,0.2625250501002004,0.26452905811623245,0.014028056112224449,agent_0002
3,454.0,0.03807615230460922,1.90864047893846,0.912673,499,0.4408817635270541,0.2865731462925852,0.23446893787575152,0.03807615230460922,agent_0002
4,484.0,0.018036072144288578,1.7482911606905531,0.8852928099999999,499,0.48697394789579157,0.22845691382765532,0.2665330661322645,0.018036072144288578,agent_0002
5,490.0,0.012024048096192385,1.6860453768039054,0.8587340256999999,499,0.46693386773547096,0.23647294589178355,0.2845691382765531,0.012024048096192385,agent_0002
6,478.0,0.026052104208416832,1.7479027621875018,0.8329720049289999,499,0.44488977955911824,0.24649298597194388,0.28256513026052105,0.026052104208416832,agent_0002
7,460.0,0.03807615230460922,1.9407370633569527,0.8079828447811299,499,0.48096192384769537,0.280561122244489,0.20040080160320642,0.03807615230460922,agent_0002
8,460.0,0.03807615230460922,1.9885686042524944,0.783743359437696,499,0.46092184368737477,0.27054108216432865,0.23046092184368738,0.03807615230460922,agent_0002
9,463.0,0.03206412825651302,1.8481120979512118,0.7602310586545651,499,0.4408817635270541,0.24649298597194388,0.280561122244489,0.03206412825651302,agent_0002
10,490.0,0.012024048096192385,1.7613028923633676,0.7374241268949281,499,0.39879759519038077,0.3026052104208417,0.2865731462925852,0.012024048096192385,agent_0002
11,472.0,0.036072144288577156,2.0298162031777864,0.7153014030880802,499,0.45691382765531063,0.21643286573146292,0.2905811623246493,0.036072144288577156,agent_0002
12,493.0,0.01002004008016032,1.6546651902892362,0.6938423609954378,499,0.5150300601202404,0.24248496993987975,0.23246492985971945,0.01002004008016032,agent_0002
13,469.0,0.03006012024048096,1.76751649034708,0.6730270901655747,499,0.46092184368737477,0.1963927855711423,0.312625250501002,0.03006012024048096,agent_0002
14,490.0,0.012024048096192385,1.7817825136391505,0.6528362774606075,499,0.37675350701402804,0.2925851703406814,0.3186372745490982,0.012024048096192385,agent_0002
15,466.0,0.03206412825651302,1.8064717508801078,0.6332511891367892,499,0.44288577154308617,0.23446893787575152,0.2905811623246493,0.03206412825651302,agent_0002
16,466.0,0.03006012024048096,1.8691925821602673,0.6142536534626856,499,0.40681362725450904,0.3046092184368738,0.25851703406813625,0.03006012024048096,agent_0002
17,484.0,0.02004008016032064,1.8145343540564687,0.595826043858805,499,0.4248496993987976,0.30060120240480964,0.2545090180360721,0.02004008016032064,agent_0002
18,454.0,0.04008016032064128,1.9869802470222186,0.5779512625430409,499,0.44288577154308617,0.25851703406813625,0.25851703406813625,0.04008016032064128,agent_0002
19,481.0,0.028056112224448898,1.8937886249572866,0.5606127246667496,499,0.49298597194388777,0.24248496993987975,0.23647294589178355,0.028056112224448898,agent_0002
20,475.0,0.03406813627254509,1.8455460118245963,0.5437943429267471,499,0.48096192384769537,0.24448897795591182,0.24048096192384769,0.03406813627254509,agent_0002
21,445.0,0.05811623246492986,2.189811386335525,0.5274805126389447,499,0.4729458917835671,0.2605210420841683,0.20841683366733466,0.05811623246492986,agent_0002
22,484.0,0.01603206412825651,1.6487972586698776,0.5116560972597763,499,0.503006012024048,0.21442885771543085,0.2665330661322645,0.01603206412825651,agent_0002
23,481.0,0.018036072144288578,1.7475930467505985,0.496306414341983,499,0.5250501002004008,0.22244488977955912,0.23446893787575152,0.018036072144288578,agent_0002
24,484.0,0.026052104208416832,1.8094341243739884,0.48141722191172354,499,0.5150300601202404,0.23046092184368738,0.22845691382765532,0.026052104208416832,agent_0002
25,469.0,0.028056112224448898,1.8172947217502358,0.4669747052543718,499,0.4649298597194389,0.23446893787575152,0.2725450901803607,0.028056112224448898,agent_0002
26,466.0,0.036072144288577156,1.9140006394020577,0.4529654640967406,499,0.48096192384769537,0.24849699398797595,0.23446893787575152,0.036072144288577156,agent_0002
27,490.0,0.008016032064128256,1.689591784932069,0.4393765001738384,499,0.35671342685370744,0.30060120240480964,0.3346693386773547,0.008016032064128256,agent_0002
28,478.0,0.026052104208416832,1.8067706818105675,0.42619520516862325,499,0.5250501002004008,0.23446893787575152,0.21442885771543085,0.026052104208416832,agent_0002
29,487.0,0.02004008016032064,1.8203780595838333,0.4134093490135645,499,0.45691382765531063,0.2745490981963928,0.24849699398797595,0.02004008016032064,agent_0002
30,475.0,0.018036072144288578,1.6867400630548004,0.4010070685431576,499,0.48296593186372744,0.23046092184368738,0.2685370741482966,0.018036072144288578,agent_0002
31,475.0,0.03006012024048096,1.9474063024118846,0.38897685648686287,499,0.43687374749499,0.24248496993987975,0.2905811623246493,0.03006012024048096,agent_0002
32,472.0,0.028056112224448898,1.993869141678512,0.377307550792257,499,0.4308617234468938,0.2545090180360721,0.2865731462925852,0.028056112224448898,agent_0002
33,496.0,0.006012024048096192,1.6401646764990008,0.36598832426848926,499,0.5370741482965932,0.22044088176352705,0.23647294589178355,0.006012024048096192,agent_0002
34,481.0,0.01603206412825651,1.683647278493004,0.35500867454043455,499,0.4308617234468938,0.26452905811623245,0.28857715430861725,0.01603206412825651,agent_0002
35,478.0,0.022044088176352707,1.84528839480054,0.3443584143042215,499,0.41282565130260523,0.2745490981963928,0.2905811623246493,0.022044088176352707,agent_0002
36,493.0,0.018036072144288578,1.7938215636380206,0.3340276618750948,499,0.4088176352705411,0.2745490981963928,0.2985971943887776,0.018036072144288578,agent_0002
37,460.0,0.036072144288577156,1.907388422623725,0.32400683201884195,499,0.4849699398797595,0.22845691382765532,0.250501002004008,0.036072144288577156,agent_0002
38,493.0,0.012024048096192385,1.6756384059958132,0.3142866270582767,499,0.37675350701402804,0.2745490981963928,0.3366733466933868,0.012024048096192385,agent_0002
39,484.0,0.018036072144288578,1.6443604061576556,0.3048580282465284,499,0.4709418837675351,0.24248496993987975,0.2685370741482966,0.018036072144288578,agent_0002
40,469.0,0.026052104208416832,1.786887823881383,0.2957122873991326,499,0.5851703406813628,0.2124248496993988,0.17635270541082165,0.026052104208416832,agent_0002
41,469.0,0.02404809619238477,1.7846473263123608,0.2868409187771586,499,0.4729458917835671,0.24849699398797595,0.2545090180360721,0.02404809619238477,agent_0002
42,499.0,0.01002004008016032,1.690344748437188,0.27823569121384384,499,0.35470941883767537,0.2845691382765531,0.35070140280561124,0.01002004008016032,agent_0002
43,466.0,0.03206412825651302,1.9562055966398064,0.2698886204774285,499,0.34468937875751504,0.2985971943887776,0.3246492985971944,0.03206412825651302,agent_0002
44,478.0,0.026052104208416832,1.9691686500367855,0.26179196186310566,499,0.2905811623246493,0.3527054108216433,0.3306613226452906,0.026052104208416832,agent_0002
45,466.0,0.03807615230460922,2.1045703308649664,0.2539382030072125,499,0.30861723446893785,0.3366733466933868,0.3166332665330661,0.03807615230460922,agent_0002
46,478.0,0.028056112224448898,2.081653530860208,0.2463200569169961,499,0.2785571142284569,0.36072144288577157,0.33266533066132264,0.028056112224448898,agent_0002
47,472.0,0.028056112224448898,1.8679311970232195,0.23893045520948622,499,0.5571142284569138,0.21643286573146292,0.19839679358717435,0.028056112224448898,agent_0002
48,496.0,0.01603206412825651,1.9069466654857865,0.23176254155320164,499,0.3667334669338677,0.3066132264529058,0.3106212424849699,0.01603206412825651,agent_0002
49,472.0,0.03206412825651302,1.8959780456073398,0.2248096653066056,499,0.4028056112224449,0.280561122244489,0.2845691382765531,0.03206412825651302,agent_0002
50,493.0,0.012024048096192385,1.785312408815546,0.21806537534740741,499,0.36072144288577157,0.28857715430861725,0.33867735470941884,0.012024048096192385,agent_0002
51,475.0,0.022044088176352707,1.7990763660690667,0.2115234140869852,499,0.41282565130260523,0.28857715430861725,0.27655310621242485,0.022044088176352707,agent_0002
52,475.0,0.026052104208416832,1.8933063138592485,0.20517771166437562,499,0.3727454909819639,0.3166332665330661,0.2845691382765531,0.026052104208416832,agent_0002
53,478.0,0.026052104208416832,1.8589069357662347,0.19902238031444436,499,0.49899799599198397,0.24048096192384769,0.23446893787575152,0.026052104208416832,agent_0002
54,475.0,0.036072144288577156,2.06316544236846,0.19305170890501103,499,0.45490981963927857,0.23847695390781562,0.27054108216432865,0.036072144288577156,agent_0002
55,490.0,0.012024048096192385,1.677931874883356,0.1872601576378607,499,0.4468937875751503,0.23647294589178355,0.3046092184368738,0.012024048096192385,agent_0002
56,469.0,0.028056112224448898,1.9029674898232987,0.18164235290872485,499,0.46693386773547096,0.2545090180360721,0.250501002004008,0.028056112224448898,agent_0002
57,496.0,0.006012024048096192,1.61316828349014,0.1761930823214631,499,0.4849699398797595,0.22645290581162325,0.28256513026052105,0.006012024048096192,agent_0002
58,475.0,0.026052104208416832,1.842178958710747,0.17090728985181922,499,0.42084168336673344,0.2665330661322645,0.2865731462925852,0.026052104208416832,agent_0002
59,499.0,0.002004008016032064,1.6153744578139813,0.16578007115626464,499,0.27655310621242485,0.3286573146292585,0.3927855711422846,0.002004008016032064,agent_0002
60,463.0,0.026052104208416832,1.9026393313479613,0.1608066690215767,499,0.2725450901803607,0.342685370741483,0.3587174348697395,0.026052104208416832,agent_0002
61,496.0,0.008016032064128256,1.7684259644743456,0.1559824689509294,499,0.20641282565130262,0.37675350701402804,0.4088176352705411,0.008016032064128256,agent_0002
62,469.0,0.03006012024048096,1.9681032259272204,0.1513029948824015,499,0.3867735470941884,0.29458917835671344,0.28857715430861725,0.03006012024048096,agent_0002
63,493.0,0.006012024048096192,1.6575887779911593,0.14676390503592945,499,0.36072144288577157,0.3026052104208417,0.3306613226452906,0.006012024048096192,agent_0002
64,478.0,0.026052104208416832,1.8915309140521404,0.14236098788485158,499,0.33867735470941884,0.3106212424849699,0.3246492985971944,0.026052104208416832,agent_0002
65,493.0,0.01002004008016032,1.6755440601164608,0.13809015824830603,499,0.43887775551102204,0.27054108216432865,0.280561122244489,0.01002004008016032,agent_0002
66,466.0,0.03406813627254509,1.8985026751621155,0.13394745350085685,499,0.39879759519038077,0.2565130260521042,0.3106212424849699,0.03406813627254509,agent_0002
67,463.0,0.036072144288577156,1.8665266403785443,0.12992902989583113,499,0.6152304609218436,0.1743486973947896,0.1743486973947896,0.036072144288577156,agent_0002
68,487.0,0.018036072144288578,1.8151922252019108,0.1260311589989562,499,0.45090180360721444,0.280561122244489,0.250501002004008,0.018036072144288578,agent_0002
69,475.0,0.036072144288577156,2.0002674156670914,0.12225022422898751,499,0.3587174348697395,0.31462925851703405,0.2905811623246493,0.036072144288577156,agent_0002
70,463.0,0.03807615230460922,1.9378683838682322,0.11858271750211788,499,0.45691382765531063,0.24048096192384769,0.26452905811623245,0.03807615230460922,agent_0002
71,490.0,0.012024048096192385,1.681954694728041,0.11502523597705434,499,0.43286573146292584,0.24849699398797595,0.3066132264529058,0.012024048096192385,agent_0002
72,490.0,0.02404809619238477,1.7744857929254163,0.1115744788977427,499,0.5551102204408818,0.19839679358717435,0.22244488977955912,0.02404809619238477,agent_0002
73,466.0,0.03807615230460922,1.8667142047159342,0.10822724453081042,499,0.6653306613226453,0.1282565130260521,0.1683366733466934,0.03807615230460922,agent_0002
74,478.0,0.022044088176352707,1.766259525990877,0.10498042719488611,499,0.5050100200400801,0.22244488977955912,0.250501002004008,0.022044088176352707,agent_0002
75,481.0,0.02404809619238477,1.7865615950848102,0.10183101437903952,499,0.4849699398797595,0.24048096192384769,0.250501002004008,0.02404809619238477,agent_0002
76,469.0,0.03206412825651302,1.8645420953770095,0.09877608394766833,499,0.6152304609218436,0.16032064128256512,0.19238476953907815,0.03206412825651302,agent_0002
77,460.0,0.04208416833667335,1.9736291431513076,0.09581280142923829,499,0.7054108216432866,0.11022044088176353,0.14228456913827656,0.04208416833667335,agent_0002
78,478.0,0.02004008016032064,1.85722528901495,0.09293841738636113,499,0.33266533066132264,0.36472945891783565,0.28256513026052105,0.02004008016032064,agent_0002
79,493.0,0.01603206412825651,1.9323708793260999,0.09015026486477029,499,0.3066132264529058,0.3466933867735471,0.3306613226452906,0.01603206412825651,agent_0002
80,487.0,0.02004008016032064,1.8705256099477137,0.08744575691882718,499,0.3166332665330661,0.30861723446893785,0.35470941883767537,0.02004008016032064,agent_0002
81,472.0,0.028056112224448898,1.8658726584980772,0.08482238421126237,499,0.27655310621242485,0.30861723446893785,0.3867735470941884,0.028056112224448898,agent_0002
82,496.0,0.006012024048096192,1.7327924478293955,0.0822777126849245,499,0.3847695390781563,0.31462925851703405,0.29458917835671344,0.006012024048096192,agent_0002
83,493.0,0.012024048096192385,1.6116967295159785,0.07980938130437676,499,0.42084168336673344,0.24849699398797595,0.3186372745490982,0.012024048096192385,agent_0002
84,481.0,0.022044088176352707,1.838747763975877,0.07741509986524546,499,0.4529058116232465,0.2685370741482966,0.2565130260521042,0.022044088176352707,agent_0002
85,481.0,0.022044088176352707,1.693862612907447,0.0750926468692881,499,0.5370741482965932,0.2124248496993988,0.22845691382765532,0.022044088176352707,agent_0002
86,475.0,0.03006012024048096,1.9659354112672347,0.07283986746320946,499,0.3346693386773547,0.32064128256513025,0.31462925851703405,0.03006012024048096,agent_0002
87,496.0,0.004008016032064128,1.5725914167748167,0.07065467143931317,499,0.5230460921843687,0.23046092184368738,0.24248496993987975,0.004008016032064128,agent_0002
88,481.0,0.02004008016032064,1.7820354211966467,0.06853503129613378,499,0.41082164328657317,0.280561122244489,0.28857715430861725,0.02004008016032064,agent_0002
89,490.0,0.01002004008016032,1.6385693373933872,0.06647898035724976,499,0.4649298597194389,0.2565130260521042,0.2685370741482966,0.01002004008016032,agent_0002
90,490.0,0.01603206412825651,1.7890487380285058,0.06448461094653227,499,0.3727454909819639,0.2605210420841683,0.35070140280561124,0.01603206412825651,agent_0002
91,493.0,0.006012024048096192,1.6512172189534982,0.06255007261813629,499,0.46092184368737477,0.26452905811623245,0.2685370741482966,0.006012024048096192,agent_0002
92,487.0,0.02404809619238477,1.8169537112671243,0.0606735704395922,499,0.4909819639278557,0.22444889779559118,0.2605210420841683,0.02404809619238477,agent_0002
93,472.0,0.028056112224448898,1.8587345874425167,0.05885336332640443,499,0.48296593186372744,0.22244488977955912,0.2665330661322645,0.028056112224448898,agent_0002
94,499.0,0.004008016032064128,1.6882999626346176,0.057087762426612294,499,0.4308617234468938,0.2785571142284569,0.2865731462925852,0.004008016032064128,agent_0002
95,481.0,0.02404809619238477,1.8258783567017272,0.05537512955381393,499,0.4188376753507014,0.24649298597194388,0.3106212424849699,0.02404809619238477,agent_0002
96,457.0,0.03807615230460922,1.9316376327861604,0.053713875667199505,499,0.37675350701402804,0.2905811623246493,0.29458917835671344,0.03807615230460922,agent_0002
97,487.0,0.018036072144288578,1.80844911689781,0.05210245939718352,499,0.6032064128256514,0.1683366733466934,0.21042084168336672,0.018036072144288578,agent_0002
98,484.0,0.022044088176352707,1.7427185966421812,0.05053938561526801,499,0.685370741482966,0.13827655310621242,0.15430861723446893,0.022044088176352707,agent_0002
99,490.0,0.012024048096192385,1.6434492012327648,0.05,499,0.6693386773547094,0.1743486973947896,0.14428857715430862,0.012024048096192385,agent_0002
100,466.0,0.028056112224448898,1.7928099920516134,0.05,499,0.48897795591182364,0.23446893787575152,0.24849699398797595,0.028056112224448898,agent_0002
101,484.0,0.022044088176352707,1.761235353131667,0.05,499,0.5551102204408818,0.22244488977955912,0.20040080160320642,0.022044088176352707,agent_0002
102,487.0,0.01603206412825651,1.7565211401293919,0.05,499,0.6412825651302605,0.19238476953907815,0.15030060120240482,0.01603206412825651,agent_0002
103,487.0,0.014028056112224449,1.6645512329926464,0.05,499,0.5490981963927856,0.24248496993987975,0.19438877755511022,0.014028056112224449,agent_0002
104,487.0,0.014028056112224449,1.661362935644541,0.05,499,0.6673346693386774,0.13627254509018036,0.18236472945891782,0.014028056112224449,agent_0002
105,484.0,0.014028056112224449,1.6852426004166725,0.05,499,0.4909819639278557,0.23647294589178355,0.25851703406813625,0.014028056112224449,agent_0002
106,478.0,0.022044088176352707,1.7653586470072813,0.05,499,0.503006012024048,0.23046092184368738,0.24448897795591182,0.022044088176352707,agent_0002
107,463.0,0.04008016032064128,1.9336649445852814,0.05,499,0.5490981963927856,0.19839679358717435,0.2124248496993988,0.04008016032064128,agent_0002
108,481.0,0.022044088176352707,1.7999554188328732,0.05,499,0.49899799599198397,0.24448897795591182,0.23446893787575152,0.022044088176352707,agent_0002
109,469.0,0.036072144288577156,1.889980540959552,0.05,499,0.4408817635270541,0.23046092184368738,0.2925851703406814,0.036072144288577156,agent_0002
110,490.0,0.01603206412825651,1.7750300466025284,0.05,499,0.35470941883767537,0.29458917835671344,0.3346693386773547,0.01603206412825651,agent_0002
111,487.0,0.018036072144288578,1.7678588027877287,0.05,499,0.5691382765531062,0.20440881763527055,0.20841683366733466,0.018036072144288578,agent_0002
112,481.0,0.022044088176352707,1.874459763375626,0.05,499,0.42084168336673344,0.29458917835671344,0.2625250501002004,0.022044088176352707,agent_0002
113,481.0,0.022044088176352707,1.7652229885797508,0.05,499,0.47695390781563124,0.2745490981963928,0.22645290581162325,0.022044088176352707,agent_0002
114,478.0,0.022044088176352707,1.7724917581377868,0.05,499,0.5671342685370742,0.19839679358717435,0.2124248496993988,0.022044088176352707,agent_0002
115,478.0,0.022044088176352707,1.7362930924538118,0.05,499,0.5150300601202404,0.24048096192384769,0.22244488977955912,0.022044088176352707,agent_0002
116,463.0,0.036072144288577156,1.9267101213888131,0.05,499,0.3687374749498998,0.3186372745490982,0.27655310621242485,0.036072144288577156,agent_0002
117,499.0,0.004008016032064128,1.6448906616423193,0.05,499,0.3847695390781563,0.2785571142284569,0.33266533066132264,0.004008016032064128,agent_0002
118,499.0,0.01603206412825651,1.8377075747570608,0.05,499,0.5470941883767535,0.23847695390781562,0.19839679358717435,0.01603206412825651,agent_0002
119,472.0,0.03006012024048096,1.8987449914435015,0.05,499,0.48296593186372744,0.24248496993987975,0.24448897795591182,0.03006012024048096,agent_0002
0,484.0,0.02404809619238477,1.8033100485266476,1.0,499,0.4789579158316633,0.2625250501002004,0.23446893787575152,0.02404809619238477,agent_0003
1,490.0,0.014028056112224449,1.7364239212409747,0.97,499,0.4729458917835671,0.25851703406813625,0.2545090180360721,0.014028056112224449,agent_0003
2,454.0,0.03807615230460922,1.908217956063758,0.9409,499,0.45090180360721444,0.280561122244489,0.23046092184368738,0.03807615230460922,agent_0003
3,484.0,0.018036072144288578,1.8048115348775244,0.912673,499,0.43887775551102204,0.2665330661322645,0.27655310621242485,0.018036072144288578,agent_0003
4,490.0,0.012024048096192385,1.7380738571342076,0.8852928099999999,499,0.4348697394789579,0.2565130260521042,0.2965931863727455,0.012024048096192385,agent_0003
5,478.0,0.026052104208416832,1.7811772285278389,0.8587340256999999,499,0.40681362725450904,0.2785571142284569,0.28857715430861725,0.026052104208416832,agent_0003
6,472.0,0.03206412825651302,1.8638109949271746,0.8329720049289999,499,0.49298597194388777,0.2745490981963928,0.20040080160320642,0.03206412825651302,agent_0003
7,457.0,0.04008016032064128,1.9409394622748892,0.8079828447811299,499,0.5210420841683366,0.23446893787575152,0.20440881763527055,0.04008016032064128,agent_0003
8,469.0,0.028056112224448898,1.8210230379492787,0.783743359437696,499,0.45490981963927857,0.23847695390781562,0.2785571142284569,0.028056112224448898,agent_0003
9,490.0,0.012024048096192385,1.747310426203309,0.7602310586545651,499,0.43687374749499,0.28857715430861725,0.2625250501002004,0.012024048096192385,agent_0003
10,472.0,0.03406813627254509,1.9845310150685722,0.7374241268949281,499,0.4749498997995992,0.20841683366733466,0.28256513026052105,0.03406813627254509,agent_0003
11,493.0,0.01002004008016032,1.685938722365862,0.7153014030880802,499,0.43887775551102204,0.27054108216432865,0.280561122244489,0.01002004008016032,agent_0003
12,469.0,0.03006012024048096,1.7467205029802642,0.6938423609954378,499,0.4969939879759519,0.18236472945891782,0.2905811623246493,0.03006012024048096,agent_0003
13,490.0,0.01002004008016032,1.6370632036735429,0.6730270901655747,499,0.5190380761523046,0.2124248496993988,0.25851703406813625,0.01002004008016032,agent_0003
14,466.0,0.03206412825651302,1.756651248200917,0.6528362774606075,499,0.4589178356713427,0.2124248496993988,0.2965931863727455,0.03206412825651302,agent_0003
15,451.0,0.04408817635270541,1.9919069398686207,0.6332511891367892,499,0.4308617234468938,0.2685370741482966,0.2565130260521042,0.04408817635270541,agent_0003
16,484.0,0.02004008016032064,1.8398175335419773,0.6142536534626856,499,0.4348697394789579,0.32064128256513025,0.22444889779559118,0.02004008016032064,agent_0003
17,454.0,0.04008016032064128,1.9664629922903247,0.595826043858805,499,0.44889779559118237,0.2605210420841683,0.250501002004008,0.04008016032064128,agent_0003
18,472.0,0.03406813627254509,1.9761488025695242,0.5779512625430409,499,0.46092184368737477,0.23847695390781562,0.2665330661322645,0.03406813627254509,agent_0003
19,481.0,0.028056112224448898,1.815802107224527,0.5606127246667496,499,0.45490981963927857,0.2785571142284569,0.23847695390781562,0.028056112224448898,agent_0003
20,445.0,0.05811623246492986,2.2177770694581374,0.5437943429267471,499,0.43887775551102204,0.2745490981963928,0.22845691382765532,0.05811623246492986,agent_0003
21,484.0,0.01603206412825651,1.6345048730929699,0.5274805126389447,499,0.4749498997995992,0.23446893787575152,0.2745490981963928,0.01603206412825651,agent_0003
22,481.0,0.018036072144288578,1.6789327053885077,0.5116560972597763,499,0.5891783567134269,0.18837675350701402,0.20440881763527055,0.018036072144288578,agent_0003
23,481.0,0.026052104208416832,1.867532609330635,0.496306414341983,499,0.5170340681362725,0.2545090180360721,0.20240480961923848,0.026052104208416832,agent_0003
24,469.0,0.028056112224448898,1.851341985727155,0.48141722191172354,499,0.43286573146292584,0.25851703406813625,0.280561122244489,0.028056112224448898,agent_0003
25,466.0,0.036072144288577156,1.9089261012917162,0.4669747052543718,499,0.42685370741482964,0.28857715430861725,0.24849699398797595,0.036072144288577156,agent_0003
26,490.0,0.008016032064128256,1.622598480489551,0.4529654640967406,499,0.5170340681362725,0.23246492985971945,0.24248496993987975,0.008016032064128256,agent_0003
27,475.0,0.028056112224448898,1.81273494680514,0.4393765001738384,499,0.5531062124248497,0.22244488977955912,0.1963927855711423,0.028056112224448898,agent_0003
28,487.0,0.01603206412825651,1.695737476478172,0.42619520516862325,499,0.48296593186372744,0.250501002004008,0.250501002004008,0.01603206412825651,agent_0003
29,475.0,0.018036072144288578,1.7444371055743428,0.4134093490135645,499,0.4729458917835671,0.2665330661322645,0.24248496993987975,0.018036072144288578,agent_0003
30,475.0,0.03006012024048096,1.932276797528721,0.4010070685431576,499,0.39478957915831664,0.2665330661322645,0.30861723446893785,0.03006012024048096,agent_0003
31,481.0,0.022044088176352707,1.9011196160642065,0.38897685648686287,499,0.4649298597194389,0.24849699398797595,0.26452905811623245,0.022044088176352707,agent_0003
32,493.0,0.008016032064128256,1.6781528226344302,0.377307550792257,499,0.46893787575150303,0.27655310621242485,0.24649298597194388,0.008016032064128256,agent_0003
33,481.0,0.01603206412825651,1.681939298104826,0.36598832426848926,499,0.49298597194388777,0.250501002004008,0.24048096192384769,0.01603206412825651,agent_0003
34,478.0,0.022044088176352707,1.840648629064236,0.35500867454043455,499,0.43687374749499,0.2685370741482966,0.2725450901803607,0.022044088176352707,agent_0003
35,493.0,0.01603206412825651,1.763269472249642,0.3443584143042215,499,0.48096192384769537,0.2745490981963928,0.22845691382765532,0.01603206412825651,agent_0003
36,469.0,0.03006012024048096,1.8793604846219978,0.3340276618750948,499,0.4348697394789579,0.24448897795591182,0.2905811623246493,0.03006012024048096,agent_0003
37,493.0,0.01002004008016032,1.6409995947796672,0.32400683201884195,499,0.3366733466933868,0.2925851703406814,0.36072144288577157,0.01002004008016032,agent_0003
38,496.0,0.008016032064128256,1.5488152661794758,0.3142866270582767,499,0.5851703406813628,0.18236472945891782,0.22444889779559118,0.008016032064128256,agent_0003
39,469.0,0.026052104208416832,1.7955175255854698,0.3048580282465284,499,0.749498997995992,0.11022044088176353,0.11422845691382766,0.026052104208416832,agent_0003
40,463.0,0.03006012024048096,1.844961841992701,0.2957122873991326,499,0.48697394789579157,0.2545090180360721,0.22845691382765532,0.03006012024048096,agent_0003
41,499.0,0.01002004008016032,1.6962918652460381,0.2868409187771586,499,0.4468937875751503,0.2685370741482966,0.2745490981963928,0.01002004008016032,agent_0003
42,466.0,0.03206412825651302,1.9314901563043887,0.27823569121384384,499,0.35470941883767537,0.2785571142284569,0.3346693386773547,0.03206412825651302,agent_0003
43,472.0,0.03006012024048096,1.900072552745176,0.2698886204774285,499,0.3847695390781563,0.2985971943887776,0.2865731462925852,0.03006012024048096,agent_0003
44,472.0,0.03406813627254509,1.9879540090215344,0.26179196186310566,499,0.4028056112224449,0.2785571142284569,0.2845691382765531,0.03406813627254509,agent_0003
45,469.0,0.03406813627254509,2.053720907250919,0.2539382030072125,499,0.3406813627254509,0.30861723446893785,0.3166332665330661,0.03406813627254509,agent_0003
46,475.0,0.028056112224448898,1.9555341863844955,0.2463200569169961,499,0.4969939879759519,0.23647294589178355,0.23847695390781562,0.028056112224448898,agent_0003
47,496.0,0.01603206412825651,1.8596713580830495,0.23893045520948622,499,0.49298597194388777,0.24048096192384769,0.250501002004008,0.01603206412825651,agent_0003
48,469.0,0.03406813627254509,1.8231960299968388,0.23176254155320164,499,0.5430861723446894,0.17635270541082165,0.24649298597194388,0.03406813627254509,agent_0003
49,493.0,0.012024048096192385,1.7121368624194873,0.2248096653066056,499,0.4709418837675351,0.24248496993987975,0.2745490981963928,0.012024048096192385,agent_0003
50,475.0,0.022044088176352707,1.708029867979978,0.21806537534740741,499,0.533066132264529,0.2124248496993988,0.23246492985971945,0.022044088176352707,agent_0003
51,478.0,0.02404809619238477,1.7930383320782313,0.2115234140869852,499,0.4749498997995992,0.26452905811623245,0.23647294589178355,0.02404809619238477,agent_0003
52,478.0,0.026052104208416832,1.9185077726411164,0.20517771166437562,499,0.3907815631262525,0.28857715430861725,0.29458917835671344,0.026052104208416832,agent_0003
53,475.0,0.03206412825651302,2.057227225609338,0.19902238031444436,499,0.38877755511022044,0.31462925851703405,0.26452905811623245,0.03206412825651302,agent_0003
54,490.0,0.012024048096192385,1.6481347252261753,0.19305170890501103,499,0.6312625250501002,0.16633266533066132,0.1903807615230461,0.012024048096192385,agent_0003
55,466.0,0.03006012024048096,1.8473906931356372,0.1872601576378607,499,0.4789579158316633,0.24849699398797595,0.24248496993987975,0.03006012024048096,agent_0003
56,496.0,0.006012024048096192,1.5946309680615638,0.18164235290872485,499,0.5691382765531062,0.1903807615230461,0.23446893787575152,0.006012024048096192,agent_0003
57,475.0,0.026052104208416832,1.8543689831606782,0.1761930823214631,499,0.47695390781563124,0.24448897795591182,0.25250501002004005,0.026052104208416832,agent_0003
58,499.0,0.0,1.5638445301446458,0.17090728985181922,499,0.3246492985971944,0.3246492985971944,0.35070140280561124,0.0,agent_0003
59,478.0,0.018036072144288578,1.8575232082277247,0.16578007115626464,499,0.3106212424849699,0.3346693386773547,0.3366733466933868,0.018036072144288578,agent_0003
60,496.0,0.008016032064128256,1.6359719417479985,0.1608066690215767,499,0.3847695390781563,0.2925851703406814,0.31462925851703405,0.008016032064128256,agent_0003
61,460.0,0.036072144288577156,2.024819929766924,0.1559824689509294,499,0.4148296593186373,0.2965931863727455,0.25250501002004005,0.036072144288577156,agent_0003
62,487.0,0.01002004008016032,1.707330837409639,0.1513029948824015,499,0.38877755511022044,0.3046092184368738,0.2965931863727455,0.01002004008016032,agent_0003
63,484.0,0.02004008016032064,1.8090604551362,0.14676390503592945,499,0.3847695390781563,0.28256513026052105,0.312625250501002,0.02004008016032064,agent_0003
64,493.0,0.01002004008016032,1.6646881311712545,0.14236098788485158,499,0.49498997995991983,0.24849699398797595,0.24649298597194388,0.01002004008016032,agent_0003
65,463.0,0.036072144288577156,1.9976746262619027,0.13809015824830603,499,0.374749498997996,0.2665330661322645,0.3226452905811623,0.036072144288577156,agent_0003
66,460.0,0.03807615230460922,2.0181899415907543,0.13394745350085685,499,0.3727454909819639,0.3186372745490982,0.27054108216432865,0.03807615230460922,agent_0003
67,487.0,0.02004008016032064,1.9203426840539677,0.12992902989583113,499,0.28256513026052105,0.34468937875751504,0.3527054108216433,0.02004008016032064,agent_0003
68,472.0,0.04008016032064128,1.9630687062557042,0.1260311589989562,499,0.40480961923847697,0.2745490981963928,0.280561122244489,0.04008016032064128,agent_0003
69,457.0,0.04208416833667335,1.9963495888566882,0.12225022422898751,499,0.40681362725450904,0.27054108216432865,0.280561122244489,0.04208416833667335,agent_0003
70,490.0,0.012024048096192385,1.8080841853120422,0.11858271750211788,499,0.2785571142284569,0.34468937875751504,0.36472945891783565,0.012024048096192385,agent_0003
71,490.0,0.02404809619238477,1.8529000843667105,0.11502523597705434,499,0.45490981963927857,0.2665330661322645,0.2545090180360721,0.02404809619238477,agent_0003
72,469.0,0.03206412825651302,1.9103076826505478,0.1115744788977427,499,0.4168336673346693,0.26452905811623245,0.2865731462925852,0.03206412825651302,agent_0003
73,478.0,0.022044088176352707,1.8303222091381264,0.10822724453081042,499,0.36472945891783565,0.3026052104208417,0.3106212424849699,0.022044088176352707,agent_0003
74,481.0,0.022044088176352707,1.8126585652150642,0.10498042719488611,499,0.4088176352705411,0.28857715430861725,0.280561122244489,0.022044088176352707,agent_0003
75,469.0,0.03206412825651302,1.9392887776427692,0.10183101437903952,499,0.42084168336673344,0.2605210420841683,0.2865731462925852,0.03206412825651302,agent_0003
76,460.0,0.04208416833667335,2.0498437250014074,0.09877608394766833,499,0.47695390781563124,0.22645290581162325,0.2545090180360721,0.04208416833667335,agent_0003
77,478.0,0.02004008016032064,1.8273953178750895,0.09581280142923829,499,0.3406813627254509,0.34468937875751504,0.29458917835671344,0.02004008016032064,agent_0003
78,484.0,0.022044088176352707,1.9349062893425204,0.09293841738636113,499,0.3527054108216433,0.342685370741483,0.28256513026052105,0.022044088176352707,agent_0003
79,481.0,0.02404809619238477,1.7670260589643698,0.09015026486477029,499,0.5671342685370742,0.1683366733466934,0.24048096192384769,0.02404809619238477,agent_0003
80,487.0,0.012024048096192385,1.617573538423524,0.08744575691882718,499,0.7374749498997996,0.1282565130260521,0.12224448897795591,0.012024048096192385,agent_0003
81,490.0,0.012024048096192385,1.7224724037256294,0.08482238421126237,499,0.49498997995991983,0.2685370741482966,0.22444889779559118,0.012024048096192385,agent_0003
82,490.0,0.01603206412825651,1.7071298462015485,0.0822777126849245,499,0.43887775551102204,0.26452905811623245,0.280561122244489,0.01603206412825651,agent_0003
83,475.0,0.026052104208416832,1.9175045662443164,0.07980938130437676,499,0.3727454909819639,0.3046092184368738,0.2965931863727455,0.026052104208416832,agent_0003
84,481.0,0.022044088176352707,1.7554623322627942,0.07741509986524546,499,0.4969939879759519,0.24649298597194388,0.23446893787575152,0.022044088176352707,agent_0003
85,475.0,0.03006012024048096,1.9052576853000665,0.0750926468692881,499,0.5951903807615231,0.19238476953907815,0.18236472945891782,0.03006012024048096,agent_0003
86,496.0,0.004008016032064128,1.5902412567341646,0.07283986746320946,499,0.5170340681362725,0.24048096192384769,0.23847695390781562,0.004008016032064128,agent_0003
87,481.0,0.022044088176352707,1.7865323259928967,0.07065467143931317,499,0.44288577154308617,0.2745490981963928,0.2605210420841683,0.022044088176352707,agent_0003
88,484.0,0.01603206412825651,1.791847493175175,0.06853503129613378,499,0.3687374749498998,0.31462925851703405,0.30060120240480964,0.01603206412825651,agent_0003
89,490.0,0.014028056112224449,1.7637513014705113,0.06647898035724976,499,0.3967935871743487,0.2685370741482966,0.32064128256513025,0.014028056112224449,agent_0003
90,475.0,0.02004008016032064,1.7430072771053036,0.06448461094653227,499,0.5230460921843687,0.23246492985971945,0.22444889779559118,0.02004008016032064,agent_0003
91,484.0,0.026052104208416832,1.85740640195206,0.06255007261813629,499,0.5070140280561122,0.22845691382765532,0.23847695390781562,0.026052104208416832,agent_0003
92,472.0,0.028056112224448898,1.835410757233942,0.0606735704395922,499,0.7234468937875751,0.10821643286573146,0.1402805611222445,0.028056112224448898,agent_0003
93,499.0,0.004008016032064128,1.6001341123944999,0.05885336332640443,499,0.7334669338677354,0.1342685370741483,0.1282565130260521,0.004008016032064128,agent_0003
94,478.0,0.026052104208416832,1.8792832637948773,0.057087762426612294,499,0.657314629258517,0.17234468937875752,0.14428857715430862,0.026052104208416832,agent_0003
95,454.0,0.04208416833667335,1.9605538061278134,0.05537512955381393,499,0.42685370741482964,0.2625250501002004,0.2685370741482966,0.04208416833667335,agent_0003
96,481.0,0.022044088176352707,1.8555996914314963,0.053713875667199505,499,0.4148296593186373,0.24248496993987975,0.32064128256513025,0.022044088176352707,agent_0003
97,481.0,0.026052104208416832,1.8321012023091394,0.05210245939718352,499,0.4969939879759519,0.23246492985971945,0.24448897795591182,0.026052104208416832,agent_0003
98,490.0,0.012024048096192385,1.592429332811736,0.05053938561526801,499,0.6593186372745491,0.1462925851703407,0.18236472945891782,0.012024048096192385,agent_0003
99,466.0,0.03006012024048096,1.8049072026567434,0.05,499,0.5490981963927856,0.21042084168336672,0.21042084168336672,0.03006012024048096,agent_0003
100,490.0,0.01603206412825651,1.6962673716558794,0.05,499,0.5591182364729459,0.22645290581162325,0.19839679358717435,0.01603206412825651,agent_0003
101,487.0,0.018036072144288578,1.8219182154873725,0.05,499,0.5370741482965932,0.2565130260521042,0.18837675350701402,0.018036072144288578,agent_0003
102,481.0,0.018036072144288578,1.7745055323621242,0.05,499,0.3587174348697395,0.33266533066132264,0.2905811623246493,0.018036072144288578,agent_0003
103,487.0,0.014028056112224449,1.8033372599737256,0.05,499,0.27054108216432865,0.3246492985971944,0.3907815631262525,0.014028056112224449,agent_0003
104,478.0,0.018036072144288578,1.816809338345078,0.05,499,0.3026052104208417,0.3406813627254509,0.33867735470941884,0.018036072144288578,agent_0003
105,478.0,0.022044088176352707,1.8500761629660147,0.05,499,0.2565130260521042,0.3306613226452906,0.3907815631262525,0.022044088176352707,agent_0003
106,454.0,0.04609218436873747,2.09555017306422,0.05,499,0.3046092184368738,0.2745490981963928,0.374749498997996,0.04609218436873747,agent_0003
107,472.0,0.03006012024048096,1.9380850687598559,0.05,499,0.39879759519038077,0.2985971943887776,0.2725450901803607,0.03006012024048096,agent_0003
108,454.0,0.04609218436873747,1.948875111760275,0.05,499,0.4749498997995992,0.20240480961923848,0.27655310621242485,0.04609218436873747,agent_0003
109,490.0,0.01603206412825651,1.7337546004746809,0.05,499,0.5290581162324649,0.22444889779559118,0.23046092184368738,0.01603206412825651,agent_0003
110,463.0,0.03406813627254509,1.9128853026842725,0.05,499,0.5050100200400801,0.218436873747495,0.24248496993987975,0.03406813627254509,agent_0003
111,472.0,0.03006012024048096,2.008894308213837,0.05,499,0.39879759519038077,0.2905811623246493,0.280561122244489,0.03006012024048096,agent_0003
112,496.0,0.01002004008016032,1.713051790113212,0.05,499,0.36072144288577157,0.3286573146292585,0.30060120240480964,0.01002004008016032,agent_0003
113,478.0,0.022044088176352707,1.885651854433267,0.05,499,0.35470941883767537,0.3106212424849699,0.312625250501002,0.022044088176352707,agent_0003
114,469.0,0.028056112224448898,1.7502061405315514,0.05,499,0.45090180360721444,0.2865731462925852,0.23446893787575152,0.028056112224448898,agent_0003
115,460.0,0.036072144288577156,1.856141089646634,0.05,499,0.47695390781563124,0.2605210420841683,0.22645290581162325,0.036072144288577156,agent_0003
116,499.0,0.004008016032064128,1.6405416596366493,0.05,499,0.4248496993987976,0.280561122244489,0.2905811623246493,0.004008016032064128,agent_0003
117,499.0,0.01603206412825651,1.920806424157391,0.05,499,0.2965931863727455,0.3406813627254509,0.3466933867735471,0.01603206412825651,agent_0003
118,484.0,0.02004008016032064,1.8553669855152444,0.05,499,0.3587174348697395,0.3246492985971944,0.2965931863727455,0.02004008016032064,agent_0003
119,472.0,0.03006012024048096,1.9736006253791634,0.05,499,0.3627254509018036,0.3466933867735471,0.2605210420841683,0.03006012024048096,agent_0003
0,490.0,0.014028056112224449,1.743223185072095,1.0,499,0.5090180360721442,0.23847695390781562,0.23847695390781562,0.014028056112224449,agent_0004
1,454.0,0.03807615230460922,1.9212480117381525,0.97,499,0.45490981963927857,0.27655310621242485,0.23046092184368738,0.03807615230460922,agent_0004
2,484.0,0.018036072144288578,1.7756968415743442,0.9409,499,0.46693386773547096,0.2685370741482966,0.24649298597194388,0.018036072144288578,agent_0004
3,490.0,0.012024048096192385,1.7510413550379276,0.912673,499,0.4028056112224449,0.2625250501002004,0.3226452905811623,0.012024048096192385,agent_0004
4,478.0,0.026052104208416832,1.7317594570135926,0.8852928099999999,499,0.46292585170340683,0.24048096192384769,0.27054108216432865,0.026052104208416832,agent_0004
5,460.0,0.03807615230460922,1.9142805497687099,0.8587340256999999,499,0.47695390781563124,0.2845691382765531,0.20040080160320642,0.03807615230460922,agent_0004
6,457.0,0.04008016032064128,1.987334024912025,0.8329720049289999,499,0.4529058116232465,0.26452905811623245,0.24248496993987975,0.04008016032064128,agent_0004
7,469.0,0.028056112224448898,1.846343026470972,0.8079828447811299,499,0.4849699398797595,0.22845691382765532,0.25851703406813625,0.028056112224448898,agent_0004
8,490.0,0.012024048096192385,1.7400120773011942,0.783743359437696,499,0.501002004008016,0.25250501002004005,0.23446893787575152,0.012024048096192385,agent_0004
9,469.0,0.036072144288577156,2.0146834438200893,0.7602310586545651,499,0.49498997995991983,0.21042084168336672,0.25851703406813625,0.036072144288577156,agent_0004
10,493.0,0.01002004008016032,1.6348603632116656,0.7374241268949281,499,0.5450901803607214,0.21042084168336672,0.23446893787575152,0.01002004008016032,agent_0004
11,469.0,0.03006012024048096,1.8002183763058028,0.7153014030880802,499,0.40681362725450904,0.23246492985971945,0.3306613226452906,0.03006012024048096,agent_0004
12,487.0,0.012024048096192385,1.7498515364623064,0.6938423609954378,499,0.41282565130260523,0.28256513026052105,0.2925851703406814,0.012024048096192385,agent_0004
13,466.0,0.03406813627254509,1.8218274543872979,0.6730270901655747,499,0.4348697394789579,0.24649298597194388,0.2845691382765531,0.03406813627254509,agent_0004
14,454.0,0.04008016032064128,1.9461601958738581,0.6528362774606075,499,0.4468937875751503,0.26452905811623245,0.24849699398797595,0.04008016032064128,agent_0004
15,484.0,0.02004008016032064,1.8278298389042273,0.6332511891367892,499,0.4308617234468938,0.29458917835671344,0.2545090180360721,0.02004008016032064,agent_0004
16,454.0,0.04008016032064128,1.9467667469289542,0.6142536534626856,499,0.5090180360721442,0.22044088176352705,0.23046092184368738,0.04008016032064128,agent_0004
17,472.0,0.03406813627254509,1.9442521440190752,0.595826043858805,499,0.5110220440881763,0.23046092184368738,0.22444889779559118,0.03406813627254509,agent_0004
18,475.0,0.03406813627254509,1.866212878496965,0.5779512625430409,499,0.4789579158316633,0.2545090180360721,0.23246492985971945,0.03406813627254509,agent_0004
19,445.0,0.06012024048096192,2.221894243821725,0.5606127246667496,499,0.46693386773547096,0.26452905811623245,0.20841683366733466,0.06012024048096192,agent_0004
20,472.0,0.028056112224448898,1.8496531282331836,0.5437943429267471,499,0.3466933867735471,0.3066132264529058,0.3186372745490982,0.028056112224448898,agent_0004
21,481.0,0.018036072144288578,1.6990496176078487,0.5274805126389447,499,0.5090180360721442,0.218436873747495,0.2545090180360721,0.018036072144288578,agent_0004
22,475.0,0.03006012024048096,1.8844429984689195,0.5116560972597763,499,0.46893787575150303,0.25851703406813625,0.24248496993987975,0.03006012024048096,agent_0004
23,469.0,0.028056112224448898,1.8214750521537826,0.496306414341983,499,0.46693386773547096,0.22444889779559118,0.280561122244489,0.028056112224448898,agent_0004
24,466.0,0.036072144288577156,1.8922221779365511,0.48141722191172354,499,0.5170340681362725,0.23246492985971945,0.21442885771543085,0.036072144288577156,agent_0004
25,490.0,0.008016032064128256,1.6563854149044077,0.4669747052543718,499,0.45691382765531063,0.250501002004008,0.2845691382765531,0.008016032064128256,agent_0004
26,478.0,0.026052104208416832,1.8893384752537927,0.4529654640967406,499,0.4028056112224449,0.3046092184368738,0.2665330661322645,0.026052104208416832,agent_0004
27,487.0,0.01603206412825651,1.7195541947286486,0.4393765001738384,499,0.4088176352705411,0.280561122244489,0.29458917835671344,0.01603206412825651,agent_0004
28,475.0,0.018036072144288578,1.805855195648237,0.42619520516862325,499,0.37675350701402804,0.32665330661322645,0.2785571142284569,0.018036072144288578,agent_0004
29,466.0,0.03807615230460922,2.0092154567565244,0.4134093490135645,499,0.3967935871743487,0.2685370741482966,0.2965931863727455,0.03807615230460922,agent_0004
30,481.0,0.022044088176352707,1.84398545374123,0.4010070685431576,499,0.4649298597194389,0.23046092184368738,0.28256513026052105,0.022044088176352707,agent_0004
31,496.0,0.006012024048096192,1.5938867394049372,0.38897685648686287,499,0.591182364729459,0.19238476953907815,0.21042084168336672,0.006012024048096192,agent_0004
32,484.0,0.014028056112224449,1.689378813603522,0.377307550792257,499,0.3967935871743487,0.2985971943887776,0.2905811623246493,0.014028056112224449,agent_0004
33,478.0,0.022044088176352707,1.8732021468161346,0.36598832426848926,499,0.3907815631262525,0.2965931863727455,0.2905811623246493,0.022044088176352707,agent_0004
34,493.0,0.01603206412825651,1.7775616458604746,0.35500867454043455,499,0.3867735470941884,0.2965931863727455,0.30060120240480964,0.01603206412825651,agent_0004
35,469.0,0.03006012024048096,1.8504669327880994,0.3443584143042215,499,0.5050100200400801,0.23446893787575152,0.23046092184368738,0.03006012024048096,agent_0004
36,493.0,0.012024048096192385,1.635560749588344,0.3340276618750948,499,0.5210420841683366,0.21442885771543085,0.25250501002004005,0.012024048096192385,agent_0004
37,493.0,0.014028056112224449,1.6738839485012498,0.32400683201884195,499,0.41282565130260523,0.2965931863727455,0.27655310621242485,0.014028056112224449,agent_0004
38,469.0,0.026052104208416832,1.894889467535187,0.3142866270582767,499,0.42685370741482964,0.312625250501002,0.23446893787575152,0.026052104208416832,agent_0004
39,469.0,0.026052104208416832,1.8566954724946108,0.3048580282465284,499,0.35470941883767537,0.312625250501002,0.3066132264529058,0.026052104208416832,agent_0004
40,493.0,0.01603206412825651,1.7322359247505335,0.2957122873991326,499,0.3787575150300601,0.2725450901803607,0.33266533066132264,0.01603206412825651,agent_0004
41,466.0,0.03206412825651302,1.8435979618342975,0.2868409187771586,499,0.44889779559118237,0.24448897795591182,0.2745490981963928,0.03206412825651302,agent_0004
42,478.0,0.026052104208416832,1.925019701797943,0.27823569121384384,499,0.39478957915831664,0.30060120240480964,0.2785571142284569,0.026052104208416832,agent_0004
43,472.0,0.036072144288577156,1.959353976763419,0.2698886204774285,499,0.46693386773547096,0.23647294589178355,0.2605210420841683,0.036072144288577156,agent_0004
44,469.0,0.03406813627254509,2.057394643806116,0.26179196186310566,499,0.45090180360721444,0.28857715430861725,0.22645290581162325,0.03406813627254509,agent_0004
45,475.0,0.028056112224448898,1.9344637406814815,0.2539382030072125,499,0.4529058116232465,0.2605210420841683,0.25851703406813625,0.028056112224448898,agent_0004
46,496.0,0.01603206412825651,1.8657966737900546,0.2463200569169961,499,0.4849699398797595,0.23246492985971945,0.2665330661322645,0.01603206412825651,agent_0004
47,469.0,0.03406813627254509,1.9123306160309377,0.23893045520948622,499,0.47695390781563124,0.22244488977955912,0.2665330661322645,0.03406813627254509,agent_0004
48,490.0,0.01603206412825651,1.8765669648602925,0.23176254155320164,499,0.3246492985971944,0.3306613226452906,0.3286573146292585,0.01603206412825651,agent_0004
49,475.0,0.022044088176352707,1.7169065909912669,0.2248096653066056,499,0.44488977955911824,0.2605210420841683,0.2725450901803607,0.022044088176352707,agent_0004
50,478.0,0.02404809619238477,1.9241770735171135,0.21806537534740741,499,0.33266533066132264,0.3486973947895792,0.29458917835671344,0.02404809619238477,agent_0004
51,472.0,0.03206412825651302,1.8533620200954968,0.2115234140869852,499,0.655310621242485,0.13026052104208416,0.18236472945891782,0.03206412825651302,agent_0004
52,475.0,0.028056112224448898,1.9254979069032754,0.20517771166437562,499,0.5370741482965932,0.23446893787575152,0.20040080160320642,0.028056112224448898,agent_0004
53,490.0,0.014028056112224449,1.7014894667945442,0.19902238031444436,499,0.5511022044088176,0.20040080160320642,0.23446893787575152,0.014028056112224449,agent_0004
54,469.0,0.028056112224448898,1.9133782736630776,0.19305170890501103,499,0.38276553106212424,0.2965931863727455,0.2925851703406814,0.028056112224448898,agent_0004
55,496.0,0.006012024048096192,1.6170424317299885,0.1872601576378607,499,0.4589178356713427,0.22845691382765532,0.3066132264529058,0.006012024048096192,agent_0004
56,472.0,0.03206412825651302,1.988140332388463,0.18164235290872485,499,0.31462925851703405,0.312625250501002,0.3406813627254509,0.03206412825651302,agent_0004
57,493.0,0.008016032064128256,1.5936353447972773,0.1761930823214631,499,0.4348697394789579,0.2545090180360721,0.3026052104208417,0.008016032064128256,agent_0004
58,475.0,0.02004008016032064,1.7222087398585197,0.17090728985181922,499,0.5651302605210421,0.19238476953907815,0.22244488977955912,0.02004008016032064,agent_0004
59,496.0,0.008016032064128256,1.593750241864886,0.16578007115626464,499,0.44288577154308617,0.25851703406813625,0.2905811623246493,0.008016032064128256,agent_0004
60,469.0,0.03006012024048096,1.9009504726067172,0.1608066690215767,499,0.5490981963927856,0.22444889779559118,0.1963927855711423,0.03006012024048096,agent_0004
61,487.0,0.01002004008016032,1.5854361080258428,0.1559824689509294,499,0.6012024048096193,0.1843687374749499,0.20440881763527055,0.01002004008016032,agent_0004
62,484.0,0.022044088176352707,1.7901921570655395,0.1513029948824015,499,0.5651302605210421,0.22044088176352705,0.19238476953907815,0.022044088176352707,agent_0004
63,493.0,0.01002004008016032,1.6586081866951052,0.14676390503592945,499,0.5130260521042084,0.24649298597194388,0.23046092184368738,0.01002004008016032,agent_0004
64,466.0,0.03406813627254509,1.9038088364695878,0.14236098788485158,499,0.4408817635270541,0.22444889779559118,0.30060120240480964,0.03406813627254509,agent_0004
65,457.0,0.04008016032064128,1.9728397375760223,0.13809015824830603,499,0.4969939879759519,0.24448897795591182,0.218436873747495,0.04008016032064128,agent_0004
66,487.0,0.018036072144288578,1.7710435249387941,0.13394745350085685,499,0.5370741482965932,0.218436873747495,0.22645290581162325,0.018036072144288578,agent_0004
67,475.0,0.03807615230460922,1.9362310969492675,0.12992902989583113,499,0.48096192384769537,0.250501002004008,0.23046092184368738,0.03807615230460922,agent_0004
68,475.0,0.03006012024048096,1.8155618056213285,0.1260311589989562,499,0.5470941883767535,0.19438877755511022,0.22845691382765532,0.03006012024048096,agent_0004
69,490.0,0.012024048096192385,1.7042943463419304,0.12225022422898751,499,0.503006012024048,0.24048096192384769,0.24448897795591182,0.012024048096192385,agent_0004
70,478.0,0.03406813627254509,1.8676292030962336,0.11858271750211788,499,0.5511022044088176,0.20440881763527055,0.21042084168336672,0.03406813627254509,agent_0004
71,475.0,0.028056112224448898,1.9649658174326994,0.11502523597705434,499,0.3927855711422846,0.2905811623246493,0.28857715430861725,0.028056112224448898,agent_0004
72,478.0,0.022044088176352707,1.7908289805533124,0.1115744788977427,499,0.4348697394789579,0.2665330661322645,0.27655310621242485,0.022044088176352707,agent_0004
73,478.0,0.028056112224448898,1.859397698634626,0.10822724453081042,499,0.5070140280561122,0.22444889779559118,0.24048096192384769,0.028056112224448898,agent_0004
74,469.0,0.03206412825651302,1.958681332497086,0.10498042719488611,499,0.37675350701402804,0.2925851703406814,0.2985971943887776,0.03206412825651302,agent_0004
75,460.0,0.04408817635270541,2.1790972281263064,0.10183101437903952,499,0.3406813627254509,0.2965931863727455,0.3186372745490982,0.04408817635270541,agent_0004
76,475.0,0.02404809619238477,1.7400905747649087,0.09877608394766833,499,0.5511022044088176,0.23647294589178355,0.18837675350701402,0.02404809619238477,agent_0004
77,481.0,0.02404809619238477,1.8461986096787766,0.09581280142923829,499,0.533066132264529,0.23246492985971945,0.21042084168336672,0.02404809619238477,agent_0004
78,487.0,0.02004008016032064,1.8503905612464204,0.09293841738636113,499,0.4188376753507014,0.2545090180360721,0.3066132264529058,0.02004008016032064,agent_0004
79,472.0,0.028056112224448898,1.783560124674766,0.09015026486477029,499,0.4969939879759519,0.23246492985971945,0.24248496993987975,0.028056112224448898,agent_0004
80,496.0,0.006012024048096192,1.645563305505365,0.08744575691882718,499,0.5591182364729459,0.24448897795591182,0.1903807615230461,0.006012024048096192,agent_0004
81,490.0,0.014028056112224449,1.6610353876449,0.08482238421126237,499,0.5671342685370742,0.22244488977955912,0.1963927855711423,0.014028056112224449,agent_0004
82,475.0,0.026052104208416832,1.8943779829706706,0.0822777126849245,499,0.40080160320641284,0.2925851703406814,0.280561122244489,0.026052104208416832,agent_0004
83,481.0,0.022044088176352707,1.9040842474073458,0.07980938130437676,499,0.280561122244489,0.3527054108216433,0.34468937875751504,0.022044088176352707,agent_0004
84,475.0,0.03006012024048096,1.944331568080724,0.07741509986524546,499,0.3306613226452906,0.2905811623246493,0.3486973947895792,0.03006012024048096,agent_0004
85,496.0,0.004008016032064128,1.646759822031813,0.0750926468692881,499,0.3026052104208417,0.34468937875751504,0.3486973947895792,0.004008016032064128,agent_0004
86,481.0,0.022044088176352707,1.8458399375864698,0.07283986746320946,499,0.18837675350701402,0.34468937875751504,0.44488977955911824,0.022044088176352707,agent_0004
87,487.0,0.012024048096192385,1.7951749330049869,0.07065467143931317,499,0.28857715430861725,0.35671342685370744,0.342685370741483,0.012024048096192385,agent_0004
88,490.0,0.01603206412825651,1.8023395999384173,0.06853503129613378,499,0.3466933867735471,0.2925851703406814,0.34468937875751504,0.01603206412825651,agent_0004
89,493.0,0.006012024048096192,1.5680491107012207,0.06647898035724976,499,0.5651302605210421,0.1903807615230461,0.23847695390781562,0.006012024048096192,agent_0004
90,487.0,0.02404809619238477,1.9067357361398276,0.06448461094653227,499,0.37675350701402804,0.312625250501002,0.2865731462925852,0.02404809619238477,agent_0004
91,472.0,0.028056112224448898,1.9416937226047888,0.06255007261813629,499,0.4228456913827655,0.2625250501002004,0.2865731462925852,0.028056112224448898,agent_0004
92,499.0,0.004008016032064128,1.6828223856618916,0.0606735704395922,499,0.47695390781563124,0.2665330661322645,0.25250501002004005,0.004008016032064128,agent_0004
93,478.0,0.026052104208416832,1.9015765577493402,0.05885336332640443,499,0.4228456913827655,0.280561122244489,0.27054108216432865,0.026052104208416832,agent_0004
94,454.0,0.04208416833667335,2.004018449587389,0.057087762426612294,499,0.2985971943887776,0.2785571142284569,0.3807615230460922,0.04208416833667335,agent_0004
95,481.0,0.022044088176352707,1.9045830710678706,0.05537512955381393,499,0.3927855711422846,0.2665330661322645,0.3186372745490982,0.022044088176352707,agent_0004
96,481.0,0.026052104208416832,1.8153542939719511,0.053713875667199505,499,0.4749498997995992,0.23647294589178355,0.2625250501002004,0.026052104208416832,agent_0004
97,493.0,0.01002004008016032,1.5963774057645097,0.05210245939718352,499,0.4909819639278557,0.23046092184368738,0.2685370741482966,0.01002004008016032,agent_0004
98,466.0,0.028056112224448898,1.8261451757081502,0.05053938561526801,499,0.44288577154308617,0.2605210420841683,0.2685370741482966,0.028056112224448898,agent_0004
99,490.0,0.014028056112224449,1.7440608197364815,0.05,499,0.42084168336673344,0.2745490981963928,0.2905811623246493,0.014028056112224449,agent_0004
100,487.0,0.018036072144288578,1.8415543122387295,0.05,499,0.4248496993987976,0.3166332665330661,0.24048096192384769,0.018036072144288578,agent_0004
101,481.0,0.018036072144288578,1.817535440234429,0.05,499,0.29458917835671344,0.3346693386773547,0.3527054108216433,0.018036072144288578,agent_0004
102,487.0,0.014028056112224449,1.8002213878249107,0.05,499,0.2745490981963928,0.32064128256513025,0.3907815631262525,0.014028056112224449,agent_0004
103,490.0,0.01002004008016032,1.634625149962919,0.05,499,0.46693386773547096,0.22645290581162325,0.2965931863727455,0.01002004008016032,agent_0004
104,478.0,0.022044088176352707,1.7468023787272062,0.05,499,0.48296593186372744,0.23046092184368738,0.26452905811623245,0.022044088176352707,agent_0004
105,457.0,0.04408817635270541,2.073602290547539,0.05,499,0.3486973947895792,0.250501002004008,0.35671342685370744,0.04408817635270541,agent_0004
106,481.0,0.022044088176352707,1.8392136508022336,0.05,499,0.3527054108216433,0.30861723446893785,0.3166332665330661,0.022044088176352707,agent_0004
107,466.0,0.04008016032064128,2.0024907855145115,0.05,499,0.4248496993987976,0.23446893787575152,0.30060120240480964,0.04008016032064128,agent_0004
108,490.0,0.01603206412825651,1.7581375711643814,0.05,499,0.42685370741482964,0.2605210420841683,0.2965931863727455,0.01603206412825651,agent_0004
109,487.0,0.018036072144288578,1.8608357197150764,0.05,499,0.3927855711422846,0.2985971943887776,0.2905811623246493,0.018036072144288578,agent_0004
110,484.0,0.02004008016032064,1.8506696026948959,0.05,499,0.3186372745490982,0.3286573146292585,0.33266533066132264,0.02004008016032064,agent_0004
111,496.0,0.01002004008016032,1.7283246078591539,0.05,499,0.374749498997996,0.3286573146292585,0.2865731462925852,0.01002004008016032,agent_0004
112,478.0,0.022044088176352707,1.7906204681143074,0.05,499,0.4749498997995992,0.24849699398797595,0.2545090180360721,0.022044088176352707,agent_0004
113,469.0,0.028056112224448898,1.696045311317889,0.05,499,0.5390781563126252,0.23246492985971945,0.20040080160320642,0.028056112224448898,agent_0004
114,463.0,0.03406813627254509,1.8573574142032188,0.05,499,0.5110220440881763,0.2565130260521042,0.19839679358717435,0.03406813627254509,agent_0004
115,499.0,0.004008016032064128,1.5697686792814496,0.05,499,0.4749498997995992,0.2625250501002004,0.25851703406813625,0.004008016032064128,agent_0004
116,499.0,0.01603206412825651,1.8163488429156933,0.05,499,0.6953907815631263,0.16032064128256512,0.1282565130260521,0.01603206412825651,agent_0004
117,475.0,0.028056112224448898,1.8523588434909912,0.05,499,0.5691382765531062,0.20841683366733466,0.19438877755511022,0.028056112224448898,agent_0004
118,475.0,0.028056112224448898,1.891394726085306,0.05,499,0.5951903807615231,0.1843687374749499,0.19238476953907815,0.028056112224448898,agent_0004
119,466.0,0.03206412825651302,1.9441599591875038,0.05,499,0.4529058116232465,0.26452905811623245,0.250501002004008,0.03206412825651302,agent_0004
0,454.0,0.03807615230460922,1.9698383832249116,1.0,499,0.39478957915831664,0.30861723446893785,0.25851703406813625,0.03807615230460922,agent_0005
1,484.0,0.018036072144288578,1.762160335100103,0.97,499,0.46092184368737477,0.24849699398797595,0.2725450901803607,0.018036072144288578,agent_0005
2,490.0,0.012024048096192385,1.7819872939768526,0.9409,499,0.3867735470941884,0.28857715430861725,0.312625250501002,0.012024048096192385,agent_0005
3,478.0,0.026052104208416832,1.765386063759614,0.912673,499,0.42685370741482964,0.2665330661322645,0.280561122244489,0.026052104208416832,agent_0005
4,460.0,0.03807615230460922,1.9411138499533263,0.8852928099999999,499,0.4849699398797595,0.2725450901803607,0.20440881763527055,0.03807615230460922,agent_0005
5,457.0,0.04008016032064128,1.9588876411595295,0.8587340256999999,499,0.47695390781563124,0.24649298597194388,0.23647294589178355,0.04008016032064128,agent_0005
6,463.0,0.03206412825651302,1.8489952266272334,0.8329720049289999,499,0.43286573146292584,0.24649298597194388,0.28857715430861725,0.03206412825651302,agent_0005
7,490.0,0.012024048096192385,1.73910358240935,0.8079828447811299,499,0.47695390781563124,0.2605210420841683,0.250501002004008,0.012024048096192385,agent_0005
8,469.0,0.036072144288577156,1.9913819469427845,0.783743359437696,499,0.44488977955911824,0.24248496993987975,0.27655310621242485,0.036072144288577156,agent_0005
9,493.0,0.01002004008016032,1.6763142063978418,0.7602310586545651,499,0.4529058116232465,0.27054108216432865,0.2665330661322645,0.01002004008016032,agent_0005
10,469.0,0.03006012024048096,1.7798187257742606,0.7374241268949281,499,0.4348697394789579,0.22444889779559118,0.3106212424849699,0.03006012024048096,agent_0005
11,487.0,0.012024048096192385,1.7882083496170305,0.7153014030880802,499,0.36072144288577157,0.3166332665330661,0.3106212424849699,0.012024048096192385,agent_0005
12,466.0,0.03206412825651302,1.8018184666310064,0.6938423609954378,499,0.4168336673346693,0.24248496993987975,0.30861723446893785,0.03206412825651302,agent_0005
13,454.0,0.03807615230460922,1.8945155308532844,0.6730270901655747,499,0.4468937875751503,0.2685370741482966,0.24649298597194388,0.03807615230460922,agent_0005
14,484.0,0.02004008016032064,1.8363489141806215,0.6528362774606075,499,0.40080160320641284,0.3246492985971944,0.2545090180360721,0.02004008016032064,agent_0005
15,460.0,0.036072144288577156,1.9591420698033417,0.6332511891367892,499,0.4148296593186373,0.2725450901803607,0.27655310621242485,0.036072144288577156,agent_0005
16,472.0,0.03406813627254509,1.9253031445504045,0.6142536534626856,499,0.5050100200400801,0.22244488977955912,0.23847695390781562,0.03406813627254509,agent_0005
17,469.0,0.036072144288577156,1.8664137536740852,0.595826043858805,499,0.48697394789579157,0.24649298597194388,0.23046092184368738,0.036072144288577156,agent_0005
18,445.0,0.05811623246492986,2.1752140269937326,0.5779512625430409,499,0.49899799599198397,0.24048096192384769,0.20240480961923848,0.05811623246492986,agent_0005
19,481.0,0.018036072144288578,1.6725793701447715,0.5606127246667496,499,0.4709418837675351,0.24649298597194388,0.26452905811623245,0.018036072144288578,agent_0005
20,478.0,0.02004008016032064,1.7668858222875903,0.5437943429267471,499,0.4529058116232465,0.25250501002004005,0.2745490981963928,0.02004008016032064,agent_0005
21,481.0,0.02404809619238477,1.8488437534354212,0.5274805126389447,499,0.44889779559118237,0.2665330661322645,0.2605210420841683,0.02404809619238477,agent_0005
22,469.0,0.028056112224448898,1.8414777438061907,0.5116560972597763,499,0.4088176352705411,0.2565130260521042,0.3066132264529058,0.028056112224448898,agent_0005
23,466.0,0.036072144288577156,1.902884570274817,0.496306414341983,499,0.56312625250501,0.21042084168336672,0.1903807615230461,0.036072144288577156,agent_0005
24,490.0,0.008016032064128256,1.632897718896764,0.48141722191172354,499,0.46693386773547096,0.23647294589178355,0.28857715430861725,0.008016032064128256,agent_0005
25,478.0,0.026052104208416832,1.8209387056491373,0.4669747052543718,499,0.4969939879759519,0.250501002004008,0.22645290581162325,0.026052104208416832,agent_0005
26,484.0,0.022044088176352707,1.8103792992004508,0.4529654640967406,499,0.45090180360721444,0.2785571142284569,0.24849699398797595,0.022044088176352707,agent_0005
27,475.0,0.018036072144288578,1.7607394992468766,0.4393765001738384,499,0.4188376753507014,0.29458917835671344,0.2685370741482966,0.018036072144288578,agent_0005
28,475.0,0.03006012024048096,1.9492387469797527,0.42619520516862325,499,0.44288577154308617,0.23847695390781562,0.28857715430861725,0.03006012024048096,agent_0005
29,478.0,0.026052104208416832,1.8513563147943135,0.4134093490135645,499,0.5370741482965932,0.17635270541082165,0.2605210420841683,0.026052104208416832,agent_0005
30,496.0,0.006012024048096192,1.607052404549413,0.4010070685431576,499,0.6152304609218436,0.19438877755511022,0.1843687374749499,0.006012024048096192,agent_0005
31,484.0,0.014028056112224449,1.634291631959455,0.38897685648686287,499,0.5230460921843687,0.23647294589178355,0.22645290581162325,0.014028056112224449,agent_0005
32,478.0,0.022044088176352707,1.879716758836188,0.377307550792257,499,0.3927855711422846,0.2965931863727455,0.28857715430861725,0.022044088176352707,agent_0005
33,493.0,0.01603206412825651,1.7978927867660812,0.36598832426848926,499,0.32064128256513025,0.30861723446893785,0.35470941883767537,0.01603206412825651,agent_0005
34,460.0,0.036072144288577156,1.9515258329177096,0.35500867454043455,499,0.43687374749499,0.2605210420841683,0.2665330661322645,0.036072144288577156,agent_0005
35,493.0,0.012024048096192385,1.6414826515437662,0.3443584143042215,499,0.41082164328657317,0.2565130260521042,0.32064128256513025,0.012024048096192385,agent_0005
36,493.0,0.014028056112224449,1.6070717896827473,0.3340276618750948,499,0.5050100200400801,0.22244488977955912,0.25851703406813625,0.014028056112224449,agent_0005
37,463.0,0.03006012024048096,1.846225374157676,0.32400683201884195,499,0.5130260521042084,0.250501002004008,0.20641282565130262,0.03006012024048096,agent_0005
38,469.0,0.02404809619238477,1.7553448787658852,0.3142866270582767,499,0.48697394789579157,0.25250501002004005,0.23647294589178355,0.02404809619238477,agent_0005
39,499.0,0.01002004008016032,1.689981399997459,0.3048580282465284,499,0.43887775551102204,0.27054108216432865,0.280561122244489,0.01002004008016032,agent_0005
40,466.0,0.03206412825651302,1.912960935947561,0.2957122873991326,499,0.40681362725450904,0.24849699398797595,0.312625250501002,0.03206412825651302,agent_0005
41,478.0,0.026052104208416832,1.8786725548264773,0.2868409187771586,499,0.40681362725450904,0.2985971943887776,0.2685370741482966,0.026052104208416832,agent_0005
42,469.0,0.036072144288577156,2.001732500800835,0.27823569121384384,499,0.45691382765531063,0.24248496993987975,0.26452905811623245,0.036072144288577156,agent_0005
43,469.0,0.03406813627254509,2.046467630988917,0.2698886204774285,499,0.4729458917835671,0.27054108216432865,0.22244488977955912,0.03406813627254509,agent_0005
44,475.0,0.026052104208416832,1.9157005121165642,0.26179196186310566,499,0.503006012024048,0.23446893787575152,0.23647294589178355,0.026052104208416832,agent_0005
45,496.0,0.01603206412825651,1.9015339614455826,0.2539382030072125,499,0.3627254509018036,0.3066132264529058,0.31462925851703405,0.01603206412825651,agent_0005
46,469.0,0.03406813627254509,1.882983102863596,0.2463200569169961,499,0.45490981963927857,0.24448897795591182,0.2665330661322645,0.03406813627254509,agent_0005
47,493.0,0.014028056112224449,1.8670896810024045,0.23893045520948622,499,0.3186372745490982,0.32665330661322645,0.3406813627254509,0.014028056112224449,agent_0005
48,475.0,0.022044088176352707,1.885300497976447,0.23176254155320164,499,0.30060120240480964,0.34468937875751504,0.33266533066132264,0.022044088176352707,agent_0005
49,478.0,0.02404809619238477,1.8595360461947308,0.2248096653066056,499,0.3967935871743487,0.28857715430861725,0.2905811623246493,0.02404809619238477,agent_0005
50,478.0,0.026052104208416832,1.9640285588407747,0.21806537534740741,499,0.37675350701402804,0.30861723446893785,0.28857715430861725,0.026052104208416832,agent_0005
51,481.0,0.03006012024048096,2.0009974789497305,0.2115234140869852,499,0.5290581162324649,0.22244488977955912,0.218436873747495,0.03006012024048096,agent_0005
52,490.0,0.012024048096192385,1.7646569385367084,0.20517771166437562,499,0.45691382765531063,0.25250501002004005,0.2785571142284569,0.012024048096192385,agent_0005
53,466.0,0.03206412825651302,1.8410771444875749,0.19902238031444436,499,0.5571142284569138,0.1683366733466934,0.24248496993987975,0.03206412825651302,agent_0005
54,496.0,0.006012024048096192,1.65281553864577,0.19305170890501103,499,0.42084168336673344,0.2565130260521042,0.3166332665330661,0.006012024048096192,agent_0005
55,475.0,0.026052104208416832,1.8576128529498124,0.1872601576378607,499,0.45090180360721444,0.24448897795591182,0.2785571142284569,0.026052104208416832,agent_0005
56,499.0,0.0,1.5158052746589596,0.18164235290872485,499,0.46292585170340683,0.2545090180360721,0.28256513026052105,0.0,agent_0005
57,460.0,0.028056112224448898,1.801637840502492,0.1761930823214631,499,0.503006012024048,0.22845691382765532,0.24048096192384769,0.028056112224448898,agent_0005
58,496.0,0.008016032064128256,1.5506653144595166,0.17090728985181922,499,0.5711422845691383,0.1843687374749499,0.23647294589178355,0.008016032064128256,agent_0005
59,460.0,0.03807615230460922,2.0745968657875538,0.16578007115626464,499,0.47695390781563124,0.27054108216432865,0.21442885771543085,0.03807615230460922,agent_0005
60,487.0,0.01002004008016032,1.5901648231625691,0.1608066690215767,499,0.5771543086172345,0.19839679358717435,0.21442885771543085,0.01002004008016032,agent_0005
61,487.0,0.01603206412825651,1.7744441875278032,0.1559824689509294,499,0.5891783567134269,0.22044088176352705,0.1743486973947896,0.01603206412825651,agent_0005
62,493.0,0.01002004008016032,1.6705321193719818,0.1513029948824015,499,0.531062124248497,0.22845691382765532,0.23046092184368738,0.01002004008016032,agent_0005
63,466.0,0.03406813627254509,1.9802581822776673,0.14676390503592945,499,0.39879759519038077,0.25851703406813625,0.30861723446893785,0.03406813627254509,agent_0005
64,457.0,0.04008016032064128,1.9624519826882305,0.14236098788485158,499,0.46893787575150303,0.26452905811623245,0.22645290581162325,0.04008016032064128,agent_0005
65,487.0,0.018036072144288578,1.7915616652680233,0.13809015824830603,499,0.4348697394789579,0.2725450901803607,0.2745490981963928,0.018036072144288578,agent_0005
66,475.0,0.03807615230460922,1.9989940501707795,0.13394745350085685,499,0.35671342685370744,0.3026052104208417,0.3026052104208417,0.03807615230460922,agent_0005
67,463.0,0.03807615230460922,1.888389075086389,0.12992902989583113,499,0.5130260521042084,0.19839679358717435,0.250501002004008,0.03807615230460922,agent_0005
68,490.0,0.012024048096192385,1.7199264747152296,0.1260311589989562,499,0.4288577154308617,0.2625250501002004,0.2965931863727455,0.012024048096192385,agent_0005
69,490.0,0.02404809619238477,1.768720473875629,0.12225022422898751,499,0.4969939879759519,0.21442885771543085,0.26452905811623245,0.02404809619238477,agent_0005
70,463.0,0.04008016032064128,1.9817855716604336,0.11858271750211788,499,0.49498997995991983,0.21643286573146292,0.24849699398797595,0.04008016032064128,agent_0005
71,478.0,0.02404809619238477,1.741136757129743,0.11502523597705434,499,0.5370741482965932,0.20040080160320642,0.23847695390781562,0.02404809619238477,agent_0005
72,478.0,0.028056112224448898,1.8476361790319724,0.1115744788977427,499,0.4849699398797595,0.250501002004008,0.23647294589178355,0.028056112224448898,agent_0005
73,469.0,0.03206412825651302,1.8896396510585796,0.10822724453081042,499,0.5150300601202404,0.24248496993987975,0.21042084168336672,0.03206412825651302,agent_0005
74,460.0,0.04208416833667335,1.9583728289771858,0.10498042719488611,499,0.6292585170340681,0.16032064128256512,0.1683366733466934,0.04208416833667335,agent_0005
75,478.0,0.02004008016032064,1.7863457195338421,0.10183101437903952,499,0.46092184368737477,0.2665330661322645,0.25250501002004005,0.02004008016032064,agent_0005
76,487.0,0.018036072144288578,1.87377161318328,0.09877608394766833,499,0.30861723446893785,0.3286573146292585,0.34468937875751504,0.018036072144288578,agent_0005
77,487.0,0.02004008016032064,1.8677512903048388,0.09581280142923829,499,0.33266533066132264,0.2865731462925852,0.36072144288577157,0.02004008016032064,agent_0005
78,472.0,0.028056112224448898,1.8643684047572242,0.09293841738636113,499,0.2905811623246493,0.3106212424849699,0.37074148296593185,0.028056112224448898,agent_0005
79,496.0,0.006012024048096192,1.7335213258709445,0.09015026486477029,499,0.38276553106212424,0.3226452905811623,0.28857715430861725,0.006012024048096192,agent_0005
80,493.0,0.01002004008016032,1.6482043505225574,0.08744575691882718,499,0.38877755511022044,0.2845691382765531,0.3166332665330661,0.01002004008016032,agent_0005
81,484.0,0.018036072144288578,1.8405604282047867,0.08482238421126237,499,0.4348697394789579,0.2845691382765531,0.2625250501002004,0.018036072144288578,agent_0005
82,481.0,0.022044088176352707,1.7504502330293048,0.0822777126849245,499,0.48697394789579157,0.24248496993987975,0.24849699398797595,0.022044088176352707,agent_0005
83,475.0,0.03006012024048096,1.9171459427425388,0.07980938130437676,499,0.4188376753507014,0.2745490981963928,0.27655310621242485,0.03006012024048096,agent_0005
84,496.0,0.004008016032064128,1.6920283176123017,0.07741509986524546,499,0.30060120240480964,0.35470941883767537,0.3406813627254509,0.004008016032064128,agent_0005
85,481.0,0.02004008016032064,1.7832024037811367,0.0750926468692881,499,0.37074148296593185,0.28857715430861725,0.32064128256513025,0.02004008016032064,agent_0005
86,487.0,0.012024048096192385,1.695795024476942,0.07283986746320946,499,0.5591182364729459,0.24849699398797595,0.18036072144288579,0.012024048096192385,agent_0005
87,490.0,0.01603206412825651,1.7379721255296345,0.07065467143931317,499,0.5210420841683366,0.20440881763527055,0.25851703406813625,0.01603206412825651,agent_0005
88,493.0,0.006012024048096192,1.6483252378002173,0.06853503129613378,499,0.46693386773547096,0.27054108216432865,0.2565130260521042,0.006012024048096192,agent_0005
89,487.0,0.02404809619238477,1.863509201487087,0.06647898035724976,499,0.39478957915831664,0.2965931863727455,0.2845691382765531,0.02404809619238477,agent_0005
90,472.0,0.028056112224448898,1.9994999611167525,0.06448461094653227,499,0.3527054108216433,0.2845691382765531,0.3346693386773547,0.028056112224448898,agent_0005
91,499.0,0.004008016032064128,1.8350448279732476,0.06255007261813629,499,0.2905811623246493,0.3727454909819639,0.33266533066132264,0.004008016032064128,agent_0005
92,478.0,0.026052104208416832,1.9409215941325038,0.0606735704395922,499,0.32665330661322645,0.3346693386773547,0.312625250501002,0.026052104208416832,agent_0005
93,457.0,0.03807615230460922,2.0014497533196938,0.05885336332640443,499,0.30861723446893785,0.3186372745490982,0.3346693386773547,0.03807615230460922,agent_0005
94,481.0,0.022044088176352707,1.8330738186476503,0.057087762426612294,499,0.44889779559118237,0.24448897795591182,0.2845691382765531,0.022044088176352707,agent_0005
95,481.0,0.026052104208416832,1.8136898336455272,0.05537512955381393,499,0.47695390781563124,0.25250501002004005,0.24448897795591182,0.026052104208416832,agent_0005
96,493.0,0.01002004008016032,1.6593280907226273,0.053713875667199505,499,0.48296593186372744,0.2625250501002004,0.24448897795591182,0.01002004008016032,agent_0005
97,466.0,0.028056112224448898,1.805552279650305,0.05210245939718352,499,0.5270541082164328,0.19839679358717435,0.24649298597194388,0.028056112224448898,agent_0005
98,490.0,0.01603206412825651,1.7267811596264744,0.05053938561526801,499,0.4789579158316633,0.25250501002004005,0.25250501002004005,0.01603206412825651,agent_0005
99,487.0,0.01603206412825651,1.8209913620923497,0.05,499,0.40480961923847697,0.3306613226452906,0.24849699398797595,0.01603206412825651,agent_0005
100,481.0,0.018036072144288578,1.7838676468701582,0.05,499,0.39879759519038077,0.3166332665330661,0.2665330661322645,0.018036072144288578,agent_0005
101,484.0,0.018036072144288578,1.75638725515434,0.05,499,0.4529058116232465,0.23647294589178355,0.2925851703406814,0.018036072144288578,agent_0005
102,484.0,0.014028056112224449,1.6854313948310733,0.05,499,0.48897795591182364,0.2565130260521042,0.24048096192384769,0.014028056112224449,agent_0005
103,478.0,0.022044088176352707,1.7632260191754763,0.05,499,0.5711422845691383,0.19438877755511022,0.2124248496993988,0.022044088176352707,agent_0005
104,457.0,0.04408817635270541,2.0464093846130895,0.05,499,0.4188376753507014,0.22645290581162325,0.3106212424849699,0.04408817635270541,agent_0005
105,481.0,0.022044088176352707,1.8279532888450543,0.05,499,0.37675350701402804,0.3046092184368738,0.2965931863727455,0.022044088176352707,agent_0005
106,457.0,0.04408817635270541,1.976971204991353,0.05,499,0.4308617234468938,0.25250501002004005,0.2725450901803607,0.04408817635270541,agent_0005
107,490.0,0.01603206412825651,1.7695327526810507,0.05,499,0.3967935871743487,0.27655310621242485,0.3106212424849699,0.01603206412825651,agent_0005
108,478.0,0.026052104208416832,1.892377097022371,0.05,499,0.4288577154308617,0.25851703406813625,0.2865731462925852,0.026052104208416832,agent_0005
109,478.0,0.02404809619238477,1.902237895197039,0.05,499,0.36072144288577157,0.3226452905811623,0.2925851703406814,0.02404809619238477,agent_0005
110,496.0,0.01002004008016032,1.6195868669179,0.05,499,0.4709418837675351,0.26452905811623245,0.2545090180360721,0.01002004008016032,agent_0005
111,478.0,0.022044088176352707,1.7360723114585075,0.05,499,0.6052104208416834,0.17234468937875752,0.20040080160320642,0.022044088176352707,agent_0005
112,460.0,0.03406813627254509,1.7772960570348593,0.05,499,0.6172344689378757,0.18637274549098196,0.1623246492985972,0.03406813627254509,agent_0005
113,460.0,0.036072144288577156,1.8285515776357115,0.05,499,0.6372745490981964,0.16633266533066132,0.16032064128256512,0.036072144288577156,agent_0005
114,499.0,0.004008016032064128,1.5680810866268482,0.05,499,0.6693386773547094,0.16432865731462926,0.1623246492985972,0.004008016032064128,agent_0005
115,499.0,0.014028056112224449,1.790109281782371,0.05,499,0.5250501002004008,0.22244488977955912,0.23847695390781562,0.014028056112224449,agent_0005
116,484.0,0.02004008016032064,1.7670608116722382,0.05,499,0.4789579158316633,0.24849699398797595,0.25250501002004005,0.02004008016032064,agent_0005
117,472.0,0.028056112224448898,1.7667052343625849,0.05,499,0.5891783567134269,0.20841683366733466,0.1743486973947896,0.028056112224448898,agent_0005
118,460.0,0.036072144288577156,2.0477720043559247,0.05,499,0.39879759519038077,0.3046092184368738,0.2605210420841683,0.036072144288577156,agent_0005
119,499.0,0.002004008016032064,1.6181356742792414,0.05,499,0.3907815631262525,0.2985971943887776,0.30861723446893785,0.002004008016032064,agent_0005
0,484.0,0.018036072144288578,1.7210594327452482,1.0,499,0.5130260521042084,0.218436873747495,0.250501002004008,0.018036072144288578,agent_0006
1,490.0,0.012024048096192385,1.7558184369047476,0.97,499,0.4188376753507014,0.2745490981963928,0.29458917835671344,0.012024048096192385,agent_0006
2,478.0,0.026052104208416832,1.7506512861334222,0.9409,499,0.48296593186372744,0.23647294589178355,0.2545090180360721,0.026052104208416832,agent_0006
3,472.0,0.03206412825651302,1.8761836940400456,0.912673,499,0.49899799599198397,0.2605210420841683,0.20841683366733466,0.03206412825651302,agent_0006
4,457.0,0.04008016032064128,2.0039742185793297,0.8852928099999999,499,0.46893787575150303,0.27054108216432865,0.22044088176352705,0.04008016032064128,agent_0006
5,469.0,0.028056112224448898,1.7997012775935561,0.8587340256999999,499,0.48697394789579157,0.21042084168336672,0.2745490981963928,0.028056112224448898,agent_0006
6,490.0,0.012024048096192385,1.7569540205123277,0.8329720049289999,499,0.4348697394789579,0.3026052104208417,0.250501002004008,0.012024048096192385,agent_0006
7,472.0,0.03406813627254509,2.0155939010944617,0.8079828447811299,499,0.4649298597194389,0.22645290581162325,0.2745490981963928,0.03406813627254509,agent_0006
8,493.0,0.01002004008016032,1.6789534950044183,0.783743359437696,499,0.49298597194388777,0.2545090180360721,0.24248496993987975,0.01002004008016032,agent_0006
9,469.0,0.03006012024048096,1.7485812356861004,0.7602310586545651,499,0.42685370741482964,0.20841683366733466,0.3346693386773547,0.03006012024048096,agent_0006
10,490.0,0.012024048096192385,1.7369956641948938,0.7374241268949281,499,0.44889779559118237,0.25250501002004005,0.2865731462925852,0.012024048096192385,agent_0006
11,466.0,0.03206412825651302,1.8021748753093867,0.7153014030880802,499,0.44288577154308617,0.24248496993987975,0.28256513026052105,0.03206412825651302,agent_0006
12,454.0,0.04008016032064128,1.9816233048705085,0.6938423609954378,499,0.36072144288577157,0.3226452905811623,0.27655310621242485,0.04008016032064128,agent_0006
13,487.0,0.018036072144288578,1.7980766189220156,0.6730270901655747,499,0.4729458917835671,0.2925851703406814,0.21643286573146292,0.018036072144288578,agent_0006
14,454.0,0.04008016032064128,1.9453272349425021,0.6528362774606075,499,0.49498997995991983,0.22444889779559118,0.24048096192384769,0.04008016032064128,agent_0006
15,472.0,0.03406813627254509,1.973213132877377,0.6332511891367892,499,0.46693386773547096,0.250501002004008,0.24849699398797595,0.03406813627254509,agent_0006
16,481.0,0.028056112224448898,1.8028717394006362,0.6142536534626856,499,0.45691382765531063,0.25851703406813625,0.2565130260521042,0.028056112224448898,agent_0006
17,442.0,0.06012024048096192,2.1605532744473135,0.595826043858805,499,0.501002004008016,0.22044088176352705,0.218436873747495,0.06012024048096192,agent_0006
18,481.0,0.018036072144288578,1.6519386434453047,0.5779512625430409,499,0.4909819639278557,0.22444889779559118,0.2665330661322645,0.018036072144288578,agent_0006
19,481.0,0.018036072144288578,1.6988194380054837,0.5606127246667496,499,0.533066132264529,0.21643286573146292,0.23246492985971945,0.018036072144288578,agent_0006
20,481.0,0.026052104208416832,1.8345635056043361,0.5437943429267471,499,0.5150300601202404,0.22845691382765532,0.23046092184368738,0.026052104208416832,agent_0006
21,469.0,0.028056112224448898,1.8375339251669067,0.5274805126389447,499,0.44889779559118237,0.24248496993987975,0.280561122244489,0.028056112224448898,agent_0006
22,466.0,0.036072144288577156,1.8961461670116357,0.5116560972597763,499,0.531062124248497,0.22444889779559118,0.20841683366733466,0.036072144288577156,agent_0006
23,490.0,0.008016032064128256,1.6036853484807112,0.496306414341983,499,0.561122244488978,0.20440881763527055,0.22645290581162325,0.008016032064128256,agent_0006
24,478.0,0.026052104208416832,1.841417720941547,0.48141722191172354,499,0.5210420841683366,0.23647294589178355,0.21643286573146292,0.026052104208416832,agent_0006
25,481.0,0.02004008016032064,1.6685106718557876,0.4669747052543718,499,0.5851703406813628,0.16432865731462926,0.23046092184368738,0.02004008016032064,agent_0006
26,475.0,0.018036072144288578,1.7075972014006142,0.4529654640967406,499,0.5591182364729459,0.2124248496993988,0.21042084168336672,0.018036072144288578,agent_0006
27,469.0,0.036072144288577156,1.989017710258236,0.4393765001738384,499,0.43286573146292584,0.2565130260521042,0.2745490981963928,0.036072144288577156,agent_0006
28,472.0,0.028056112224448898,1.9877360851426251,0.42619520516862325,499,0.37675350701402804,0.280561122244489,0.31462925851703405,0.028056112224448898,agent_0006
29,496.0,0.006012024048096192,1.5939086394554458,0.4134093490135645,499,0.6513026052104208,0.18637274549098196,0.156312625250501,0.006012024048096192,agent_0006
30,484.0,0.014028056112224449,1.6537160662461017,0.4010070685431576,499,0.46092184368737477,0.2565130260521042,0.2685370741482966,0.014028056112224449,agent_0006
31,478.0,0.022044088176352707,1.8475482213377494,0.38897685648686287,499,0.45691382765531063,0.24649298597194388,0.2745490981963928,0.022044088176352707,agent_0006
32,493.0,0.01603206412825651,1.788830718231871,0.377307550792257,499,0.3807615230460922,0.2985971943887776,0.3046092184368738,0.01603206412825651,agent_0006
33,460.0,0.036072144288577156,1.9231748439428455,0.36598832426848926,499,0.5170340681362725,0.22244488977955912,0.22444889779559118,0.036072144288577156,agent_0006
34,493.0,0.012024048096192385,1.694307570120461,0.35500867454043455,499,0.46693386773547096,0.24048096192384769,0.280561122244489,0.012024048096192385,agent_0006
35,490.0,0.01002004008016032,1.6127807640547884,0.3443584143042215,499,0.3927855711422846,0.28857715430861725,0.30861723446893785,0.01002004008016032,agent_0006
36,463.0,0.03006012024048096,1.8515086498499738,0.3340276618750948,499,0.5190380761523046,0.23246492985971945,0.218436873747495,0.03006012024048096,agent_0006
37,463.0,0.03006012024048096,1.8698751486481056,0.32400683201884195,499,0.36472945891783565,0.2985971943887776,0.3066132264529058,0.03006012024048096,agent_0006
38,499.0,0.01002004008016032,1.6821769390744274,0.3142866270582767,499,0.41282565130260523,0.2785571142284569,0.2985971943887776,0.01002004008016032,agent_0006
39,466.0,0.03206412825651302,1.9987984738874907,0.3048580282465284,499,0.30060120240480964,0.3166332665330661,0.35070140280561124,0.03206412825651302,agent_0006
40,478.0,0.026052104208416832,1.9467061234436416,0.2957122873991326,499,0.34468937875751504,0.32665330661322645,0.3026052104208417,0.026052104208416832,agent_0006
41,454.0,0.04609218436873747,2.142485639975777,0.2868409187771586,499,0.27655310621242485,0.3346693386773547,0.342685370741483,0.04609218436873747,agent_0006
42,478.0,0.028056112224448898,2.009587855084919,0.27823569121384384,499,0.33867735470941884,0.3106212424849699,0.3226452905811623,0.028056112224448898,agent_0006
43,475.0,0.028056112224448898,1.9070552170068031,0.2698886204774285,499,0.4749498997995992,0.25851703406813625,0.23847695390781562,0.028056112224448898,agent_0006
44,496.0,0.018036072144288578,1.8512013841408068,0.26179196186310566,499,0.43286573146292584,0.24649298597194388,0.3026052104208417,0.018036072144288578,agent_0006
45,469.0,0.03406813627254509,1.929372126235427,0.2539382030072125,499,0.4248496993987976,0.2725450901803607,0.2685370741482966,0.03406813627254509,agent_0006
46,490.0,0.018036072144288578,1.9029904781890725,0.2463200569169961,499,0.3807615230460922,0.2925851703406814,0.30861723446893785,0.018036072144288578,agent_0006
47,475.0,0.022044088176352707,1.778680879189362,0.23893045520948622,499,0.4028056112224449,0.30060120240480964,0.2745490981963928,0.022044088176352707,agent_0006
48,475.0,0.026052104208416832,1.96741740828173,0.23176254155320164,499,0.2865731462925852,0.36072144288577157,0.32665330661322645,0.026052104208416832,agent_0006
49,478.0,0.026052104208416832,2.0860642683116453,0.2248096653066056,499,0.23046092184368738,0.40080160320641284,0.342685370741483,0.026052104208416832,agent_0006
50,481.0,0.03006012024048096,2.0464998285567413,0.21806537534740741,499,0.35070140280561124,0.3186372745490982,0.30060120240480964,0.03006012024048096,agent_0006
51,490.0,0.014028056112224449,1.7747309482353368,0.2115234140869852,499,0.45090180360721444,0.250501002004008,0.2845691382765531,0.014028056112224449,agent_0006
52,466.0,0.03006012024048096,1.8164278522433053,0.20517771166437562,499,0.48897795591182364,0.22244488977955912,0.25851703406813625,0.03006012024048096,agent_0006
53,496.0,0.006012024048096192,1.6649944495890325,0.19902238031444436,499,0.4088176352705411,0.2625250501002004,0.3226452905811623,0.006012024048096192,agent_0006
54,475.0,0.026052104208416832,1.8348266526014079,0.19305170890501103,499,0.4188376753507014,0.23647294589178355,0.3186372745490982,0.026052104208416832,agent_0006
55,493.0,0.006012024048096192,1.5500289188911023,0.1872601576378607,499,0.5110220440881763,0.22044088176352705,0.2625250501002004,0.006012024048096192,agent_0006
56,481.0,0.014028056112224449,1.668956198362078,0.18164235290872485,499,0.5370741482965932,0.21442885771543085,0.23446893787575152,0.014028056112224449,agent_0006
57,496.0,0.008016032064128256,1.614898526202876,0.1761930823214631,499,0.4468937875751503,0.25250501002004005,0.2925851703406814,0.008016032064128256,agent_0006
58,469.0,0.03006012024048096,1.943926493643244,0.17090728985181922,499,0.4088176352705411,0.28256513026052105,0.2785571142284569,0.03006012024048096,agent_0006
59,490.0,0.01002004008016032,1.7344635243164177,0.16578007115626464,499,0.3226452905811623,0.3406813627254509,0.32665330661322645,0.01002004008016032,agent_0006
60,484.0,0.02004008016032064,1.8154660810805017,0.1608066690215767,499,0.40080160320641284,0.30060120240480964,0.2785571142284569,0.02004008016032064,agent_0006
61,493.0,0.01002004008016032,1.6379660035453243,0.1559824689509294,499,0.533066132264529,0.24649298597194388,0.21042084168336672,0.01002004008016032,agent_0006
62,466.0,0.03406813627254509,1.9115147119786773,0.1513029948824015,499,0.503006012024048,0.20841683366733466,0.2545090180360721,0.03406813627254509,agent_0006
63,463.0,0.036072144288577156,2.0308045568023356,0.14676390503592945,499,0.312625250501002,0.3406813627254509,0.3106212424849699,0.036072144288577156,agent_0006
64,487.0,0.018036072144288578,1.8962821790495248,0.14236098788485158,499,0.3026052104208417,0.3406813627254509,0.33867735470941884,0.018036072144288578,agent_0006
65,472.0,0.04008016032064128,1.9736436183956345,0.13809015824830603,499,0.503006012024048,0.22845691382765532,0.22845691382765532,0.04008016032064128,agent_0006
66,466.0,0.036072144288577156,1.9592069460153445,0.13394745350085685,499,0.4288577154308617,0.2685370741482966,0.2665330661322645,0.036072144288577156,agent_0006
67,490.0,0.012024048096192385,1.6901199488581906,0.12992902989583113,499,0.4408817635270541,0.24048096192384769,0.3066132264529058,0.012024048096192385,agent_0006
68,490.0,0.02404809619238477,1.7806887705716639,0.1260311589989562,499,0.5170340681362725,0.21442885771543085,0.24448897795591182,0.02404809619238477,agent_0006
69,466.0,0.03807615230460922,1.9569639082705392,0.12225022422898751,499,0.48697394789579157,0.218436873747495,0.2565130260521042,0.03807615230460922,agent_0006
70,472.0,0.028056112224448898,1.8478896260837085,0.11858271750211788,499,0.49298597194388777,0.21042084168336672,0.2685370741482966,0.028056112224448898,agent_0006
71,481.0,0.022044088176352707,1.764675956993098,0.11502523597705434,499,0.49498997995991983,0.24448897795591182,0.23847695390781562,0.022044088176352707,agent_0006
72,469.0,0.03206412825651302,1.9243053436221595,0.1115744788977427,499,0.5250501002004008,0.23046092184368738,0.2124248496993988,0.03206412825651302,agent_0006
73,460.0,0.04208416833667335,2.0253913912510724,0.10822724453081042,499,0.5130260521042084,0.21042084168336672,0.23446893787575152,0.04208416833667335,agent_0006
74,478.0,0.02004008016032064,1.7378296039559362,0.10498042719488611,499,0.5110220440881763,0.27054108216432865,0.19839679358717435,0.02004008016032064,agent_0006
75,487.0,0.02004008016032064,1.8741849486475803,0.10183101437903952,499,0.5110220440881763,0.2565130260521042,0.2124248496993988,0.02004008016032064,agent_0006
76,487.0,0.02004008016032064,1.8157085359705911,0.09877608394766833,499,0.48697394789579157,0.23847695390781562,0.2545090180360721,0.02004008016032064,agent_0006
77,469.0,0.03006012024048096,1.85141933189923,0.09581280142923829,499,0.4348697394789579,0.27054108216432865,0.26452905811623245,0.03006012024048096,agent_0006
78,496.0,0.008016032064128256,1.693784548181575,0.09293841738636113,499,0.48697394789579157,0.2665330661322645,0.23847695390781562,0.008016032064128256,agent_0006
79,481.0,0.022044088176352707,1.733124047377577,0.09015026486477029,499,0.625250501002004,0.1683366733466934,0.1843687374749499,0.022044088176352707,agent_0006
80,475.0,0.026052104208416832,1.8801067963897995,0.08744575691882718,499,0.46893787575150303,0.25851703406813625,0.24649298597194388,0.026052104208416832,agent_0006
81,481.0,0.022044088176352707,1.6876525760524308,0.08482238421126237,499,0.7615230460921844,0.10020040080160321,0.11623246492985972,0.022044088176352707,agent_0006
82,469.0,0.03206412825651302,1.9123850412364223,0.0822777126849245,499,0.4969939879759519,0.218436873747495,0.25250501002004005,0.03206412825651302,agent_0006
83,496.0,0.004008016032064128,1.6642389868168925,0.07980938130437676,499,0.3346693386773547,0.33867735470941884,0.3226452905811623,0.004008016032064128,agent_0006
84,484.0,0.018036072144288578,1.7576907152401722,0.07741509986524546,499,0.3927855711422846,0.28857715430861725,0.30060120240480964,0.018036072144288578,agent_0006
85,487.0,0.012024048096192385,1.7503244420366302,0.0750926468692881,499,0.33266533066132264,0.3306613226452906,0.3246492985971944,0.012024048096192385,agent_0006
86,490.0,0.01603206412825651,1.8053802983755727,0.07283986746320946,499,0.3807615230460922,0.28256513026052105,0.32064128256513025,0.01603206412825651,agent_0006
87,493.0,0.006012024048096192,1.654172095573947,0.07065467143931317,499,0.40681362725450904,0.280561122244489,0.3066132264529058,0.006012024048096192,agent_0006
88,487.0,0.02404809619238477,1.8916847183270802,0.06853503129613378,499,0.3306613226452906,0.312625250501002,0.33266533066132264,0.02404809619238477,agent_0006
89,472.0,0.028056112224448898,1.9114562983304366,0.06647898035724976,499,0.4408817635270541,0.2625250501002004,0.2685370741482966,0.028056112224448898,agent_0006
90,499.0,0.004008016032064128,1.7215600741135058,0.06448461094653227,499,0.46693386773547096,0.29458917835671344,0.23446893787575152,0.004008016032064128,agent_0006
91,481.0,0.02404809619238477,1.8869572647634443,0.06255007261813629,499,0.5090180360721442,0.2625250501002004,0.20440881763527055,0.02404809619238477,agent_0006
92,454.0,0.04208416833667335,1.9710775779296832,0.0606735704395922,499,0.38877755511022044,0.27054108216432865,0.2985971943887776,0.04208416833667335,agent_0006
93,481.0,0.022044088176352707,1.8676673844401168,0.05885336332640443,499,0.43286573146292584,0.250501002004008,0.29458917835671344,0.022044088176352707,agent_0006
94,490.0,0.01603206412825651,1.665416397310593,0.057087762426612294,499,0.5230460921843687,0.23446893787575152,0.22645290581162325,0.01603206412825651,agent_0006
95,490.0,0.012024048096192385,1.6131365621560019,0.05537512955381393,499,0.5270541082164328,0.20440881763527055,0.2565130260521042,0.012024048096192385,agent_0006
96,466.0,0.028056112224448898,1.8788931918088405,0.053713875667199505,499,0.28857715430861725,0.31462925851703405,0.3687374749498998,0.028056112224448898,agent_0006
97,490.0,0.014028056112224449,1.6742332658454286,0.05210245939718352,499,0.4849699398797595,0.23847695390781562,0.2625250501002004,0.014028056112224449,agent_0006
98,487.0,0.01603206412825651,1.818039511424322,0.05053938561526801,499,0.4468937875751503,0.3066132264529058,0.23046092184368738,0.01603206412825651,agent_0006
99,487.0,0.014028056112224449,1.76938079741861,0.05,499,0.3627254509018036,0.33867735470941884,0.2845691382765531,0.014028056112224449,agent_0006
100,487.0,0.014028056112224449,1.7945683671355268,0.05,499,0.27054108216432865,0.3306613226452906,0.3847695390781563,0.014028056112224449,agent_0006
101,478.0,0.018036072144288578,1.7514244497477705,0.05,499,0.3727454909819639,0.3046092184368738,0.3046092184368738,0.018036072144288578,agent_0006
102,469.0,0.03006012024048096,1.9634899409962578,0.05,499,0.23446893787575152,0.342685370741483,0.3927855711422846,0.03006012024048096,agent_0006
103,457.0,0.04609218436873747,2.0835183928805874,0.05,499,0.342685370741483,0.24448897795591182,0.3667334669338677,0.04609218436873747,agent_0006
104,472.0,0.03006012024048096,1.8706219541474771,0.05,499,0.6432865731462926,0.1743486973947896,0.1523046092184369,0.03006012024048096,agent_0006
105,469.0,0.036072144288577156,1.8869531749465123,0.05,499,0.5150300601202404,0.22244488977955912,0.22645290581162325,0.036072144288577156,agent_0006
106,490.0,0.01603206412825651,1.7379509509192377,0.05,499,0.5050100200400801,0.24448897795591182,0.23446893787575152,0.01603206412825651,agent_0006
107,472.0,0.026052104208416832,1.778279885920886,0.05,499,0.5270541082164328,0.20641282565130262,0.24048096192384769,0.026052104208416832,agent_0006
108,475.0,0.028056112224448898,1.8916723999741112,0.05,499,0.5791583166332666,0.20841683366733466,0.1843687374749499,0.028056112224448898,agent_0006
109,496.0,0.01002004008016032,1.6362286454328767,0.05,499,0.6953907815631263,0.1462925851703407,0.14829659318637275,0.01002004008016032,agent_0006
110,478.0,0.022044088176352707,1.8540557948692817,0.05,499,0.5210420841683366,0.23046092184368738,0.22645290581162325,0.022044088176352707,agent_0006
111,469.0,0.03006012024048096,1.7511450690813417,0.05,499,0.40480961923847697,0.2905811623246493,0.2745490981963928,0.03006012024048096,agent_0006
112,463.0,0.036072144288577156,1.879639810129819,0.05,499,0.5851703406813628,0.19238476953907815,0.18637274549098196,0.036072144288577156,agent_0006
113,499.0,0.004008016032064128,1.6016320401143915,0.05,499,0.8316633266533067,0.08216432865731463,0.08216432865731463,0.004008016032064128,agent_0006
114,499.0,0.014028056112224449,1.8327512320425141,0.05,499,0.48096192384769537,0.2565130260521042,0.24849699398797595,0.014028056112224449,agent_0006
115,484.0,0.02004008016032064,1.7994315336919522,0.05,499,0.4849699398797595,0.26452905811623245,0.23046092184368738,0.02004008016032064,agent_0006
116,475.0,0.026052104208416832,1.833738486764042,0.05,499,0.531062124248497,0.22845691382765532,0.21442885771543085,0.026052104208416832,agent_0006
117,466.0,0.03206412825651302,2.002698772212768,0.05,499,0.37074148296593185,0.2985971943887776,0.2985971943887776,0.03206412825651302,agent_0006
118,499.0,0.002004008016032064,1.5920235993997727,0.05,499,0.4308617234468938,0.2725450901803607,0.29458917835671344,0.002004008016032064,agent_0006
119,499.0,0.004008016032064128,1.6393300527361454,0.05,499,0.43286573146292584,0.28857715430861725,0.2745490981963928,0.004008016032064128,agent_0006
0,490.0,0.012024048096192385,1.7352525633913185,1.0,499,0.4148296593186373,0.2625250501002004,0.3106212424849699,0.012024048096192385,agent_0007
1,478.0,0.026052104208416832,1.7470656334880978,0.97,499,0.4729458917835671,0.23647294589178355,0.26452905811623245,0.026052104208416832,agent_0007
2,472.0,0.03206412825651302,1.906331551552259,0.9409,499,0.45090180360721444,0.29458917835671344,0.22244488977955912,0.03206412825651302,agent_0007
3,457.0,0.04008016032064128,1.9893548084971024,0.912673,499,0.4529058116232465,0.2665330661322645,0.24048096192384769,0.04008016032064128,agent_0007
4,469.0,0.028056112224448898,1.8397819596934777,0.8852928099999999,499,0.43887775551102204,0.25250501002004005,0.280561122244489,0.028056112224448898,agent_0007
5,490.0,0.012024048096192385,1.741768019792099,0.8587340256999999,499,0.4468937875751503,0.28256513026052105,0.25851703406813625,0.012024048096192385,agent_0007
6,472.0,0.03406813627254509,1.9924752584868477,0.8329720049289999,499,0.48697394789579157,0.21442885771543085,0.26452905811623245,0.03406813627254509,agent_0007
7,493.0,0.01002004008016032,1.6940035557370556,0.8079828447811299,499,0.4589178356713427,0.2845691382765531,0.24649298597194388,0.01002004008016032,agent_0007
8,469.0,0.03006012024048096,1.7370359252913299,0.783743359437696,499,0.5070140280561122,0.18837675350701402,0.2745490981963928,0.03006012024048096,agent_0007
9,490.0,0.01002004008016032,1.713381369309699,0.7602310586545651,499,0.4969939879759519,0.23647294589178355,0.2565130260521042,0.01002004008016032,agent_0007
10,466.0,0.03206412825651302,1.7734425395926972,0.7374241268949281,499,0.4248496993987976,0.22244488977955912,0.32064128256513025,0.03206412825651302,agent_0007
11,448.0,0.04408817635270541,1.9682357694496593,0.7153014030880802,499,0.4729458917835671,0.24248496993987975,0.24048096192384769,0.04408817635270541,agent_0007
12,487.0,0.018036072144288578,1.806453497677979,0.6938423609954378,499,0.4248496993987976,0.31462925851703405,0.24248496993987975,0.018036072144288578,agent_0007
13,454.0,0.04208416833667335,1.9768963832408746,0.6730270901655747,499,0.4529058116232465,0.25250501002004005,0.25250501002004005,0.04208416833667335,agent_0007
14,481.0,0.028056112224448898,1.895556546748388,0.6528362774606075,499,0.46092184368737477,0.2605210420841683,0.250501002004008,0.028056112224448898,agent_0007
15,481.0,0.028056112224448898,1.8479436504025433,0.6332511891367892,499,0.42084168336673344,0.3046092184368738,0.24649298597194388,0.028056112224448898,agent_0007
16,442.0,0.06212424849699399,2.243442845546724,0.6142536534626856,499,0.43687374749499,0.2565130260521042,0.24448897795591182,0.06212424849699399,agent_0007
17,484.0,0.01603206412825651,1.6885593844556337,0.595826043858805,499,0.42685370741482964,0.2565130260521042,0.30060120240480964,0.01603206412825651,agent_0007
18,481.0,0.018036072144288578,1.727436173094141,0.5779512625430409,499,0.5130260521042084,0.22845691382765532,0.24048096192384769,0.018036072144288578,agent_0007
19,481.0,0.02404809619238477,1.8154436785030887,0.5606127246667496,499,0.48897795591182364,0.24448897795591182,0.24248496993987975,0.02404809619238477,agent_0007
20,469.0,0.028056112224448898,1.8520621245375886,0.5437943429267471,499,0.3907815631262525,0.2665330661322645,0.31462925851703405,0.028056112224448898,agent_0007
21,466.0,0.036072144288577156,1.915537582637479,0.5274805126389447,499,0.4789579158316633,0.2625250501002004,0.22244488977955912,0.036072144288577156,agent_0007
22,490.0,0.008016032064128256,1.7093602411577424,0.5116560972597763,499,0.4088176352705411,0.2925851703406814,0.2905811623246493,0.008016032064128256,agent_0007
23,478.0,0.026052104208416832,1.8397917331486549,0.496306414341983,499,0.4749498997995992,0.2685370741482966,0.23046092184368738,0.026052104208416832,agent_0007
24,484.0,0.02004008016032064,1.7832977791558495,0.48141722191172354,499,0.4288577154308617,0.2905811623246493,0.2605210420841683,0.02004008016032064,agent_0007
25,475.0,0.018036072144288578,1.800599914027139,0.4669747052543718,499,0.3787575150300601,0.3226452905811623,0.280561122244489,0.018036072144288578,agent_0007
26,475.0,0.03006012024048096,1.9716797781852,0.4529654640967406,499,0.3927855711422846,0.28256513026052105,0.29458917835671344,0.03006012024048096,agent_0007
27,472.0,0.028056112224448898,1.9461356082178518,0.4393765001738384,499,0.44288577154308617,0.24849699398797595,0.280561122244489,0.028056112224448898,agent_0007
28,496.0,0.006012024048096192,1.5710102685661318,0.42619520516862325,499,0.5891783567134269,0.1903807615230461,0.21442885771543085,0.006012024048096192,agent_0007
29,481.0,0.01603206412825651,1.623789403990464,0.4134093490135645,499,0.6032064128256514,0.1843687374749499,0.1963927855711423,0.01603206412825651,agent_0007
30,478.0,0.022044088176352707,1.7772769046716774,0.4010070685431576,499,0.56312625250501,0.19238476953907815,0.22244488977955912,0.022044088176352707,agent_0007
31,493.0,0.01603206412825651,1.7860386410654692,0.38897685648686287,499,0.45090180360721444,0.27655310621242485,0.2565130260521042,0.01603206412825651,agent_0007
32,475.0,0.026052104208416832,1.86264103077131,0.377307550792257,499,0.48897795591182364,0.24248496993987975,0.24248496993987975,0.026052104208416832,agent_0007
33,493.0,0.01002004008016032,1.593544859397559,0.36598832426848926,499,0.43887775551102204,0.23446893787575152,0.3166332665330661,0.01002004008016032,agent_0007
34,493.0,0.012024048096192385,1.6190907334973208,0.35500867454043455,499,0.4248496993987976,0.24849699398797595,0.31462925851703405,0.012024048096192385,agent_0007
35,469.0,0.026052104208416832,1.8019703329314791,0.3443584143042215,499,0.6152304609218436,0.19438877755511022,0.16432865731462926,0.026052104208416832,agent_0007
36,475.0,0.02004008016032064,1.7977756448376792,0.3340276618750948,499,0.43887775551102204,0.2865731462925852,0.2545090180360721,0.02004008016032064,agent_0007
37,499.0,0.01002004008016032,1.6758313722480838,0.32400683201884195,499,0.4649298597194389,0.250501002004008,0.2745490981963928,0.01002004008016032,agent_0007
38,466.0,0.03206412825651302,1.8831041476185562,0.3142866270582767,499,0.374749498997996,0.2725450901803607,0.32064128256513025,0.03206412825651302,agent_0007
39,478.0,0.026052104208416832,1.8544443542337803,0.3048580282465284,499,0.625250501002004,0.17835671342685372,0.17034068136272545,0.026052104208416832,agent_0007
40,469.0,0.036072144288577156,1.994854137294099,0.2957122873991326,499,0.46893787575150303,0.24248496993987975,0.25250501002004005,0.036072144288577156,agent_0007
41,478.0,0.028056112224448898,1.9775213808134535,0.2868409187771586,499,0.374749498997996,0.28857715430861725,0.30861723446893785,0.028056112224448898,agent_0007
42,475.0,0.028056112224448898,1.9435543106467275,0.27823569121384384,499,0.4649298597194389,0.25851703406813625,0.24849699398797595,0.028056112224448898,agent_0007
43,496.0,0.01603206412825651,1.8521665635159676,0.2698886204774285,499,0.3807615230460922,0.2665330661322645,0.3366733466933868,0.01603206412825651,agent_0007
44,472.0,0.03206412825651302,1.843934762206527,0.26179196186310566,499,0.533066132264529,0.22645290581162325,0.20841683366733466,0.03206412825651302,agent_0007
45,493.0,0.012024048096192385,1.6986766016094275,0.2539382030072125,499,0.5190380761523046,0.23847695390781562,0.23046092184368738,0.012024048096192385,agent_0007
46,475.0,0.022044088176352707,1.7266848799935368,0.2463200569169961,499,0.5390781563126252,0.20841683366733466,0.23046092184368738,0.022044088176352707,agent_0007
47,478.0,0.02404809619238477,1.8104854450685637,0.23893045520948622,499,0.48897795591182364,0.23847695390781562,0.24849699398797595,0.02404809619238477,agent_0007
48,478.0,0.026052104208416832,1.8328999782499444,0.23176254155320164,499,0.48096192384769537,0.23246492985971945,0.2605210420841683,0.026052104208416832,agent_0007
49,481.0,0.03006012024048096,2.0117410326828584,0.2248096653066056,499,0.4849699398797595,0.25250501002004005,0.23246492985971945,0.03006012024048096,agent_0007
50,493.0,0.014028056112224449,1.6987825168886064,0.21806537534740741,499,0.6032064128256514,0.1743486973947896,0.20841683366733466,0.014028056112224449,agent_0007
51,469.0,0.028056112224448898,1.7670861050034177,0.2115234140869852,499,0.6152304609218436,0.1462925851703407,0.21042084168336672,0.028056112224448898,agent_0007
52,496.0,0.006012024048096192,1.582089911088927,0.20517771166437562,499,0.6012024048096193,0.15831663326653306,0.23446893787575152,0.006012024048096192,agent_0007
53,475.0,0.026052104208416832,1.833617073862831,0.19902238031444436,499,0.5370741482965932,0.22244488977955912,0.21442885771543085,0.026052104208416832,agent_0007
54,499.0,0.0,1.4432672715915555,0.19305170890501103,499,0.5811623246492986,0.20240480961923848,0.21643286573146292,0.0,agent_0007
55,460.0,0.028056112224448898,1.7881484053533019,0.1872601576378607,499,0.5731462925851704,0.20440881763527055,0.19438877755511022,0.028056112224448898,agent_0007
56,496.0,0.008016032064128256,1.5844313691985252,0.18164235290872485,499,0.43887775551102204,0.2545090180360721,0.2985971943887776,0.008016032064128256,agent_0007
57,469.0,0.03006012024048096,1.9275119205212794,0.1761930823214631,499,0.44889779559118237,0.27054108216432865,0.250501002004008,0.03006012024048096,agent_0007
58,493.0,0.006012024048096192,1.7249154322775004,0.17090728985181922,499,0.30861723446893785,0.3466933867735471,0.33867735470941884,0.006012024048096192,agent_0007
59,487.0,0.014028056112224449,1.8000009300766755,0.16578007115626464,499,0.3026052104208417,0.3406813627254509,0.342685370741483,0.014028056112224449,agent_0007
60,493.0,0.01002004008016032,1.7730423582710129,0.1608066690215767,499,0.2965931863727455,0.3406813627254509,0.3527054108216433,0.01002004008016032,agent_0007
61,466.0,0.03406813627254509,1.9860356097330083,0.1559824689509294,499,0.33266533066132264,0.30060120240480964,0.33266533066132264,0.03406813627254509,agent_0007
62,466.0,0.03406813627254509,1.9680577486192066,0.1513029948824015,499,0.3667334669338677,0.30861723446893785,0.2905811623246493,0.03406813627254509,agent_0007
63,487.0,0.018036072144288578,1.9187186086810522,0.14676390503592945,499,0.27054108216432865,0.36072144288577157,0.35070140280561124,0.018036072144288578,agent_0007
64,475.0,0.03807615230460922,2.0361951056300014,0.14236098788485158,499,0.3346693386773547,0.3246492985971944,0.3026052104208417,0.03807615230460922,agent_0007
65,472.0,0.03206412825651302,1.8728208078614408,0.13809015824830603,499,0.5651302605210421,0.20240480961923848,0.20040080160320642,0.03206412825651302,agent_0007
66,490.0,0.012024048096192385,1.7032228288263178,0.13394745350085685,499,0.5531062124248497,0.21643286573146292,0.218436873747495,0.012024048096192385,agent_0007
67,478.0,0.03406813627254509,1.9005691104289322,0.12992902989583113,499,0.593186372745491,0.1843687374749499,0.18837675350701402,0.03406813627254509,agent_0007
68,475.0,0.03006012024048096,1.978733861442362,0.1260311589989562,499,0.3587174348697395,0.32064128256513025,0.2905811623246493,0.03006012024048096,agent_0007
69,478.0,0.022044088176352707,1.8682597111062251,0.12225022422898751,499,0.2925851703406814,0.33867735470941884,0.3466933867735471,0.022044088176352707,agent_0007
70,481.0,0.022044088176352707,1.865237062191864,0.11858271750211788,499,0.31462925851703405,0.3406813627254509,0.3226452905811623,0.022044088176352707,agent_0007
71,469.0,0.03206412825651302,1.93278873604324,0.11502523597705434,499,0.43887775551102204,0.2605210420841683,0.2685370741482966,0.03206412825651302,agent_0007
72,466.0,0.04208416833667335,2.1593321047513396,0.1115744788977427,499,0.3847695390781563,0.29458917835671344,0.2785571142284569,0.04208416833667335,agent_0007
73,478.0,0.02004008016032064,1.7797910579715315,0.10822724453081042,499,0.4529058116232465,0.3046092184368738,0.22244488977955912,0.02004008016032064,agent_0007
74,487.0,0.018036072144288578,1.8158428923849423,0.10498042719488611,499,0.4729458917835671,0.2685370741482966,0.24048096192384769,0.018036072144288578,agent_0007
75,487.0,0.02004008016032064,1.8489680578747232,0.10183101437903952,499,0.3687374749498998,0.2785571142284569,0.33266533066132264,0.02004008016032064,agent_0007
76,487.0,0.012024048096192385,1.6392462665638032,0.09877608394766833,499,0.4248496993987976,0.25250501002004005,0.3106212424849699,0.012024048096192385,agent_0007
77,490.0,0.012024048096192385,1.7236388783717227,0.09581280142923829,499,0.5070140280561122,0.2685370741482966,0.2124248496993988,0.012024048096192385,agent_0007
78,493.0,0.012024048096192385,1.680219887576765,0.09293841738636113,499,0.4028056112224449,0.2665330661322645,0.3186372745490982,0.012024048096192385,agent_0007
79,475.0,0.026052104208416832,1.9104235750561094,0.09015026486477029,499,0.4088176352705411,0.280561122244489,0.2845691382765531,0.026052104208416832,agent_0007
80,481.0,0.022044088176352707,1.8780596930929618,0.08744575691882718,499,0.2685370741482966,0.3527054108216433,0.35671342685370744,0.022044088176352707,agent_0007
81,475.0,0.03006012024048096,1.982298760987068,0.08482238421126237,499,0.32064128256513025,0.3166332665330661,0.33266533066132264,0.03006012024048096,agent_0007
82,496.0,0.004008016032064128,1.5286254813682805,0.0822777126849245,499,0.501002004008016,0.24248496993987975,0.25250501002004005,0.004008016032064128,agent_0007
83,481.0,0.022044088176352707,1.795323388132057,0.07980938130437676,499,0.312625250501002,0.3066132264529058,0.3587174348697395,0.022044088176352707,agent_0007
84,490.0,0.01002004008016032,1.6979084438295435,0.07741509986524546,499,0.48697394789579157,0.24649298597194388,0.2565130260521042,0.01002004008016032,agent_0007
85,490.0,0.01603206412825651,1.7656356329974217,0.0750926468692881,499,0.3687374749498998,0.2725450901803607,0.342685370741483,0.01603206412825651,agent_0007
86,493.0,0.006012024048096192,1.6481293011103852,0.07283986746320946,499,0.4589178356713427,0.23847695390781562,0.2965931863727455,0.006012024048096192,agent_0007
87,487.0,0.02404809619238477,1.9006185813422356,0.07065467143931317,499,0.4028056112224449,0.2865731462925852,0.2865731462925852,0.02404809619238477,agent_0007
88,472.0,0.028056112224448898,1.8387838137786283,0.06853503129613378,499,0.531062124248497,0.19839679358717435,0.24248496993987975,0.028056112224448898,agent_0007
89,499.0,0.004008016032064128,1.6238092451679178,0.06647898035724976,499,0.5951903807615231,0.20440881763527055,0.1963927855711423,0.004008016032064128,agent_0007
90,481.0,0.02404809619238477,1.8196533221963755,0.06448461094653227,499,0.6172344689378757,0.19438877755511022,0.16432865731462926,0.02404809619238477,agent_0007
91,457.0,0.03807615230460922,1.8986711187467136,0.06255007261813629,499,0.5711422845691383,0.17635270541082165,0.21442885771543085,0.03807615230460922,agent_0007
92,487.0,0.018036072144288578,1.817333929414839,0.0606735704395922,499,0.5731462925851704,0.17234468937875752,0.23647294589178355,0.018036072144288578,agent_0007
93,484.0,0.022044088176352707,1.7339813442983742,0.05885336332640443,499,0.56312625250501,0.20040080160320642,0.21442885771543085,0.022044088176352707,agent_0007
94,493.0,0.01002004008016032,1.681969123315793,0.057087762426612294,499,0.46693386773547096,0.28256513026052105,0.24048096192384769,0.01002004008016032,agent_0007
95,466.0,0.028056112224448898,1.8399750912975317,0.05537512955381393,499,0.4709418837675351,0.24649298597194388,0.2545090180360721,0.028056112224448898,agent_0007
96,490.0,0.014028056112224449,1.6853734121648516,0.053713875667199505,499,0.46292585170340683,0.24048096192384769,0.28256513026052105,0.014028056112224449,agent_0007
97,487.0,0.01603206412825651,1.8190111566334823,0.05210245939718352,499,0.4348697394789579,0.32665330661322645,0.22244488977955912,0.01603206412825651,agent_0007
98,487.0,0.014028056112224449,1.782658465491798,0.05053938561526801,499,0.3406813627254509,0.33867735470941884,0.3066132264529058,0.014028056112224449,agent_0007
99,487.0,0.014028056112224449,1.8321957184161015,0.05,499,0.23046092184368738,0.3627254509018036,0.3927855711422846,0.014028056112224449,agent_0007
100,484.0,0.014028056112224449,1.8013762457468467,0.05,499,0.28256513026052105,0.3406813627254509,0.3627254509018036,0.014028056112224449,agent_0007
101,478.0,0.022044088176352707,1.780498722327784,0.05,499,0.41082164328657317,0.24248496993987975,0.3246492985971944,0.022044088176352707,agent_0007
102,463.0,0.04208416833667335,1.9865862243487877,0.05,499,0.5130260521042084,0.2124248496993988,0.23246492985971945,0.04208416833667335,agent_0007
103,481.0,0.022044088176352707,1.8371022987594183,0.05,499,0.46292585170340683,0.2565130260521042,0.25851703406813625,0.022044088176352707,agent_0007
104,469.0,0.036072144288577156,1.877440965262661,0.05,499,0.4468937875751503,0.22444889779559118,0.2925851703406814,0.036072144288577156,agent_0007
105,490.0,0.01603206412825651,1.7436355107750872,0.05,499,0.5791583166332666,0.22845691382765532,0.17635270541082165,0.01603206412825651,agent_0007
106,481.0,0.022044088176352707,1.780611945826193,0.05,499,0.5470941883767535,0.1903807615230461,0.24048096192384769,0.022044088176352707,agent_0007
107,475.0,0.028056112224448898,1.8865607758265153,0.05,499,0.4408817635270541,0.2565130260521042,0.2745490981963928,0.028056112224448898,agent_0007
108,496.0,0.01002004008016032,1.6529310679293585,0.05,499,0.5110220440881763,0.2565130260521042,0.22244488977955912,0.01002004008016032,agent_0007
109,478.0,0.02404809619238477,1.875557675298526,0.05,499,0.41282565130260523,0.2685370741482966,0.29458917835671344,0.02404809619238477,agent_0007
110,478.0,0.02404809619238477,1.803984484770075,0.05,499,0.3246492985971944,0.33266533066132264,0.3186372745490982,0.02404809619238477,agent_0007
111,460.0,0.036072144288577156,1.88980842134628,0.05,499,0.39879759519038077,0.3026052104208417,0.2625250501002004,0.036072144288577156,agent_0007
112,499.0,0.004008016032064128,1.5771862799092662,0.05,499,0.5090180360721442,0.1963927855711423,0.2905811623246493,0.004008016032064128,agent_0007
113,499.0,0.014028056112224449,1.7996817569518846,0.05,499,0.4789579158316633,0.23246492985971945,0.2745490981963928,0.014028056112224449,agent_0007
114,484.0,0.02004008016032064,1.8466013857566528,0.05,499,0.35470941883767537,0.32064128256513025,0.3046092184368738,0.02004008016032064,agent_0007
115,475.0,0.026052104208416832,1.8506326101410853,0.05,499,0.5130260521042084,0.2665330661322645,0.19438877755511022,0.026052104208416832,agent_0007
116,478.0,0.022044088176352707,1.8201378433384268,0.05,499,0.5490981963927856,0.24048096192384769,0.18837675350701402,0.022044088176352707,agent_0007
117,499.0,0.002004008016032064,1.541324846945861,0.05,499,0.5410821643286573,0.22244488977955912,0.23446893787575152,0.002004008016032064,agent_0007
118,499.0,0.004008016032064128,1.5937126419750736,0.05,499,0.533066132264529,0.24649298597194388,0.21643286573146292,0.004008016032064128,agent_0007
119,466.0,0.036072144288577156,1.998202912537973,0.05,499,0.5250501002004008,0.22645290581162325,0.2124248496993988,0.036072144288577156,agent_0007
0,478.0,0.026052104208416832,1.7609259405232522,1.0,499,0.4408817635270541,0.25250501002004005,0.280561122244489,0.026052104208416832,agent_0008
1,460.0,0.03807615230460922,1.9290688315672286,0.97,499,0.46092184368737477,0.2845691382765531,0.21643286573146292,0.03807615230460922,agent_0008
2,457.0,0.04008016032064128,1.98951879086822,0.9409,499,0.4148296593186373,0.2905811623246493,0.2545090180360721,0.04008016032064128,agent_0008
3,463.0,0.03206412825651302,1.875590863338585,0.912673,499,0.44288577154308617,0.250501002004008,0.2745490981963928,0.03206412825651302,agent_0008
4,490.0,0.012024048096192385,1.7266130812086227,0.8852928099999999,499,0.4529058116232465,0.27655310621242485,0.25851703406813625,0.012024048096192385,agent_0008
5,466.0,0.03807615230460922,2.0247090171784956,0.8587340256999999,499,0.40080160320641284,0.2545090180360721,0.3066132264529058,0.03807615230460922,agent_0008
6,493.0,0.01002004008016032,1.6970253544281355,0.8329720049289999,499,0.4408817635270541,0.2785571142284569,0.27054108216432865,0.01002004008016032,agent_0008
7,469.0,0.03006012024048096,1.7661752258291346,0.8079828447811299,499,0.43687374749499,0.22044088176352705,0.312625250501002,0.03006012024048096,agent_0008
8,487.0,0.012024048096192385,1.7221554152008225,0.783743359437696,499,0.44889779559118237,0.2565130260521042,0.28256513026052105,0.012024048096192385,agent_0008
9,466.0,0.03206412825651302,1.811327660417037,0.7602310586545651,499,0.40480961923847697,0.26452905811623245,0.2985971943887776,0.03206412825651302,agent_0008
10,454.0,0.04008016032064128,1.9407968073915651,0.7374241268949281,499,0.40681362725450904,0.28857715430861725,0.26452905811623245,0.04008016032064128,agent_0008
11,487.0,0.018036072144288578,1.7888930767018458,0.7153014030880802,499,0.48897795591182364,0.2845691382765531,0.20841683366733466,0.018036072144288578,agent_0008
12,460.0,0.036072144288577156,1.8926753411168873,0.6938423609954378,499,0.4909819639278557,0.23847695390781562,0.23446893787575152,0.036072144288577156,agent_0008
13,472.0,0.03406813627254509,1.9009712621839667,0.6730270901655747,499,0.533066132264529,0.21042084168336672,0.22244488977955912,0.03406813627254509,agent_0008
14,481.0,0.028056112224448898,1.7989850454382412,0.6528362774606075,499,0.48296593186372744,0.24448897795591182,0.24448897795591182,0.028056112224448898,agent_0008
15,442.0,0.06212424849699399,2.2515551382332233,0.6332511891367892,499,0.44288577154308617,0.2685370741482966,0.22645290581162325,0.06212424849699399,agent_0008
16,481.0,0.018036072144288578,1.6741470219535348,0.6142536534626856,499,0.42084168336673344,0.26452905811623245,0.2965931863727455,0.018036072144288578,agent_0008
17,481.0,0.018036072144288578,1.7431659781396056,0.595826043858805,499,0.48697394789579157,0.24048096192384769,0.2545090180360721,0.018036072144288578,agent_0008
18,481.0,0.028056112224448898,1.9179252916504026,0.5779512625430409,499,0.42084168336673344,0.2985971943887776,0.25250501002004005,0.028056112224448898,agent_0008
19,469.0,0.028056112224448898,1.8378563004026967,0.5606127246667496,499,0.45490981963927857,0.23246492985971945,0.2845691382765531,0.028056112224448898,agent_0008
20,466.0,0.036072144288577156,1.9321714451655034,0.5437943429267471,499,0.5050100200400801,0.250501002004008,0.20841683366733466,0.036072144288577156,agent_0008
21,490.0,0.008016032064128256,1.6276645445156963,0.5274805126389447,499,0.4709418837675351,0.21442885771543085,0.3066132264529058,0.008016032064128256,agent_0008
22,478.0,0.026052104208416832,1.841104075728803,0.5116560972597763,499,0.44288577154308617,0.2745490981963928,0.2565130260521042,0.026052104208416832,agent_0008
23,487.0,0.01603206412825651,1.7740887170722244,0.496306414341983,499,0.3967935871743487,0.30861723446893785,0.2785571142284569,0.01603206412825651,agent_0008
24,475.0,0.018036072144288578,1.7344026585088255,0.48141722191172354,499,0.4729458917835671,0.26452905811623245,0.24448897795591182,0.018036072144288578,agent_0008
25,475.0,0.03006012024048096,1.9135781647651047,0.4669747052543718,499,0.4288577154308617,0.24248496993987975,0.2985971943887776,0.03006012024048096,agent_0008
26,481.0,0.022044088176352707,1.8829191360946806,0.4529654640967406,499,0.3667334669338677,0.2905811623246493,0.32064128256513025,0.022044088176352707,agent_0008
27,493.0,0.008016032064128256,1.6884205890816837,0.4393765001738384,499,0.4248496993987976,0.2965931863727455,0.27054108216432865,0.008016032064128256,agent_0008
28,484.0,0.014028056112224449,1.6667383987723294,0.42619520516862325,499,0.43887775551102204,0.26452905811623245,0.28256513026052105,0.014028056112224449,agent_0008
29,478.0,0.022044088176352707,1.8838589692092778,0.4134093490135645,499,0.4168336673346693,0.2905811623246493,0.27054108216432865,0.022044088176352707,agent_0008
30,493.0,0.01603206412825651,1.7968508113093673,0.4010070685431576,499,0.3466933867735471,0.3026052104208417,0.3346693386773547,0.01603206412825651,agent_0008
31,460.0,0.036072144288577156,1.9837578232452142,0.38897685648686287,499,0.4168336673346693,0.2625250501002004,0.2845691382765531,0.036072144288577156,agent_0008
32,493.0,0.01002004008016032,1.6432951923180235,0.377307550792257,499,0.4749498997995992,0.23446893787575152,0.280561122244489,0.01002004008016032,agent_0008
33,484.0,0.01603206412825651,1.6778520282037745,0.36598832426848926,499,0.39879759519038077,0.28256513026052105,0.3026052104208417,0.01603206412825651,agent_0008
34,469.0,0.026052104208416832,1.8342655098956082,0.35500867454043455,499,0.4909819639278557,0.2685370741482966,0.21442885771543085,0.026052104208416832,agent_0008
35,469.0,0.02404809619238477,1.7640940571270174,0.3443584143042215,499,0.44488977955911824,0.2665330661322645,0.26452905811623245,0.02404809619238477,agent_0008
36,499.0,0.01002004008016032,1.683717170247446,0.3340276618750948,499,0.40080160320641284,0.26452905811623245,0.3246492985971944,0.01002004008016032,agent_0008
37,466.0,0.03206412825651302,1.9329590730157569,0.32400683201884195,499,0.4168336673346693,0.2725450901803607,0.2785571142284569,0.03206412825651302,agent_0008
38,478.0,0.026052104208416832,1.9272493170994047,0.3142866270582767,499,0.3527054108216433,0.3226452905811623,0.2985971943887776,0.026052104208416832,agent_0008
39,469.0,0.036072144288577156,2.096528203007345,0.3048580282465284,499,0.27655310621242485,0.3346693386773547,0.3527054108216433,0.036072144288577156,agent_0008
40,478.0,0.028056112224448898,1.9775996173316814,0.2957122873991326,499,0.4729458917835671,0.2625250501002004,0.23647294589178355,0.028056112224448898,agent_0008
41,475.0,0.026052104208416832,1.9027434637163074,0.2868409187771586,499,0.4709418837675351,0.25851703406813625,0.24448897795591182,0.026052104208416832,agent_0008
42,496.0,0.01603206412825651,1.8354180870238836,0.27823569121384384,499,0.4168336673346693,0.23647294589178355,0.3306613226452906,0.01603206412825651,agent_0008
43,475.0,0.03206412825651302,1.872646048869331,0.2698886204774285,499,0.42084168336673344,0.24448897795591182,0.3026052104208417,0.03206412825651302,agent_0008
44,490.0,0.014028056112224449,1.7184863933611094,0.26179196186310566,499,0.4348697394789579,0.2685370741482966,0.28256513026052105,0.014028056112224449,agent_0008
45,475.0,0.022044088176352707,1.8133390607044193,0.2539382030072125,499,0.3867735470941884,0.2965931863727455,0.29458917835671344,0.022044088176352707,agent_0008
46,478.0,0.02404809619238477,1.8847002257760275,0.2463200569169961,499,0.36072144288577157,0.32064128256513025,0.29458917835671344,0.02404809619238477,agent_0008
47,478.0,0.026052104208416832,1.9690174392401385,0.23893045520948622,499,0.36472945891783565,0.312625250501002,0.2965931863727455,0.026052104208416832,agent_0008
48,481.0,0.03006012024048096,2.0122451777730768,0.23176254155320164,499,0.4408817635270541,0.2685370741482966,0.2605210420841683,0.03006012024048096,agent_0008
49,490.0,0.014028056112224449,1.7919912449510902,0.2248096653066056,499,0.44889779559118237,0.2545090180360721,0.28256513026052105,0.014028056112224449,agent_0008
50,466.0,0.03006012024048096,1.8890829997605032,0.21806537534740741,499,0.4288577154308617,0.280561122244489,0.2605210420841683,0.03006012024048096,agent_0008
51,496.0,0.006012024048096192,1.6012245207249516,0.2115234140869852,499,0.5551102204408818,0.18837675350701402,0.250501002004008,0.006012024048096192,agent_0008
52,475.0,0.026052104208416832,1.7854415463441424,0.20517771166437562,499,0.5090180360721442,0.20440881763527055,0.2605210420841683,0.026052104208416832,agent_0008
53,499.0,0.0,1.487496452481004,0.19902238031444436,499,0.4729458917835671,0.22845691382765532,0.2985971943887776,0.0,agent_0008
54,460.0,0.028056112224448898,1.7617078506034578,0.19305170890501103,499,0.5190380761523046,0.21643286573146292,0.23647294589178355,0.028056112224448898,agent_0008
55,496.0,0.008016032064128256,1.5366741783646671,0.1872601576378607,499,0.5691382765531062,0.19238476953907815,0.23046092184368738,0.008016032064128256,agent_0008
56,469.0,0.03006012024048096,1.9207188920779636,0.18164235290872485,499,0.48697394789579157,0.24448897795591182,0.23847695390781562,0.03006012024048096,agent_0008
57,493.0,0.006012024048096192,1.7035960999348203,0.1761930823214631,499,0.34468937875751504,0.33266533066132264,0.3166332665330661,0.006012024048096192,agent_0008
58,478.0,0.026052104208416832,1.9037320775758189,0.17090728985181922,499,0.39478957915831664,0.2925851703406814,0.2865731462925852,0.026052104208416832,agent_0008
59,493.0,0.01002004008016032,1.6081849897555776,0.16578007115626464,499,0.5470941883767535,0.22044088176352705,0.22244488977955912,0.01002004008016032,agent_0008
60,466.0,0.03406813627254509,1.8829186074044544,0.1608066690215767,499,0.46092184368737477,0.22244488977955912,0.28256513026052105,0.03406813627254509,agent_0008
61,466.0,0.03406813627254509,1.9769243812441188,0.1559824689509294,499,0.3867735470941884,0.3166332665330661,0.2625250501002004,0.03406813627254509,agent_0008
62,487.0,0.018036072144288578,1.7820015158235956,0.1513029948824015,499,0.49899799599198397,0.23847695390781562,0.24448897795591182,0.018036072144288578,agent_0008
63,472.0,0.03807615230460922,1.9321046859856117,0.14676390503592945,499,0.4088176352705411,0.2665330661322645,0.2865731462925852,0.03807615230460922,agent_0008
64,472.0,0.03406813627254509,1.908252510240909,0.14236098788485158,499,0.45090180360721444,0.24048096192384769,0.2745490981963928,0.03406813627254509,agent_0008
65,490.0,0.012024048096192385,1.7316082948954667,0.13809015824830603,499,0.4288577154308617,0.2785571142284569,0.280561122244489,0.012024048096192385,agent_0008
66,478.0,0.03406813627254509,1.9108806450331768,0.13394745350085685,499,0.40681362725450904,0.2865731462925852,0.2725450901803607,0.03406813627254509,agent_0008
67,469.0,0.03206412825651302,1.9130446045143024,0.12992902989583113,499,0.5410821643286573,0.20440881763527055,0.22244488977955912,0.03206412825651302,agent_0008
68,478.0,0.022044088176352707,1.7536997582509104,0.1260311589989562,499,0.5190380761523046,0.23647294589178355,0.22244488977955912,0.022044088176352707,agent_0008
69,481.0,0.022044088176352707,1.7689167684619909,0.12225022422898751,499,0.5190380761523046,0.24649298597194388,0.2124248496993988,0.022044088176352707,agent_0008
70,454.0,0.04208416833667335,2.025695061080633,0.11858271750211788,499,0.503006012024048,0.23647294589178355,0.218436873747495,0.04208416833667335,agent_0008
71,460.0,0.04408817635270541,2.0425310134216867,0.11502523597705434,499,0.5150300601202404,0.22244488977955912,0.218436873747495,0.04408817635270541,agent_0008
72,478.0,0.02004008016032064,1.6908473359183454,0.1115744788977427,499,0.591182364729459,0.22044088176352705,0.1683366733466934,0.02004008016032064,agent_0008
73,484.0,0.02004008016032064,1.820539156423501,0.10822724453081042,499,0.533066132264529,0.23647294589178355,0.21042084168336672,0.02004008016032064,agent_0008
74,481.0,0.026052104208416832,1.9485603110563976,0.10498042719488611,499,0.3166332665330661,0.3066132264529058,0.35070140280561124,0.026052104208416832,agent_0008
75,475.0,0.02404809619238477,1.8397454421750146,0.10183101437903952,499,0.28256513026052105,0.3226452905811623,0.37074148296593185,0.02404809619238477,agent_0008
76,496.0,0.006012024048096192,1.7482621747927394,0.09877608394766833,499,0.3466933867735471,0.33266533066132264,0.31462925851703405,0.006012024048096192,agent_0008
77,493.0,0.01002004008016032,1.7307435549592747,0.09581280142923829,499,0.3066132264529058,0.3226452905811623,0.36072144288577157,0.01002004008016032,agent_0008
78,487.0,0.01603206412825651,1.817936392464616,0.09293841738636113,499,0.41282565130260523,0.28857715430861725,0.28256513026052105,0.01603206412825651,agent_0008
79,481.0,0.022044088176352707,1.701502687377861,0.09015026486477029,499,0.5190380761523046,0.22444889779559118,0.23446893787575152,0.022044088176352707,agent_0008
80,475.0,0.03006012024048096,1.9420067951154276,0.08744575691882718,499,0.35070140280561124,0.2845691382765531,0.3346693386773547,0.03006012024048096,agent_0008
81,496.0,0.004008016032064128,1.5497554661797854,0.08482238421126237,499,0.6312625250501002,0.18637274549098196,0.17835671342685372,0.004008016032064128,agent_0008
82,484.0,0.018036072144288578,1.6976245762303603,0.0822777126849245,499,0.5190380761523046,0.21643286573146292,0.24649298597194388,0.018036072144288578,agent_0008
83,490.0,0.01002004008016032,1.6129701142490669,0.07980938130437676,499,0.531062124248497,0.2124248496993988,0.24649298597194388,0.01002004008016032,agent_0008
84,490.0,0.01603206412825651,1.703572239777568,0.07741509986524546,499,0.5230460921843687,0.20641282565130262,0.2545090180360721,0.01603206412825651,agent_0008
85,493.0,0.006012024048096192,1.6418093999650911,0.0750926468692881,499,0.4729458917835671,0.25250501002004005,0.2685370741482966,0.006012024048096192,agent_0008
86,484.0,0.026052104208416832,1.9329373814611426,0.07283986746320946,499,0.3807615230460922,0.3046092184368738,0.28857715430861725,0.026052104208416832,agent_0008
87,472.0,0.028056112224448898,1.8959083349669739,0.07065467143931317,499,0.4408817635270541,0.24048096192384769,0.2905811623246493,0.028056112224448898,agent_0008
88,499.0,0.004008016032064128,1.595592538828721,0.06853503129613378,499,0.5871743486973948,0.23046092184368738,0.17835671342685372,0.004008016032064128,agent_0008
89,481.0,0.02404809619238477,1.8468219639850454,0.06647898035724976,499,0.56312625250501,0.22044088176352705,0.19238476953907815,0.02404809619238477,agent_0008
90,457.0,0.03807615230460922,1.8654941732952228,0.06448461094653227,499,0.5190380761523046,0.22645290581162325,0.21643286573146292,0.03807615230460922,agent_0008
91,481.0,0.022044088176352707,1.8696744596306853,0.06255007261813629,499,0.3967935871743487,0.27054108216432865,0.3106212424849699,0.022044088176352707,agent_0008
92,481.0,0.026052104208416832,1.8296730090418376,0.0606735704395922,499,0.42685370741482964,0.2725450901803607,0.2745490981963928,0.026052104208416832,agent_0008
93,493.0,0.01002004008016032,1.6771840846074502,0.05885336332640443,499,0.46292585170340683,0.2865731462925852,0.24048096192384769,0.01002004008016032,agent_0008
94,466.0,0.028056112224448898,1.8075850762445667,0.057087762426612294,499,0.5070140280561122,0.22244488977955912,0.24248496993987975,0.028056112224448898,agent_0008
95,490.0,0.014028056112224449,1.683500768695887,0.05537512955381393,499,0.5250501002004008,0.23446893787575152,0.22645290581162325,0.014028056112224449,agent_0008
96,487.0,0.01603206412825651,1.7419458507414955,0.053713875667199505,499,0.503006012024048,0.27054108216432865,0.21042084168336672,0.01603206412825651,agent_0008
97,487.0,0.014028056112224449,1.7858385442410423,0.05210245939718352,499,0.29458917835671344,0.3246492985971944,0.3667334669338677,0.014028056112224449,agent_0008
98,487.0,0.014028056112224449,1.7453596028857976,0.05053938561526801,499,0.3406813627254509,0.2925851703406814,0.3527054108216433,0.014028056112224449,agent_0008
99,490.0,0.01002004008016032,1.613749085392604,0.05,499,0.501002004008016,0.22244488977955912,0.2665330661322645,0.01002004008016032,agent_0008
100,469.0,0.03006012024048096,1.8873915365160034,0.05,499,0.3867735470941884,0.2785571142284569,0.3046092184368738,0.03006012024048096,agent_0008
101,457.0,0.04408817635270541,2.0772109670220615,0.05,499,0.34468937875751504,0.2545090180360721,0.35671342685370744,0.04408817635270541,agent_0008
102,481.0,0.022044088176352707,1.835524931233597,0.05,499,0.47695390781563124,0.2685370741482966,0.23246492985971945,0.022044088176352707,agent_0008
103,469.0,0.036072144288577156,1.9514367367373775,0.05,499,0.32064128256513025,0.27655310621242485,0.3667334669338677,0.036072144288577156,agent_0008
104,490.0,0.01603206412825651,1.7688997858285205,0.05,499,0.3667334669338677,0.28256513026052105,0.3346693386773547,0.01603206412825651,agent_0008
105,472.0,0.026052104208416832,1.9050878383772545,0.05,499,0.40080160320641284,0.2905811623246493,0.28256513026052105,0.026052104208416832,agent_0008
106,472.0,0.03006012024048096,1.9894111910419268,0.05,499,0.46092184368737477,0.25851703406813625,0.250501002004008,0.03006012024048096,agent_0008
107,496.0,0.01002004008016032,1.5847938095755056,0.05,499,0.655310621242485,0.1743486973947896,0.16032064128256512,0.01002004008016032,agent_0008
108,478.0,0.022044088176352707,1.722621218958026,0.05,499,0.6292585170340681,0.18036072144288579,0.1683366733466934,0.022044088176352707,agent_0008
109,478.0,0.022044088176352707,1.6479063212085512,0.05,499,0.657314629258517,0.15831663326653306,0.1623246492985972,0.022044088176352707,agent_0008
110,460.0,0.03807615230460922,1.886623438707035,0.05,499,0.6793587174348698,0.16432865731462926,0.11823647294589178,0.03807615230460922,agent_0008
111,499.0,0.004008016032064128,1.5922988298772485,0.05,499,0.685370741482966,0.1743486973947896,0.13627254509018036,0.004008016032064128,agent_0008
112,499.0,0.01603206412825651,1.7553355385390939,0.05,499,0.6753507014028056,0.1462925851703407,0.1623246492985972,0.01603206412825651,agent_0008
113,484.0,0.02004008016032064,1.7899368216183722,0.05,499,0.5250501002004008,0.23246492985971945,0.22244488977955912,0.02004008016032064,agent_0008
114,475.0,0.03006012024048096,1.894528436496571,0.05,499,0.501002004008016,0.2605210420841683,0.20841683366733466,0.03006012024048096,agent_0008
115,466.0,0.03206412825651302,1.9703893529798455,0.05,499,0.3927855711422846,0.28857715430861725,0.2865731462925852,0.03206412825651302,agent_0008
116,499.0,0.002004008016032064,1.6323470448548372,0.05,499,0.3627254509018036,0.30060120240480964,0.3346693386773547,0.002004008016032064,agent_0008
117,499.0,0.004008016032064128,1.6380891971435207,0.05,499,0.34468937875751504,0.2965931863727455,0.35470941883767537,0.004008016032064128,agent_0008
118,463.0,0.04208416833667335,2.068721969186764,0.05,499,0.3787575150300601,0.2745490981963928,0.3046092184368738,0.04208416833667335,agent_0008
119,475.0,0.026052104208416832,1.8577161878215558,0.05,499,0.5190380761523046,0.23246492985971945,0.22244488977955912,0.026052104208416832,agent_0008
0,460.0,0.03807615230460922,1.9494237038240256,1.0,499,0.44488977955911824,0.30060120240480964,0.21643286573146292,0.03807615230460922,agent_0009
1,466.0,0.03406813627254509,1.9525296974468738,0.97,499,0.46092184368737477,0.2665330661322645,0.23847695390781562,0.03406813627254509,agent_0009
2,463.0,0.03206412825651302,1.8446572668385648,0.9409,499,0.45490981963927857,0.24248496993987975,0.27054108216432865,0.03206412825651302,agent_0009
3,490.0,0.012024048096192385,1.7579714295534035,0.912673,499,0.4228456913827655,0.29458917835671344,0.27054108216432865,0.012024048096192385,agent_0009
4,472.0,0.03406813627254509,2.004595870595246,0.8852928099999999,499,0.49498997995991983,0.218436873747495,0.25250501002004005,0.03406813627254509,agent_0009
5,493.0,0.01002004008016032,1.657975944922408,0.8587340256999999,499,0.4408817635270541,0.2625250501002004,0.2865731462925852,0.01002004008016032,agent_0009
6,469.0,0.03006012024048096,1.8099452098518753,0.8329720049289999,499,0.3907815631262525,0.24448897795591182,0.3346693386773547,0.03006012024048096,agent_0009
7,487.0,0.012024048096192385,1.7330487284306517,0.8079828447811299,499,0.44288577154308617,0.25851703406813625,0.2865731462925852,0.012024048096192385,agent_0009
8,466.0,0.03206412825651302,1.7930586038891996,0.783743359437696,499,0.45691382765531063,0.23046092184368738,0.280561122244489,0.03206412825651302,agent_0009
9,448.0,0.04408817635270541,1.9856002823305876,0.7602310586545651,499,0.45691382765531063,0.26452905811623245,0.23446893787575152,0.04408817635270541,agent_0009
10,484.0,0.02004008016032064,1.790924307161721,0.7374241268949281,499,0.48096192384769537,0.280561122244489,0.218436873747495,0.02004008016032064,agent_0009
11,460.0,0.036072144288577156,1.9118570785409887,0.7153014030880802,499,0.43687374749499,0.250501002004008,0.27655310621242485,0.036072144288577156,agent_0009
12,481.0,0.028056112224448898,1.880288644442323,0.6938423609954378,499,0.5531062124248497,0.21042084168336672,0.20841683366733466,0.028056112224448898,agent_0009
13,475.0,0.03406813627254509,1.8514737433091752,0.6730270901655747,499,0.49298597194388777,0.24248496993987975,0.23046092184368738,0.03406813627254509,agent_0009
14,445.0,0.05811623246492986,2.2335190442992188,0.6528362774606075,499,0.5370741482965932,0.20841683366733466,0.1963927855711423,0.05811623246492986,agent_0009
15,484.0,0.01603206412825651,1.7058495189033662,0.6332511891367892,499,0.40080160320641284,0.2685370741482966,0.31462925851703405,0.01603206412825651,agent_0009
16,481.0,0.018036072144288578,1.7217617429968326,0.6142536534626856,499,0.5410821643286573,0.20440881763527055,0.23647294589178355,0.018036072144288578,agent_0009
17,475.0,0.028056112224448898,1.8584605765846087,0.595826043858805,499,0.44488977955911824,0.2665330661322645,0.2605210420841683,0.028056112224448898,agent_0009
18,469.0,0.028056112224448898,1.794455871423221,0.5779512625430409,499,0.4849699398797595,0.22645290581162325,0.2605210420841683,0.028056112224448898,agent_0009
19,466.0,0.036072144288577156,1.9716994327102302,0.5606127246667496,499,0.3627254509018036,0.3246492985971944,0.27655310621242485,0.036072144288577156,agent_0009
20,490.0,0.008016032064128256,1.703886233101069,0.5437943429267471,499,0.3867735470941884,0.2965931863727455,0.30861723446893785,0.008016032064128256,agent_0009
21,478.0,0.026052104208416832,1.8905125327692414,0.5274805126389447,499,0.374749498997996,0.31462925851703405,0.2845691382765531,0.026052104208416832,agent_0009
22,487.0,0.01603206412825651,1.6978100394440685,0.5116560972597763,499,0.503006012024048,0.23246492985971945,0.24849699398797595,0.01603206412825651,agent_0009
23,475.0,0.018036072144288578,1.7193573944910105,0.496306414341983,499,0.46292585170340683,0.2605210420841683,0.25851703406813625,0.018036072144288578,agent_0009
24,475.0,0.03006012024048096,1.9399254506944492,0.48141722191172354,499,0.46893787575150303,0.22444889779559118,0.27655310621242485,0.03006012024048096,agent_0009
25,472.0,0.028056112224448898,1.9429157997640596,0.4669747052543718,499,0.4088176352705411,0.2545090180360721,0.30861723446893785,0.028056112224448898,agent_0009
26,493.0,0.008016032064128256,1.6314507723633993,0.4529654640967406,499,0.5470941883767535,0.22244488977955912,0.22244488977955912,0.008016032064128256,agent_0009
27,484.0,0.014028056112224449,1.6726099473041773,0.4393765001738384,499,0.5050100200400801,0.23246492985971945,0.24849699398797595,0.014028056112224449,agent_0009
28,478.0,0.022044088176352707,1.8415360039619926,0.42619520516862325,499,0.43687374749499,0.2685370741482966,0.2725450901803607,0.022044088176352707,agent_0009
29,493.0,0.01603206412825651,1.7261871756070273,0.4134093490135645,499,0.5090180360721442,0.2565130260521042,0.218436873747495,0.01603206412825651,agent_0009
30,478.0,0.022044088176352707,1.8203438085024788,0.4010070685431576,499,0.43286573146292584,0.2565130260521042,0.28857715430861725,0.022044088176352707,agent_0009
31,493.0,0.012024048096192385,1.6764221226371459,0.38897685648686287,499,0.4228456913827655,0.2545090180360721,0.3106212424849699,0.012024048096192385,agent_0009
32,490.0,0.01002004008016032,1.564609112234318,0.377307550792257,499,0.5571142284569138,0.21643286573146292,0.21643286573146292,0.01002004008016032,agent_0009
33,463.0,0.03006012024048096,1.8434950253206885,0.36598832426848926,499,0.5891783567134269,0.21643286573146292,0.16432865731462926,0.03006012024048096,agent_0009
34,469.0,0.02404809619238477,1.8150700759148952,0.35500867454043455,499,0.4589178356713427,0.2565130260521042,0.2605210420841683,0.02404809619238477,agent_0009
35,499.0,0.01002004008016032,1.6825086575743664,0.3443584143042215,499,0.5290581162324649,0.23647294589178355,0.22444889779559118,0.01002004008016032,agent_0009
36,466.0,0.03206412825651302,1.9479881160499029,0.3340276618750948,499,0.3306613226452906,0.29458917835671344,0.342685370741483,0.03206412825651302,agent_0009
37,478.0,0.026052104208416832,1.9262854913273273,0.32400683201884195,499,0.3587174348697395,0.33266533066132264,0.28256513026052105,0.026052104208416832,agent_0009
38,466.0,0.03807615230460922,2.053018334356267,0.3142866270582767,499,0.36472945891783565,0.3046092184368738,0.2925851703406814,0.03807615230460922,agent_0009
39,466.0,0.036072144288577156,2.073523792099733,0.3048580282465284,499,0.3727454909819639,0.2985971943887776,0.2925851703406814,0.036072144288577156,agent_0009
40,472.0,0.028056112224448898,1.8825397436644975,0.2957122873991326,499,0.5490981963927856,0.21442885771543085,0.20841683366733466,0.028056112224448898,agent_0009
41,493.0,0.018036072144288578,1.9000208477500558,0.2868409187771586,499,0.3807615230460922,0.2745490981963928,0.32665330661322645,0.018036072144288578,agent_0009
42,430.0,0.06412825651302605,2.20273418258432,0.27823569121384384,499,0.36472945891783565,0.28256513026052105,0.28857715430861725,0.06412825651302605,agent_0009
43,493.0,0.012024048096192385,1.7065152806944837,0.2698886204774285,499,0.48096192384769537,0.250501002004008,0.2565130260521042,0.012024048096192385,agent_0009
44,460.0,0.03406813627254509,1.8689418737236312,0.26179196186310566,499,0.4709418837675351,0.24448897795591182,0.250501002004008,0.03406813627254509,agent_0009
45,478.0,0.02404809619238477,1.8778818207789543,0.2539382030072125,499,0.37675350701402804,0.3066132264529058,0.2925851703406814,0.02404809619238477,agent_0009
46,469.0,0.03206412825651302,1.9785180269233271,0.2463200569169961,499,0.3787575150300601,0.2925851703406814,0.2965931863727455,0.03206412825651302,agent_0009
47,463.0,0.04208416833667335,2.1566514791772318,0.23893045520948622,499,0.36472945891783565,0.3186372745490982,0.2745490981963928,0.04208416833667335,agent_0009
48,490.0,0.014028056112224449,1.7098225339459008,0.23176254155320164,499,0.5450901803607214,0.20641282565130262,0.23446893787575152,0.014028056112224449,agent_0009
49,466.0,0.03006012024048096,1.845239490912071,0.2248096653066056,499,0.45090180360721444,0.2605210420841683,0.25851703406813625,0.03006012024048096,agent_0009
50,493.0,0.008016032064128256,1.6337509108052861,0.21806537534740741,499,0.5230460921843687,0.20641282565130262,0.2625250501002004,0.008016032064128256,agent_0009
51,475.0,0.026052104208416832,1.864757225536255,0.2115234140869852,499,0.40480961923847697,0.2545090180360721,0.31462925851703405,0.026052104208416832,agent_0009
52,499.0,0.0,1.4352727055901722,0.20517771166437562,499,0.5470941883767535,0.18837675350701402,0.26452905811623245,0.0,agent_0009
53,460.0,0.028056112224448898,1.8136379859907412,0.19902238031444436,499,0.5110220440881763,0.22444889779559118,0.23647294589178355,0.028056112224448898,agent_0009
54,496.0,0.008016032064128256,1.6201925920795652,0.19305170890501103,499,0.3687374749498998,0.2685370741482966,0.35470941883767537,0.008016032064128256,agent_0009
55,460.0,0.036072144288577156,1.9830652854910567,0.1872601576378607,499,0.48697394789579157,0.24248496993987975,0.23446893787575152,0.036072144288577156,agent_0009
56,487.0,0.01002004008016032,1.6019182212491472,0.18164235290872485,499,0.6893787575150301,0.14228456913827656,0.15831663326653306,0.01002004008016032,agent_0009
57,484.0,0.018036072144288578,1.7273401284822194,0.1761930823214631,499,0.5350701402805611,0.22845691382765532,0.218436873747495,0.018036072144288578,agent_0009
58,493.0,0.01002004008016032,1.7011614394526073,0.17090728985181922,499,0.4168336673346693,0.3066132264529058,0.2665330661322645,0.01002004008016032,agent_0009
59,466.0,0.03406813627254509,1.9947639779248718,0.16578007115626464,499,0.3907815631262525,0.2685370741482966,0.3066132264529058,0.03406813627254509,agent_0009
60,460.0,0.03807615230460922,1.996242385323278,0.1608066690215767,499,0.3867735470941884,0.2925851703406814,0.28256513026052105,0.03807615230460922,agent_0009
61,487.0,0.018036072144288578,1.7947764045480534,0.1559824689509294,499,0.48697394789579157,0.24849699398797595,0.24649298597194388,0.018036072144288578,agent_0009
62,472.0,0.04008016032064128,1.9937655744120961,0.1513029948824015,499,0.4148296593186373,0.28857715430861725,0.2565130260521042,0.04008016032064128,agent_0009
63,463.0,0.03807615230460922,1.9009084837445311,0.14676390503592945,499,0.591182364729459,0.1903807615230461,0.18036072144288579,0.03807615230460922,agent_0009
64,490.0,0.012024048096192385,1.6843508733860175,0.14236098788485158,499,0.48897795591182364,0.24048096192384769,0.25851703406813625,0.012024048096192385,agent_0009
65,490.0,0.02404809619238477,1.7771597250255093,0.13809015824830603,499,0.46693386773547096,0.24649298597194388,0.2625250501002004,0.02404809619238477,agent_0009
66,463.0,0.04008016032064128,2.0800798160239427,0.13394745350085685,499,0.3406813627254509,0.312625250501002,0.3066132264529058,0.04008016032064128,agent_0009
67,475.0,0.028056112224448898,1.9673230710699845,0.12992902989583113,499,0.28857715430861725,0.32665330661322645,0.35671342685370744,0.028056112224448898,agent_0009
68,478.0,0.026052104208416832,1.8787975803924062,0.1260311589989562,499,0.33867735470941884,0.3186372745490982,0.3166332665330661,0.026052104208416832,agent_0009
69,469.0,0.03206412825651302,1.9309191685599794,0.12225022422898751,499,0.5350701402805611,0.21042084168336672,0.22244488977955912,0.03206412825651302,agent_0009
70,460.0,0.04208416833667335,2.0706296101592128,0.11858271750211788,499,0.49899799599198397,0.24448897795591182,0.21442885771543085,0.04208416833667335,agent_0009
71,478.0,0.02004008016032064,1.7749858730696069,0.11502523597705434,499,0.4729458917835671,0.27054108216432865,0.23647294589178355,0.02004008016032064,agent_0009
72,484.0,0.02004008016032064,1.9109558898381571,0.1115744788977427,499,0.3527054108216433,0.3366733466933868,0.2905811623246493,0.02004008016032064,agent_0009
73,487.0,0.02004008016032064,1.8501594956781333,0.10822724453081042,499,0.3406813627254509,0.2905811623246493,0.3486973947895792,0.02004008016032064,agent_0009
74,475.0,0.02404809619238477,1.799636832261293,0.10498042719488611,499,0.4028056112224449,0.2985971943887776,0.2745490981963928,0.02404809619238477,agent_0009
75,496.0,0.008016032064128256,1.6746159955042896,0.10183101437903952,499,0.5410821643286573,0.23246492985971945,0.218436873747495,0.008016032064128256,agent_0009
76,466.0,0.03206412825651302,1.7599174340383408,0.09877608394766833,499,0.5511022044088176,0.20040080160320642,0.21643286573146292,0.03206412825651302,agent_0009
77,484.0,0.018036072144288578,1.7324102096132685,0.09581280142923829,499,0.6012024048096193,0.19839679358717435,0.18236472945891782,0.018036072144288578,agent_0009
78,481.0,0.022044088176352707,1.654973275173829,0.09293841738636113,499,0.591182364729459,0.18236472945891782,0.20440881763527055,0.022044088176352707,agent_0009
79,460.0,0.03807615230460922,1.8823534869251892,0.09015026486477029,499,0.5751503006012024,0.17835671342685372,0.20841683366733466,0.03807615230460922,agent_0009
80,496.0,0.004008016032064128,1.5060413449851968,0.08744575691882718,499,0.6232464929859719,0.17234468937875752,0.20040080160320642,0.004008016032064128,agent_0009
81,478.0,0.02404809619238477,1.75576610831212,0.08482238421126237,499,0.5170340681362725,0.22244488977955912,0.23647294589178355,0.02404809619238477,agent_0009
82,490.0,0.01002004008016032,1.6224112601076022,0.0822777126849245,499,0.5290581162324649,0.22645290581162325,0.23446893787575152,0.01002004008016032,agent_0009
83,484.0,0.02004008016032064,1.785359031561836,0.07980938130437676,499,0.5150300601202404,0.21643286573146292,0.24849699398797595,0.02004008016032064,agent_0009
84,493.0,0.006012024048096192,1.5536172893209979,0.07741509986524546,499,0.6993987975951904,0.12224448897795591,0.17234468937875752,0.006012024048096192,agent_0009
85,487.0,0.02404809619238477,1.7592382575478445,0.0750926468692881,499,0.6452905811623246,0.15430861723446893,0.17635270541082165,0.02404809619238477,agent_0009
86,466.0,0.03206412825651302,1.9600443528289033,0.07283986746320946,499,0.4529058116232465,0.2605210420841683,0.2545090180360721,0.03206412825651302,agent_0009
87,499.0,0.004008016032064128,1.7507914518508307,0.07065467143931317,499,0.3847695390781563,0.3046092184368738,0.3066132264529058,0.004008016032064128,agent_0009
88,475.0,0.03406813627254509,1.9572325167368085,0.06853503129613378,499,0.4969939879759519,0.24048096192384769,0.22845691382765532,0.03406813627254509,agent_0009
89,448.0,0.04809619238476954,2.0874011809899087,0.06647898035724976,499,0.36472945891783565,0.2905811623246493,0.2965931863727455,0.04809619238476954,agent_0009
90,481.0,0.022044088176352707,1.8200452763652053,0.06448461094653227,499,0.43286573146292584,0.24849699398797595,0.2965931863727455,0.022044088176352707,agent_0009
91,490.0,0.01603206412825651,1.697633961015358,0.06255007261813629,499,0.4168336673346693,0.2785571142284569,0.28857715430861725,0.01603206412825651,agent_0009
92,493.0,0.01002004008016032,1.6912128896208514,0.0606735704395922,499,0.3587174348697395,0.3066132264529058,0.3246492985971944,0.01002004008016032,agent_0009
93,466.0,0.028056112224448898,1.8583397735098908,0.05885336332640443,499,0.3587174348697395,0.29458917835671344,0.3186372745490982,0.028056112224448898,agent_0009
94,490.0,0.014028056112224449,1.798864373444793,0.057087762426612294,499,0.35470941883767537,0.2905811623246493,0.3406813627254509,0.014028056112224449,agent_0009
95,487.0,0.01603206412825651,1.8622279475891876,0.05537512955381393,499,0.40480961923847697,0.32064128256513025,0.25851703406813625,0.01603206412825651,agent_0009
96,481.0,0.018036072144288578,1.8565221264533422,0.053713875667199505,499,0.2925851703406814,0.3527054108216433,0.3366733466933868,0.018036072144288578,agent_0009
97,487.0,0.014028056112224449,1.7591538534489137,0.05210245939718352,499,0.3486973947895792,0.29458917835671344,0.342685370741483,0.014028056112224449,agent_0009
98,478.0,0.018036072144288578,1.7057652951217404,0.05053938561526801,499,0.5270541082164328,0.24448897795591182,0.21042084168336672,0.018036072144288578,agent_0009
99,469.0,0.03006012024048096,1.8364681810867318,0.05,499,0.5070140280561122,0.21042084168336672,0.25250501002004005,0.03006012024048096,agent_0009
100,457.0,0.04408817635270541,1.9848982394280357,0.05,499,0.5090180360721442,0.2124248496993988,0.23446893787575152,0.04408817635270541,agent_0009
101,481.0,0.022044088176352707,1.790046242393786,0.05,499,0.49899799599198397,0.25250501002004005,0.22645290581162325,0.022044088176352707,agent_0009
102,469.0,0.036072144288577156,1.8773246045866965,0.05,499,0.4649298597194389,0.22244488977955912,0.27655310621242485,0.036072144288577156,agent_0009
103,478.0,0.026052104208416832,1.8415869109040663,0.05,499,0.5130260521042084,0.22645290581162325,0.23446893787575152,0.026052104208416832,agent_0009
104,490.0,0.014028056112224449,1.6950796850645284,0.05,499,0.7234468937875751,0.13026052104208416,0.13226452905811623,0.014028056112224449,agent_0009
105,472.0,0.03006012024048096,1.9517936778014107,0.05,499,0.5150300601202404,0.23446893787575152,0.22044088176352705,0.03006012024048096,agent_0009
106,496.0,0.01002004008016032,1.7523019351368614,0.05,499,0.312625250501002,0.36072144288577157,0.3166332665330661,0.01002004008016032,agent_0009
107,475.0,0.028056112224448898,1.9980823879090754,0.05,499,0.3106212424849699,0.3106212424849699,0.35070140280561124,0.028056112224448898,agent_0009
108,457.0,0.04208416833667335,1.8818189324746402,0.05,499,0.3967935871743487,0.3026052104208417,0.25851703406813625,0.04208416833667335,agent_0009
109,460.0,0.03807615230460922,1.8971034595620146,0.05,499,0.5430861723446894,0.24248496993987975,0.17635270541082165,0.03807615230460922,agent_0009
110,496.0,0.008016032064128256,1.6121276804511016,0.05,499,0.46292585170340683,0.23647294589178355,0.2925851703406814,0.008016032064128256,agent_0009
111,499.0,0.01603206412825651,1.8126350999286465,0.05,499,0.627254509018036,0.19238476953907815,0.16432865731462926,0.01603206412825651,agent_0009
112,484.0,0.02004008016032064,1.7644731533711768,0.05,499,0.7234468937875751,0.1342685370741483,0.12224448897795591,0.02004008016032064,agent_0009
113,475.0,0.026052104208416832,1.8125208972730127,0.05,499,0.6653306613226453,0.156312625250501,0.1523046092184369,0.026052104208416832,agent_0009
114,475.0,0.026052104208416832,1.9570327383521635,0.05,499,0.33266533066132264,0.3306613226452906,0.3106212424849699,0.026052104208416832,agent_0009
115,499.0,0.002004008016032064,1.6189132338854146,0.05,499,0.3727454909819639,0.2925851703406814,0.33266533066132264,0.002004008016032064,agent_0009
116,499.0,0.004008016032064128,1.5908897806674378,0.05,499,0.38877755511022044,0.280561122244489,0.32665330661322645,0.004008016032064128,agent_0009
117,466.0,0.03406813627254509,2.034391725188358,0.05,499,0.2845691382765531,0.312625250501002,0.3687374749498998,0.03406813627254509,agent_0009
118,484.0,0.022044088176352707,1.7894099066185083,0.05,499,0.5651302605210421,0.21643286573146292,0.1963927855711423,0.022044088176352707,agent_0009
119,481.0,0.028056112224448898,1.8558689420832226,0.05,499,0.4749498997995992,0.22244488977955912,0.2745490981963928,0.028056112224448898,agent_0009
0,457.0,0.04008016032064128,1.9604265987169769,1.0,499,0.48897795591182364,0.25851703406813625,0.2124248496993988,0.04008016032064128,agent_0010
1,469.0,0.028056112224448898,1.8404429741941282,0.97,499,0.45090180360721444,0.2545090180360721,0.2665330661322645,0.028056112224448898,agent_0010
2,490.0,0.012024048096192385,1.7838653153086454,0.9409,499,0.3787575150300601,0.3246492985971944,0.2845691382765531,0.012024048096192385,agent_0010
3,469.0,0.036072144288577156,2.0187465918454506,0.912673,499,0.46693386773547096,0.22845691382765532,0.2685370741482966,0.036072144288577156,agent_0010
4,493.0,0.01002004008016032,1.6633563402738027,0.8852928099999999,499,0.48096192384769537,0.25250501002004005,0.2565130260521042,0.01002004008016032,agent_0010
5,469.0,0.03006012024048096,1.7586544762980223,0.8587340256999999,499,0.45691382765531063,0.18837675350701402,0.3246492985971944,0.03006012024048096,agent_0010
6,487.0,0.012024048096192385,1.7118541711158382,0.8329720049289999,499,0.4348697394789579,0.2605210420841683,0.2925851703406814,0.012024048096192385,agent_0010
7,466.0,0.03206412825651302,1.749240489909435,0.8079828447811299,499,0.4468937875751503,0.218436873747495,0.3026052104208417,0.03206412825651302,agent_0010
8,454.0,0.04008016032064128,1.9350373189497443,0.783743359437696,499,0.4709418837675351,0.25250501002004005,0.23647294589178355,0.04008016032064128,agent_0010
9,484.0,0.02004008016032064,1.7976309692363883,0.7602310586545651,499,0.47695390781563124,0.2785571142284569,0.22444889779559118,0.02004008016032064,agent_0010
10,454.0,0.04008016032064128,1.9338255193499454,0.7374241268949281,499,0.4589178356713427,0.25250501002004005,0.24849699398797595,0.04008016032064128,agent_0010
11,472.0,0.03406813627254509,1.9595120229289995,0.7153014030880802,499,0.44488977955911824,0.2665330661322645,0.2545090180360721,0.03406813627254509,agent_0010
12,481.0,0.028056112224448898,1.7657797117771834,0.6938423609954378,499,0.48296593186372744,0.24649298597194388,0.24248496993987975,0.028056112224448898,agent_0010
13,442.0,0.06012024048096192,2.2548491267915787,0.6730270901655747,499,0.4468937875751503,0.2545090180360721,0.23847695390781562,0.06012024048096192,agent_0010
14,481.0,0.018036072144288578,1.6207861364861649,0.6528362774606075,499,0.5210420841683366,0.21442885771543085,0.24649298597194388,0.018036072144288578,agent_0010
15,475.0,0.02404809619238477,1.7027716361628067,0.6332511891367892,499,0.5871743486973948,0.18036072144288579,0.20841683366733466,0.02404809619238477,agent_0010
16,475.0,0.03006012024048096,1.8373779847298972,0.6142536534626856,499,0.5210420841683366,0.22044088176352705,0.22845691382765532,0.03006012024048096,agent_0010
17,469.0,0.028056112224448898,1.8287246519356553,0.595826043858805,499,0.44488977955911824,0.24048096192384769,0.2865731462925852,0.028056112224448898,agent_0010
18,466.0,0.036072144288577156,1.8884512889291454,0.5779512625430409,499,0.5651302605210421,0.21042084168336672,0.18837675350701402,0.036072144288577156,agent_0010
19,490.0,0.008016032064128256,1.6407730821894204,0.5606127246667496,499,0.48296593186372744,0.23847695390781562,0.27054108216432865,0.008016032064128256,agent_0010
20,478.0,0.026052104208416832,1.8641611835080256,0.5437943429267471,499,0.44488977955911824,0.28857715430861725,0.24048096192384769,0.026052104208416832,agent_0010
21,484.0,0.022044088176352707,1.7900455698878246,0.5274805126389447,499,0.4849699398797595,0.24849699398797595,0.24448897795591182,0.022044088176352707,agent_0010
22,475.0,0.018036072144288578,1.7057860627595234,0.5116560972597763,499,0.531062124248497,0.23847695390781562,0.2124248496993988,0.018036072144288578,agent_0010
23,466.0,0.03807615230460922,2.01475814401879,0.496306414341983,499,0.5551102204408818,0.20440881763527055,0.20240480961923848,0.03807615230460922,agent_0010
24,472.0,0.028056112224448898,1.9086712352882718,0.48141722191172354,499,0.5210420841683366,0.1963927855711423,0.2545090180360721,0.028056112224448898,agent_0010
25,496.0,0.006012024048096192,1.6324710966638138,0.4669747052543718,499,0.47695390781563124,0.24849699398797595,0.2685370741482966,0.006012024048096192,agent_0010
26,481.0,0.01603206412825651,1.6914757227594246,0.4529654640967406,499,0.4168336673346693,0.280561122244489,0.2865731462925852,0.01603206412825651,agent_0010
27,478.0,0.022044088176352707,1.8010224604662775,0.4393765001738384,499,0.533066132264529,0.2124248496993988,0.23246492985971945,0.022044088176352707,agent_0010
28,493.0,0.01603206412825651,1.7735769868613884,0.42619520516862325,499,0.42084168336673344,0.2905811623246493,0.2725450901803607,0.01603206412825651,agent_0010
29,469.0,0.03006012024048096,1.8694607441390303,0.4134093490135645,499,0.5591182364729459,0.20841683366733466,0.20240480961923848,0.03006012024048096,agent_0010
30,493.0,0.01002004008016032,1.583859621900688,0.4010070685431576,499,0.6172344689378757,0.17234468937875752,0.20040080160320642,0.01002004008016032,agent_0010
31,490.0,0.01002004008016032,1.5746648254310978,0.38897685648686287,499,0.501002004008016,0.24649298597194388,0.24248496993987975,0.01002004008016032,agent_0010
32,469.0,0.028056112224448898,1.841455768727722,0.377307550792257,499,0.627254509018036,0.1903807615230461,0.15430861723446893,0.028056112224448898,agent_0010
33,469.0,0.026052104208416832,1.8668285553668742,0.36598832426848926,499,0.3286573146292585,0.31462925851703405,0.3306613226452906,0.026052104208416832,agent_0010
34,499.0,0.01002004008016032,1.6893704443072974,0.35500867454043455,499,0.46092184368737477,0.2785571142284569,0.250501002004008,0.01002004008016032,agent_0010
35,466.0,0.03206412825651302,1.9192777239210863,0.3443584143042215,499,0.42685370741482964,0.24048096192384769,0.30060120240480964,0.03206412825651302,agent_0010
36,478.0,0.026052104208416832,1.901490604193125,0.3340276618750948,499,0.42084168336673344,0.2865731462925852,0.2665330661322645,0.026052104208416832,agent_0010
37,454.0,0.04609218436873747,2.0759864733637863,0.32400683201884195,499,0.4168336673346693,0.2745490981963928,0.2625250501002004,0.04609218436873747,agent_0010
38,478.0,0.028056112224448898,1.9757863617616853,0.3142866270582767,499,0.40480961923847697,0.2985971943887776,0.2685370741482966,0.028056112224448898,agent_0010
39,472.0,0.028056112224448898,1.8661084882854202,0.3048580282465284,499,0.5831663326653307,0.19238476953907815,0.1963927855711423,0.028056112224448898,agent_0010
40,496.0,0.018036072144288578,1.8999143855078895,0.2957122873991326,499,0.4529058116232465,0.25250501002004005,0.27655310621242485,0.018036072144288578,agent_0010
41,466.0,0.036072144288577156,1.9684662659416856,0.2868409187771586,499,0.342685370741483,0.3066132264529058,0.31462925851703405,0.036072144288577156,agent_0010
42,493.0,0.012024048096192385,1.7690262867298723,0.27823569121384384,499,0.37074148296593185,0.29458917835671344,0.3226452905811623,0.012024048096192385,agent_0010
43,469.0,0.026052104208416832,1.9076948899513453,0.2698886204774285,499,0.30060120240480964,0.3587174348697395,0.31462925851703405,0.026052104208416832,agent_0010
44,478.0,0.02404809619238477,1.84879322123496,0.26179196186310566,499,0.3667334669338677,0.3026052104208417,0.3066132264529058,0.02404809619238477,agent_0010
45,478.0,0.026052104208416832,1.847358525246865,0.2539382030072125,499,0.5070140280561122,0.23847695390781562,0.22845691382765532,0.026052104208416832,agent_0010
46,472.0,0.03406813627254509,2.0367304826500714,0.2463200569169961,499,0.45090180360721444,0.2665330661322645,0.24849699398797595,0.03406813627254509,agent_0010
47,490.0,0.012024048096192385,1.7836307639567826,0.23893045520948622,499,0.36472945891783565,0.280561122244489,0.342685370741483,0.012024048096192385,agent_0010
48,466.0,0.03406813627254509,1.9804974497699332,0.23176254155320164,499,0.3967935871743487,0.2925851703406814,0.27655310621242485,0.03406813627254509,agent_0010
49,496.0,0.006012024048096192,1.5981144157851088,0.2248096653066056,499,0.4909819639278557,0.22244488977955912,0.280561122244489,0.006012024048096192,agent_0010
50,475.0,0.026052104208416832,1.8014268704316592,0.21806537534740741,499,0.49498997995991983,0.25250501002004005,0.22645290581162325,0.026052104208416832,agent_0010
51,499.0,0.002004008016032064,1.5672685191286992,0.2115234140869852,499,0.35470941883767537,0.2785571142284569,0.36472945891783565,0.002004008016032064,agent_0010
52,460.0,0.028056112224448898,1.8385275386873465,0.20517771166437562,499,0.39478957915831664,0.27655310621242485,0.30060120240480964,0.028056112224448898,agent_0010
53,496.0,0.008016032064128256,1.6393741931705337,0.19902238031444436,499,0.43687374749499,0.280561122244489,0.2745490981963928,0.008016032064128256,agent_0010
54,460.0,0.036072144288577156,1.988670680638368,0.19305170890501103,499,0.45691382765531063,0.27655310621242485,0.23046092184368738,0.036072144288577156,agent_0010
55,493.0,0.006012024048096192,1.5614645316818498,0.1872601576378607,499,0.5571142284569138,0.2124248496993988,0.22444889779559118,0.006012024048096192,agent_0010
56,484.0,0.01603206412825651,1.7314941712596768,0.18164235290872485,499,0.6112224448897795,0.19839679358717435,0.1743486973947896,0.01603206412825651,agent_0010
57,493.0,0.01002004008016032,1.6263635035974915,0.1761930823214631,499,0.5951903807615231,0.20240480961923848,0.19238476953907815,0.01002004008016032,agent_0010
58,466.0,0.03406813627254509,1.8939289356323645,0.17090728985181922,499,0.5531062124248497,0.20040080160320642,0.2124248496993988,0.03406813627254509,agent_0010
59,466.0,0.03406813627254509,1.9579760888313944,0.16578007115626464,499,0.3587174348697395,0.32665330661322645,0.280561122244489,0.03406813627254509,agent_0010
60,487.0,0.018036072144288578,1.8132390289021558,0.1608066690215767,499,0.4529058116232465,0.27655310621242485,0.25250501002004005,0.018036072144288578,agent_0010
61,475.0,0.03807615230460922,1.9604730451980188,0.1559824689509294,499,0.46292585170340683,0.2545090180360721,0.24448897795591182,0.03807615230460922,agent_0010
62,472.0,0.03206412825651302,1.8631238698875368,0.1513029948824015,499,0.46292585170340683,0.23647294589178355,0.2685370741482966,0.03206412825651302,agent_0010
63,490.0,0.012024048096192385,1.6625398988828775,0.14676390503592945,499,0.56312625250501,0.18837675350701402,0.23647294589178355,0.012024048096192385,agent_0010
64,478.0,0.03406813627254509,1.8471501218493853,0.14236098788485158,499,0.6472945891783567,0.1623246492985972,0.156312625250501,0.03406813627254509,agent_0010
65,475.0,0.028056112224448898,1.847023941598694,0.13809015824830603,499,0.5070140280561122,0.23046092184368738,0.23446893787575152,0.028056112224448898,agent_0010
66,478.0,0.022044088176352707,1.7796862984983137,0.13394745350085685,499,0.5270541082164328,0.22444889779559118,0.22645290581162325,0.022044088176352707,agent_0010
67,481.0,0.02404809619238477,1.8082591075389696,0.12992902989583113,499,0.39879759519038077,0.2845691382765531,0.2925851703406814,0.02404809619238477,agent_0010
68,469.0,0.03206412825651302,1.9660135189639714,0.1260311589989562,499,0.3867735470941884,0.28256513026052105,0.2985971943887776,0.03206412825651302,agent_0010
69,460.0,0.04208416833667335,2.049673393745318,0.12225022422898751,499,0.43887775551102204,0.2565130260521042,0.2625250501002004,0.04208416833667335,agent_0010
70,478.0,0.02004008016032064,1.7185622748894753,0.11858271750211788,499,0.6713426853707415,0.16032064128256512,0.14829659318637275,0.02004008016032064,agent_0010
71,487.0,0.02004008016032064,1.8542706375835327,0.11502523597705434,499,0.5511022044088176,0.23647294589178355,0.19238476953907815,0.02004008016032064,agent_0010
72,487.0,0.02004008016032064,1.8299418729937413,0.1115744788977427,499,0.4168336673346693,0.24849699398797595,0.31462925851703405,0.02004008016032064,agent_0010
73,478.0,0.02004008016032064,1.6983894141697697,0.10822724453081042,499,0.5390781563126252,0.2124248496993988,0.22845691382765532,0.02004008016032064,agent_0010
74,496.0,0.006012024048096192,1.6145456256743091,0.10498042719488611,499,0.6172344689378757,0.19839679358717435,0.17835671342685372,0.006012024048096192,agent_0010
75,493.0,0.01002004008016032,1.585473055038032,0.10183101437903952,499,0.5891783567134269,0.18236472945891782,0.218436873747495,0.01002004008016032,agent_0010
76,475.0,0.026052104208416832,1.921938225331456,0.09877608394766833,499,0.41082164328657317,0.29458917835671344,0.2685370741482966,0.026052104208416832,agent_0010
77,481.0,0.022044088176352707,1.780988755075712,0.09581280142923829,499,0.4308617234468938,0.27655310621242485,0.27054108216432865,0.022044088176352707,agent_0010
78,475.0,0.03006012024048096,1.869751375571941,0.09293841738636113,499,0.4288577154308617,0.2565130260521042,0.2845691382765531,0.03006012024048096,agent_0010
79,496.0,0.004008016032064128,1.5296034607555464,0.09015026486477029,499,0.4709418837675351,0.2665330661322645,0.25851703406813625,0.004008016032064128,agent_0010
80,484.0,0.018036072144288578,1.7018034234107007,0.08744575691882718,499,0.46893787575150303,0.24448897795591182,0.2685370741482966,0.018036072144288578,agent_0010
81,490.0,0.01002004008016032,1.6444837387531954,0.08482238421126237,499,0.501002004008016,0.24448897795591182,0.24448897795591182,0.01002004008016032,agent_0010
82,490.0,0.01603206412825651,1.7516932633976643,0.0822777126849245,499,0.49899799599198397,0.23446893787575152,0.250501002004008,0.01603206412825651,agent_0010
83,493.0,0.006012024048096192,1.5987924860774165,0.07980938130437676,499,0.6072144288577155,0.1903807615230461,0.1963927855711423,0.006012024048096192,agent_0010
84,490.0,0.022044088176352707,1.8059628976168962,0.07741509986524546,499,0.5190380761523046,0.22444889779559118,0.23446893787575152,0.022044088176352707,agent_0010
85,472.0,0.028056112224448898,1.797824131934318,0.0750926468692881,499,0.5450901803607214,0.1903807615230461,0.23647294589178355,0.028056112224448898,agent_0010
86,499.0,0.004008016032064128,1.704359460879443,0.07283986746320946,499,0.47695390781563124,0.2865731462925852,0.23246492985971945,0.004008016032064128,agent_0010
87,481.0,0.02404809619238477,1.8423619620659795,0.07065467143931317,499,0.5731462925851704,0.19438877755511022,0.20841683366733466,0.02404809619238477,agent_0010
88,457.0,0.03807615230460922,1.9494978386343698,0.06853503129613378,499,0.3907815631262525,0.26452905811623245,0.3066132264529058,0.03807615230460922,agent_0010
89,487.0,0.018036072144288578,1.7851854638243532,0.06647898035724976,499,0.4408817635270541,0.23847695390781562,0.3026052104208417,0.018036072144288578,agent_0010
90,490.0,0.01603206412825651,1.6869639867144381,0.06448461094653227,499,0.48096192384769537,0.24448897795591182,0.25851703406813625,0.01603206412825651,agent_0010
91,493.0,0.01002004008016032,1.6756794685517533,0.06255007261813629,499,0.4589178356713427,0.2745490981963928,0.2565130260521042,0.01002004008016032,agent_0010
92,466.0,0.028056112224448898,1.8351455406929924,0.0606735704395922,499,0.4589178356713427,0.25250501002004005,0.2605210420841683,0.028056112224448898,agent_0010
93,484.0,0.022044088176352707,1.8467427550121895,0.05885336332640443,499,0.44488977955911824,0.24448897795591182,0.28857715430861725,0.022044088176352707,agent_0010
94,487.0,0.01603206412825651,1.8048212477040502,0.057087762426612294,499,0.48296593186372744,0.2905811623246493,0.21042084168336672,0.01603206412825651,agent_0010
95,487.0,0.014028056112224449,1.6661913214019768,0.05537512955381393,499,0.5190380761523046,0.2625250501002004,0.20440881763527055,0.014028056112224449,agent_0010
96,487.0,0.014028056112224449,1.7030484487017405,0.053713875667199505,499,0.48697394789579157,0.25250501002004005,0.24649298597194388,0.014028056112224449,agent_0010
97,490.0,0.01002004008016032,1.6180192495218628,0.05210245939718352,499,0.685370741482966,0.14829659318637275,0.156312625250501,0.01002004008016032,agent_0010
98,478.0,0.022044088176352707,1.7838024703417388,0.05053938561526801,499,0.5110220440881763,0.21643286573146292,0.250501002004008,0.022044088176352707,agent_0010
99,463.0,0.04208416833667335,2.075203427262862,0.05,499,0.3667334669338677,0.27054108216432865,0.32064128256513025,0.04208416833667335,agent_0010
100,481.0,0.022044088176352707,1.8119196163889688,0.05,499,0.5270541082164328,0.24849699398797595,0.20240480961923848,0.022044088176352707,agent_0010
101,466.0,0.04008016032064128,1.9380744286816554,0.05,499,0.6312625250501002,0.15831663326653306,0.17034068136272545,0.04008016032064128,agent_0010
102,490.0,0.01603206412825651,1.7299789445747709,0.05,499,0.45691382765531063,0.24849699398797595,0.2785571142284569,0.01603206412825651,agent_0010
103,472.0,0.026052104208416832,1.839622711098189,0.05,499,0.4649298597194389,0.24448897795591182,0.26452905811623245,0.026052104208416832,agent_0010
104,481.0,0.022044088176352707,1.8964887783677515,0.05,499,0.3847695390781563,0.3246492985971944,0.2685370741482966,0.022044088176352707,agent_0010
105,496.0,0.01002004008016032,1.7372031666759988,0.05,499,0.3787575150300601,0.34468937875751504,0.2665330661322645,0.01002004008016032,agent_0010
106,478.0,0.022044088176352707,1.869409679586227,0.05,499,0.3867735470941884,0.2925851703406814,0.2985971943887776,0.022044088176352707,agent_0010
107,478.0,0.022044088176352707,1.7208454764928338,0.05,499,0.40080160320641284,0.3106212424849699,0.2665330661322645,0.022044088176352707,agent_0010
108,460.0,0.03807615230460922,1.9532376486260417,0.05,499,0.3466933867735471,0.3406813627254509,0.2745490981963928,0.03807615230460922,agent_0010
109,499.0,0.004008016032064128,1.7523589160064288,0.05,499,0.2685370741482966,0.3466933867735471,0.3807615230460922,0.004008016032064128,agent_0010
110,499.0,0.01603206412825651,1.8367551237972308,0.05,499,0.4228456913827655,0.2565130260521042,0.3046092184368738,0.01603206412825651,agent_0010
111,484.0,0.02004008016032064,1.8001489513246247,0.05,499,0.43286573146292584,0.280561122244489,0.2665330661322645,0.02004008016032064,agent_0010
112,475.0,0.028056112224448898,1.8702155175382247,0.05,499,0.48697394789579157,0.2605210420841683,0.22444889779559118,0.028056112224448898,agent_0010
113,466.0,0.03206412825651302,1.9139933178456068,0.05,499,0.503006012024048,0.22244488977955912,0.24248496993987975,0.03206412825651302,agent_0010
114,499.0,0.002004008016032064,1.5073273010388326,0.05,499,0.5951903807615231,0.19238476953907815,0.21042084168336672,0.002004008016032064,agent_0010
115,499.0,0.004008016032064128,1.5869768491084415,0.05,499,0.5250501002004008,0.22845691382765532,0.24248496993987975,0.004008016032064128,agent_0010
116,463.0,0.04408817635270541,2.142595084432229,0.05,499,0.5110220440881763,0.24448897795591182,0.20040080160320642,0.04408817635270541,agent_0010
117,484.0,0.02004008016032064,1.8255592378331993,0.05,499,0.5050100200400801,0.2545090180360721,0.22044088176352705,0.02004008016032064,agent_0010
118,481.0,0.028056112224448898,1.9781452553849717,0.05,499,0.3246492985971944,0.2965931863727455,0.35070140280561124,0.028056112224448898,agent_0010
119,457.0,0.04408817635270541,2.1811818223127064,0.05,499,0.3366733466933868,0.3466933867735471,0.2725450901803607,0.04408817635270541,agent_0010
0,469.0,0.028056112224448898,1.837293359638232,1.0,499,0.4589178356713427,0.23246492985971945,0.280561122244489,0.028056112224448898,agent_0011
1,490.0,0.012024048096192385,1.7313564875168852,0.97,499,0.4729458917835671,0.2605210420841683,0.2545090180360721,0.012024048096192385,agent_0011
2,469.0,0.036072144288577156,2.02602378781392,0.9409,499,0.44288577154308617,0.22845691382765532,0.2925851703406814,0.036072144288577156,agent_0011
3,493.0,0.01002004008016032,1.6508088265599876,0.912673,499,0.503006012024048,0.23446893787575152,0.25250501002004005,0.01002004008016032,agent_0011
4,463.0,0.036072144288577156,1.8583683101328339,0.8852928099999999,499,0.4308617234468938,0.2124248496993988,0.32064128256513025,0.036072144288577156,agent_0011
5,487.0,0.012024048096192385,1.727141980345596,0.8587340256999999,499,0.4589178356713427,0.250501002004008,0.2785571142284569,0.012024048096192385,agent_0011
6,466.0,0.03206412825651302,1.8188905518993397,0.8329720049289999,499,0.42084168336673344,0.26452905811623245,0.28256513026052105,0.03206412825651302,agent_0011
7,454.0,0.04008016032064128,1.946053652910391,0.8079828447811299,499,0.43286573146292584,0.280561122244489,0.24649298597194388,0.04008016032064128,agent_0011
8,487.0,0.018036072144288578,1.8277898795583554,0.783743359437696,499,0.40080160320641284,0.3286573146292585,0.25250501002004005,0.018036072144288578,agent_0011
9,454.0,0.04008016032064128,1.92214089700988,0.7602310586545651,499,0.5731462925851704,0.18637274549098196,0.20040080160320642,0.04008016032064128,agent_0011
10,472.0,0.03406813627254509,1.9568919068168897,0.7374241268949281,499,0.5250501002004008,0.22645290581162325,0.21442885771543085,0.03406813627254509,agent_0011
11,481.0,0.028056112224448898,1.8156633929086379,0.7153014030880802,499,0.4649298597194389,0.2665330661322645,0.24048096192384769,0.028056112224448898,agent_0011
12,442.0,0.06012024048096192,2.2323849816665895,0.6938423609954378,499,0.47695390781563124,0.250501002004008,0.2124248496993988,0.06012024048096192,agent_0011
13,481.0,0.018036072144288578,1.7384285073305306,0.6730270901655747,499,0.4028056112224449,0.2745490981963928,0.3046092184368738,0.018036072144288578,agent_0011
14,481.0,0.018036072144288578,1.6991273807760305,0.6528362774606075,499,0.5410821643286573,0.218436873747495,0.22244488977955912,0.018036072144288578,agent_0011
15,484.0,0.02404809619238477,1.811681290280177,0.6332511891367892,499,0.5070140280561122,0.23446893787575152,0.23446893787575152,0.02404809619238477,agent_0011
16,469.0,0.028056112224448898,1.8217570018411036,0.6142536534626856,499,0.48096192384769537,0.22244488977955912,0.2685370741482966,0.028056112224448898,agent_0011
17,466.0,0.036072144288577156,1.8591987362028515,0.595826043858805,499,0.593186372745491,0.18236472945891782,0.18837675350701402,0.036072144288577156,agent_0011
18,490.0,0.008016032064128256,1.6791154013192364,0.5779512625430409,499,0.4228456913827655,0.2745490981963928,0.29458917835671344,0.008016032064128256,agent_0011
19,478.0,0.026052104208416832,1.882744626581397,0.5606127246667496,499,0.41082164328657317,0.31462925851703405,0.24849699398797595,0.026052104208416832,agent_0011
20,481.0,0.02004008016032064,1.7653133240568297,0.5437943429267471,499,0.41282565130260523,0.2845691382765531,0.28256513026052105,0.02004008016032064,agent_0011
21,475.0,0.018036072144288578,1.737905092358929,0.5274805126389447,499,0.5651302605210421,0.22444889779559118,0.19238476953907815,0.018036072144288578,agent_0011
22,475.0,0.03006012024048096,1.911468733563413,0.5116560972597763,499,0.44288577154308617,0.24048096192384769,0.2865731462925852,0.03006012024048096,agent_0011
23,481.0,0.022044088176352707,1.838429553925693,0.496306414341983,499,0.44488977955911824,0.24248496993987975,0.2905811623246493,0.022044088176352707,agent_0011
24,493.0,0.008016032064128256,1.6193843248220743,0.48141722191172354,499,0.5671342685370742,0.20240480961923848,0.22244488977955912,0.008016032064128256,agent_0011
25,484.0,0.014028056112224449,1.6306384622187522,0.4669747052543718,499,0.4969939879759519,0.23046092184368738,0.25851703406813625,0.014028056112224449,agent_0011
26,478.0,0.022044088176352707,1.8087229022561515,0.4529654640967406,499,0.48096192384769537,0.250501002004008,0.24649298597194388,0.022044088176352707,agent_0011
27,493.0,0.01603206412825651,1.7881593042490005,0.4393765001738384,499,0.42685370741482964,0.2925851703406814,0.26452905811623245,0.01603206412825651,agent_0011
28,460.0,0.036072144288577156,1.9044702162529639,0.42619520516862325,499,0.46292585170340683,0.24048096192384769,0.2605210420841683,0.036072144288577156,agent_0011
29,493.0,0.012024048096192385,1.6705483380531985,0.4134093490135645,499,0.4168336673346693,0.2625250501002004,0.30861723446893785,0.012024048096192385,agent_0011
30,493.0,0.014028056112224449,1.6536487405420637,0.4010070685431576,499,0.45691382765531063,0.2665330661322645,0.2625250501002004,0.014028056112224449,agent_0011
31,469.0,0.026052104208416832,1.7585509834902129,0.38897685648686287,499,0.5651302605210421,0.218436873747495,0.1903807615230461,0.026052104208416832,agent_0011
32,469.0,0.02404809619238477,1.8155334354303276,0.377307550792257,499,0.40080160320641284,0.2785571142284569,0.2965931863727455,0.02404809619238477,agent_0011
33,499.0,0.01002004008016032,1.6814094714107302,0.36598832426848926,499,0.3867735470941884,0.2865731462925852,0.3166332665330661,0.01002004008016032,agent_0011
34,469.0,0.03006012024048096,1.843797053866914,0.35500867454043455,499,0.4348697394789579,0.2545090180360721,0.280561122244489,0.03006012024048096,agent_0011
35,478.0,0.026052104208416832,1.7686496435591743,0.3443584143042215,499,0.5370741482965932,0.20841683366733466,0.22845691382765532,0.026052104208416832,agent_0011
36,463.0,0.04008016032064128,1.9469238664876138,0.3340276618750948,499,0.5210420841683366,0.19438877755511022,0.24448897795591182,0.04008016032064128,agent_0011
37,478.0,0.028056112224448898,1.9849216036995172,0.32400683201884195,499,0.45691382765531063,0.2865731462925852,0.22845691382765532,0.028056112224448898,agent_0011
38,475.0,0.028056112224448898,1.9502928042612044,0.3142866270582767,499,0.45691382765531063,0.26452905811623245,0.250501002004008,0.028056112224448898,agent_0011
39,496.0,0.01603206412825651,1.81611324802118,0.3048580282465284,499,0.5110220440881763,0.23246492985971945,0.24048096192384769,0.01603206412825651,agent_0011
40,469.0,0.03406813627254509,1.8753789873330065,0.2957122873991326,499,0.531062124248497,0.21442885771543085,0.22044088176352705,0.03406813627254509,agent_0011
41,490.0,0.018036072144288578,1.7652653391335855,0.2868409187771586,499,0.6172344689378757,0.16633266533066132,0.19839679358717435,0.018036072144288578,agent_0011
42,475.0,0.022044088176352707,1.7683541756255254,0.27823569121384384,499,0.38877755511022044,0.2965931863727455,0.2925851703406814,0.022044088176352707,agent_0011
43,478.0,0.02404809619238477,1.8762750396750112,0.2698886204774285,499,0.39879759519038077,0.30060120240480964,0.27655310621242485,0.02404809619238477,agent_0011
44,478.0,0.026052104208416832,1.976312344226179,0.26179196186310566,499,0.31462925851703405,0.3406813627254509,0.3186372745490982,0.026052104208416832,agent_0011
45,469.0,0.036072144288577156,2.0980665021824714,0.2539382030072125,499,0.3166332665330661,0.3406813627254509,0.3066132264529058,0.036072144288577156,agent_0011
46,490.0,0.012024048096192385,1.6801543496407219,0.2463200569169961,499,0.5110220440881763,0.20641282565130262,0.27054108216432865,0.012024048096192385,agent_0011
47,469.0,0.028056112224448898,1.8512071193729824,0.23893045520948622,499,0.46693386773547096,0.23446893787575152,0.27054108216432865,0.028056112224448898,agent_0011
48,496.0,0.006012024048096192,1.6695316782779719,0.23176254155320164,499,0.4348697394789579,0.2565130260521042,0.3026052104208417,0.006012024048096192,agent_0011
49,475.0,0.026052104208416832,1.871587344340436,0.2248096653066056,499,0.39879759519038077,0.2685370741482966,0.3066132264529058,0.026052104208416832,agent_0011
50,493.0,0.006012024048096192,1.579185702355147,0.21806537534740741,499,0.44488977955911824,0.2725450901803607,0.27655310621242485,0.006012024048096192,agent_0011
51,475.0,0.02004008016032064,1.7394685000872818,0.2115234140869852,499,0.5731462925851704,0.1903807615230461,0.21643286573146292,0.02004008016032064,agent_0011
52,496.0,0.008016032064128256,1.6998527215379837,0.20517771166437562,499,0.3286573146292585,0.3226452905811623,0.3406813627254509,0.008016032064128256,agent_0011
53,469.0,0.03006012024048096,1.9675277058487395,0.19902238031444436,499,0.4188376753507014,0.29458917835671344,0.2565130260521042,0.03006012024048096,agent_0011
54,487.0,0.01002004008016032,1.7515981722137737,0.19305170890501103,499,0.32665330661322645,0.3406813627254509,0.3226452905811623,0.01002004008016032,agent_0011
55,484.0,0.018036072144288578,1.7460798886810147,0.1872601576378607,499,0.49498997995991983,0.23847695390781562,0.24849699398797595,0.018036072144288578,agent_0011
56,493.0,0.01002004008016032,1.625281564390313,0.18164235290872485,499,0.6192384769539078,0.18837675350701402,0.18236472945891782,0.01002004008016032,agent_0011
57,466.0,0.03406813627254509,1.9116482474146845,0.1761930823214631,499,0.4709418837675351,0.22044088176352705,0.2745490981963928,0.03406813627254509,agent_0011
58,457.0,0.04008016032064128,2.010867170014845,0.17090728985181922,499,0.40080160320641284,0.2965931863727455,0.2625250501002004,0.04008016032064128,agent_0011
59,487.0,0.018036072144288578,1.87893808152933,0.16578007115626464,499,0.3486973947895792,0.3286573146292585,0.3046092184368738,0.018036072144288578,agent_0011
60,472.0,0.04008016032064128,1.9679402005200763,0.1608066690215767,499,0.46292585170340683,0.250501002004008,0.24649298597194388,0.04008016032064128,agent_0011
61,466.0,0.036072144288577156,1.939744527362092,0.1559824689509294,499,0.4168336673346693,0.2725450901803607,0.2745490981963928,0.036072144288577156,agent_0011
62,490.0,0.012024048096192385,1.7412013168159872,0.1513029948824015,499,0.42084168336673344,0.28857715430861725,0.2785571142284569,0.012024048096192385,agent_0011
63,490.0,0.02404809619238477,1.7923027651002728,0.14676390503592945,499,0.47695390781563124,0.23647294589178355,0.2625250501002004,0.02404809619238477,agent_0011
64,466.0,0.04008016032064128,1.9689555834512138,0.14236098788485158,499,0.44288577154308617,0.25250501002004005,0.26452905811623245,0.04008016032064128,agent_0011
65,478.0,0.022044088176352707,1.8090746552789807,0.13809015824830603,499,0.4228456913827655,0.27655310621242485,0.2785571142284569,0.022044088176352707,agent_0011
66,484.0,0.02404809619238477,1.764923670159634,0.13394745350085685,499,0.5450901803607214,0.20040080160320642,0.23046092184368738,0.02404809619238477,agent_0011
67,469.0,0.03206412825651302,1.903245592263686,0.12992902989583113,499,0.5531062124248497,0.20841683366733466,0.20641282565130262,0.03206412825651302,agent_0011
68,457.0,0.04408817635270541,2.066770836531627,0.1260311589989562,499,0.48296593186372744,0.23246492985971945,0.24048096192384769,0.04408817635270541,agent_0011
69,478.0,0.02004008016032064,1.720683735054141,0.12225022422898751,499,0.6773547094188377,0.16432865731462926,0.13827655310621242,0.02004008016032064,agent_0011
70,487.0,0.02004008016032064,1.8490647073688489,0.11858271750211788,499,0.5130260521042084,0.24048096192384769,0.22645290581162325,0.02004008016032064,agent_0011
71,484.0,0.026052104208416832,1.9260962378846578,0.11502523597705434,499,0.3907815631262525,0.26452905811623245,0.3186372745490982,0.026052104208416832,agent_0011
72,469.0,0.03006012024048096,1.880330780102433,0.1115744788977427,499,0.3346693386773547,0.2925851703406814,0.342685370741483,0.03006012024048096,agent_0011
73,490.0,0.012024048096192385,1.8088346064391667,0.10822724453081042,499,0.3627254509018036,0.3226452905811623,0.3026052104208417,0.012024048096192385,agent_0011
74,493.0,0.01002004008016032,1.6081406567211132,0.10498042719488611,499,0.4529058116232465,0.2545090180360721,0.28256513026052105,0.01002004008016032,agent_0011
75,475.0,0.026052104208416832,1.903035468423196,0.10183101437903952,499,0.38877755511022044,0.3066132264529058,0.2785571142284569,0.026052104208416832,agent_0011
76,481.0,0.022044088176352707,1.8353154401138012,0.09877608394766833,499,0.3186372745490982,0.3246492985971944,0.3346693386773547,0.022044088176352707,agent_0011
77,460.0,0.03807615230460922,1.9146622798575497,0.09581280142923829,499,0.44488977955911824,0.23046092184368738,0.2865731462925852,0.03807615230460922,agent_0011
78,496.0,0.004008016032064128,1.5656604474514322,0.09293841738636113,499,0.46092184368737477,0.2785571142284569,0.2565130260521042,0.004008016032064128,agent_0011
79,457.0,0.036072144288577156,1.8817857421345179,0.09015026486477029,499,0.37675350701402804,0.26452905811623245,0.3226452905811623,0.036072144288577156,agent_0011
80,490.0,0.01002004008016032,1.7239243913438747,0.08744575691882718,499,0.3587174348697395,0.3106212424849699,0.32064128256513025,0.01002004008016032,agent_0011
81,490.0,0.01603206412825651,1.7630529748175467,0.08482238421126237,499,0.48096192384769537,0.23046092184368738,0.2725450901803607,0.01603206412825651,agent_0011
82,493.0,0.006012024048096192,1.587859266237947,0.0822777126849245,499,0.751503006012024,0.11022044088176353,0.13226452905811623,0.006012024048096192,agent_0011
83,484.0,0.026052104208416832,1.850343262123791,0.07980938130437676,499,0.4729458917835671,0.25250501002004005,0.24849699398797595,0.026052104208416832,agent_0011
84,457.0,0.036072144288577156,1.9682246511980932,0.07741509986524546,499,0.4789579158316633,0.23847695390781562,0.24649298597194388,0.036072144288577156,agent_0011
85,499.0,0.004008016032064128,1.593851435291906,0.0750926468692881,499,0.627254509018036,0.18837675350701402,0.18036072144288579,0.004008016032064128,agent_0011
86,478.0,0.026052104208416832,1.8310940014031734,0.07283986746320946,499,0.5370741482965932,0.23246492985971945,0.20440881763527055,0.026052104208416832,agent_0011
87,451.0,0.04408817635270541,2.036203062386573,0.07065467143931317,499,0.3927855711422846,0.26452905811623245,0.2985971943887776,0.04408817635270541,agent_0011
88,481.0,0.022044088176352707,1.9004272564247078,0.06853503129613378,499,0.3587174348697395,0.2965931863727455,0.3226452905811623,0.022044088176352707,agent_0011
89,484.0,0.022044088176352707,1.8033769057547802,0.06647898035724976,499,0.38877755511022044,0.2845691382765531,0.3046092184368738,0.022044088176352707,agent_0011
90,493.0,0.01002004008016032,1.6663314760941954,0.06448461094653227,499,0.4749498997995992,0.26452905811623245,0.250501002004008,0.01002004008016032,agent_0011
91,466.0,0.028056112224448898,1.8505011976895545,0.06255007261813629,499,0.40480961923847697,0.27054108216432865,0.2965931863727455,0.028056112224448898,agent_0011
92,484.0,0.022044088176352707,1.8468073399168867,0.0606735704395922,499,0.4288577154308617,0.2785571142284569,0.27054108216432865,0.022044088176352707,agent_0011
93,487.0,0.018036072144288578,1.8708114945323744,0.05885336332640443,499,0.38276553106212424,0.3286573146292585,0.27054108216432865,0.018036072144288578,agent_0011
94,481.0,0.018036072144288578,1.8510246787035949,0.057087762426612294,499,0.2985971943887776,0.33867735470941884,0.34468937875751504,0.018036072144288578,agent_0011
95,478.0,0.02004008016032064,1.8553666108841949,0.05537512955381393,499,0.22845691382765532,0.3406813627254509,0.41082164328657317,0.02004008016032064,agent_0011
96,484.0,0.014028056112224449,1.759541182124231,0.053713875667199505,499,0.3527054108216433,0.3026052104208417,0.3306613226452906,0.014028056112224449,agent_0011
97,469.0,0.03006012024048096,1.8767042649551564,0.05210245939718352,499,0.4088176352705411,0.2625250501002004,0.2985971943887776,0.03006012024048096,agent_0011
98,457.0,0.04408817635270541,2.0327522112383627,0.05053938561526801,499,0.43887775551102204,0.21442885771543085,0.3026052104208417,0.04408817635270541,agent_0011
99,472.0,0.03006012024048096,1.9274762180753755,0.05,499,0.4969939879759519,0.23847695390781562,0.23446893787575152,0.03006012024048096,agent_0011
100,439.0,0.056112224448897796,2.0304498173592984,0.05,499,0.6172344689378757,0.1402805611222445,0.18637274549098196,0.056112224448897796,agent_0011
101,457.0,0.03807615230460922,1.95812205188953,0.05,499,0.6372745490981964,0.16032064128256512,0.16432865731462926,0.03807615230460922,agent_0011
102,472.0,0.026052104208416832,1.9500739654728503,0.05,499,0.3226452905811623,0.32064128256513025,0.3306613226452906,0.026052104208416832,agent_0011
103,472.0,0.03006012024048096,1.9366886790058626,0.05,499,0.4468937875751503,0.2565130260521042,0.2665330661322645,0.03006012024048096,agent_0011
104,496.0,0.01002004008016032,1.686931122647729,0.05,499,0.4028056112224449,0.2965931863727455,0.2905811623246493,0.01002004008016032,agent_0011
105,478.0,0.022044088176352707,1.8278994566100886,0.05,499,0.41082164328657317,0.28256513026052105,0.2845691382765531,0.022044088176352707,agent_0011
106,460.0,0.03406813627254509,1.9335473242066101,0.05,499,0.3166332665330661,0.35470941883767537,0.29458917835671344,0.03406813627254509,agent_0011
107,460.0,0.036072144288577156,1.8784273011394197,0.05,499,0.4088176352705411,0.30060120240480964,0.2545090180360721,0.036072144288577156,agent_0011
108,499.0,0.004008016032064128,1.5728367316425966,0.05,499,0.6032064128256514,0.18236472945891782,0.21042084168336672,0.004008016032064128,agent_0011
109,499.0,0.014028056112224449,1.8642991974322296,0.05,499,0.4308617234468938,0.2865731462925852,0.2685370741482966,0.014028056112224449,agent_0011
110,475.0,0.026052104208416832,1.899094202559645,0.05,499,0.5170340681362725,0.2545090180360721,0.20240480961923848,0.026052104208416832,agent_0011
111,472.0,0.028056112224448898,1.8391982466777954,0.05,499,0.46092184368737477,0.28857715430861725,0.22244488977955912,0.028056112224448898,agent_0011
112,478.0,0.02404809619238477,1.8496822033460678,0.05,499,0.49899799599198397,0.24649298597194388,0.23046092184368738,0.02404809619238477,agent_0011
113,499.0,0.002004008016032064,1.5156967999994855,0.05,499,0.6052104208416834,0.18236472945891782,0.21042084168336672,0.002004008016032064,agent_0011
114,499.0,0.004008016032064128,1.6360797193674894,0.05,499,0.5731462925851704,0.23446893787575152,0.18837675350701402,0.004008016032064128,agent_0011
115,460.0,0.03807615230460922,1.97860555153655,0.05,499,0.48697394789579157,0.23847695390781562,0.23647294589178355,0.03807615230460922,agent_0011
116,475.0,0.026052104208416832,1.8423421244545437,0.05,499,0.5290581162324649,0.23046092184368738,0.21442885771543085,0.026052104208416832,agent_0011
117,475.0,0.03206412825651302,1.8622010593060152,0.05,499,0.4969939879759519,0.21042084168336672,0.2605210420841683,0.03206412825651302,agent_0011
118,457.0,0.04408817635270541,2.012689665627728,0.05,499,0.655310621242485,0.15831663326653306,0.14228456913827656,0.04408817635270541,agent_0011
119,493.0,0.012024048096192385,1.7529892176233326,0.05,499,0.39478957915831664,0.27655310621242485,0.3166332665330661,0.012024048096192385,agent_0011
0,490.0,0.012024048096192385,1.7528984420180735,1.0,499,0.4348697394789579,0.28256513026052105,0.27054108216432865,0.012024048096192385,agent_0012
1,466.0,0.04008016032064128,2.0492093268269818,0.97,499,0.44488977955911824,0.23446893787575152,0.280561122244489,0.04008016032064128,agent_0012
2,493.0,0.01002004008016032,1.6293120704493573,0.9409,499,0.5130260521042084,0.24248496993987975,0.23446893787575152,0.01002004008016032,agent_0012
3,445.0,0.04609218436873747,1.909638604465618,0.912673,499,0.4148296593186373,0.22244488977955912,0.3166332665330661,0.04609218436873747,agent_0012
4,490.0,0.01002004008016032,1.6778768504940702,0.8852928099999999,499,0.46893787575150303,0.24248496993987975,0.2785571142284569,0.01002004008016032,agent_0012
5,466.0,0.03206412825651302,1.7838031840500046,0.8587340256999999,499,0.45490981963927857,0.22845691382765532,0.2845691382765531,0.03206412825651302,agent_0012
6,469.0,0.03006012024048096,1.8690716878447344,0.8329720049289999,499,0.42084168336673344,0.2845691382765531,0.26452905811623245,0.03006012024048096,agent_0012
7,484.0,0.02004008016032064,1.791097155345683,0.8079828447811299,499,0.4789579158316633,0.2785571142284569,0.22244488977955912,0.02004008016032064,agent_0012
8,454.0,0.04008016032064128,1.9649730626595732,0.783743359437696,499,0.46693386773547096,0.250501002004008,0.24248496993987975,0.04008016032064128,agent_0012
9,472.0,0.03406813627254509,1.9377428098087826,0.7602310586545651,499,0.5250501002004008,0.22444889779559118,0.21643286573146292,0.03406813627254509,agent_0012
10,481.0,0.028056112224448898,1.8157965174823554,0.7374241268949281,499,0.43887775551102204,0.2745490981963928,0.25851703406813625,0.028056112224448898,agent_0012
11,445.0,0.06212424849699399,2.301997531077305,0.7153014030880802,499,0.49298597194388777,0.24649298597194388,0.19839679358717435,0.06212424849699399,agent_0012
12,466.0,0.03006012024048096,1.8022104608149891,0.6938423609954378,499,0.41282565130260523,0.2685370741482966,0.28857715430861725,0.03006012024048096,agent_0012
13,481.0,0.018036072144288578,1.7456745296685532,0.6730270901655747,499,0.4589178356713427,0.2625250501002004,0.2605210420841683,0.018036072144288578,agent_0012
14,484.0,0.02404809619238477,1.8493865998529715,0.6528362774606075,499,0.4408817635270541,0.2725450901803607,0.2625250501002004,0.02404809619238477,agent_0012
15,469.0,0.028056112224448898,1.821604069733481,0.6332511891367892,499,0.4468937875751503,0.24048096192384769,0.2845691382765531,0.028056112224448898,agent_0012
16,466.0,0.036072144288577156,1.9154373649751215,0.6142536534626856,499,0.45691382765531063,0.27054108216432865,0.23647294589178355,0.036072144288577156,agent_0012
17,490.0,0.008016032064128256,1.6588223017867618,0.595826043858805,499,0.4308617234468938,0.25250501002004005,0.30861723446893785,0.008016032064128256,agent_0012
18,487.0,0.022044088176352707,1.8857223915013968,0.5779512625430409,499,0.3687374749498998,0.3366733466933868,0.2725450901803607,0.022044088176352707,agent_0012
19,484.0,0.02004008016032064,1.794542060155905,0.5606127246667496,499,0.4028056112224449,0.29458917835671344,0.28256513026052105,0.02004008016032064,agent_0012
20,475.0,0.018036072144288578,1.7442245749676497,0.5437943429267471,499,0.4248496993987976,0.2845691382765531,0.2725450901803607,0.018036072144288578,agent_0012
21,475.0,0.03006012024048096,1.9872091241873568,0.5274805126389447,499,0.38276553106212424,0.2925851703406814,0.29458917835671344,0.03006012024048096,agent_0012
22,472.0,0.028056112224448898,1.989127383715233,0.5116560972597763,499,0.4148296593186373,0.27054108216432865,0.2865731462925852,0.028056112224448898,agent_0012
23,493.0,0.008016032064128256,1.6680060693172696,0.496306414341983,499,0.5410821643286573,0.22645290581162325,0.22444889779559118,0.008016032064128256,agent_0012
24,484.0,0.014028056112224449,1.6936757788478678,0.48141722191172354,499,0.40080160320641284,0.3026052104208417,0.28256513026052105,0.014028056112224449,agent_0012
25,478.0,0.022044088176352707,1.8325451537794275,0.4669747052543718,499,0.48096192384769537,0.23647294589178355,0.2605210420841683,0.022044088176352707,agent_0012
26,493.0,0.01603206412825651,1.7458881167265567,0.4529654640967406,499,0.44288577154308617,0.2685370741482966,0.2725450901803607,0.01603206412825651,agent_0012
27,478.0,0.022044088176352707,1.7613760825622709,0.4393765001738384,499,0.48697394789579157,0.218436873747495,0.2725450901803607,0.022044088176352707,agent_0012
28,493.0,0.01002004008016032,1.6275691746188838,0.42619520516862325,499,0.5711422845691383,0.20040080160320642,0.218436873747495,0.01002004008016032,agent_0012
29,493.0,0.012024048096192385,1.6510361127698445,0.4134093490135645,499,0.4188376753507014,0.26452905811623245,0.3046092184368738,0.012024048096192385,agent_0012
30,469.0,0.026052104208416832,1.8278825130091858,0.4010070685431576,499,0.5811623246492986,0.20641282565130262,0.18637274549098196,0.026052104208416832,agent_0012
31,475.0,0.02004008016032064,1.773994844809399,0.38897685648686287,499,0.4228456913827655,0.27655310621242485,0.280561122244489,0.02004008016032064,agent_0012
32,499.0,0.01002004008016032,1.6660427921019985,0.377307550792257,499,0.48697394789579157,0.24849699398797595,0.2545090180360721,0.01002004008016032,agent_0012
33,466.0,0.03206412825651302,1.8164876878563188,0.36598832426848926,499,0.5731462925851704,0.16032064128256512,0.23446893787575152,0.03206412825651302,agent_0012
34,478.0,0.026052104208416832,1.8356190155406609,0.35500867454043455,499,0.5551102204408818,0.20841683366733466,0.21042084168336672,0.026052104208416832,agent_0012
35,466.0,0.03807615230460922,2.0033981200235917,0.3443584143042215,499,0.44889779559118237,0.2625250501002004,0.250501002004008,0.03807615230460922,agent_0012
36,478.0,0.028056112224448898,1.942920864729968,0.3340276618750948,499,0.501002004008016,0.24048096192384769,0.23046092184368738,0.028056112224448898,agent_0012
37,475.0,0.026052104208416832,1.9496130423551357,0.32400683201884195,499,0.3867735470941884,0.2925851703406814,0.29458917835671344,0.026052104208416832,agent_0012
38,496.0,0.01603206412825651,1.8245954200156276,0.3142866270582767,499,0.4969939879759519,0.23246492985971945,0.2545090180360721,0.01603206412825651,agent_0012
39,469.0,0.03406813627254509,1.8934748296467516,0.3048580282465284,499,0.4529058116232465,0.24248496993987975,0.27054108216432865,0.03406813627254509,agent_0012
40,490.0,0.018036072144288578,1.7947209497632797,0.2957122873991326,499,0.40080160320641284,0.2625250501002004,0.3186372745490982,0.018036072144288578,agent_0012
41,475.0,0.022044088176352707,1.7993006878554145,0.2868409187771586,499,0.40681362725450904,0.28857715430861725,0.28256513026052105,0.022044088176352707,agent_0012
42,478.0,0.02404809619238477,1.8685871081778735,0.27823569121384384,499,0.4228456913827655,0.2925851703406814,0.2605210420841683,0.02404809619238477,agent_0012
43,478.0,0.026052104208416832,1.9440052891849133,0.2698886204774285,499,0.3907815631262525,0.30060120240480964,0.28256513026052105,0.026052104208416832,agent_0012
44,481.0,0.03006012024048096,2.0232129500149205,0.26179196186310566,499,0.42685370741482964,0.2845691382765531,0.25851703406813625,0.03006012024048096,agent_0012
45,490.0,0.014028056112224449,1.7095389914344563,0.2539382030072125,499,0.49498997995991983,0.22845691382765532,0.2625250501002004,0.014028056112224449,agent_0012
46,466.0,0.03206412825651302,1.95344324091837,0.2463200569169961,499,0.3667334669338677,0.29458917835671344,0.3066132264529058,0.03206412825651302,agent_0012
47,496.0,0.006012024048096192,1.7374391456682885,0.23893045520948622,499,0.3026052104208417,0.33266533066132264,0.3587174348697395,0.006012024048096192,agent_0012
48,469.0,0.03206412825651302,1.9744767232800435,0.23176254155320164,499,0.38877755511022044,0.280561122244489,0.2985971943887776,0.03206412825651302,agent_0012
49,499.0,0.002004008016032064,1.5149603023527003,0.2248096653066056,499,0.43286573146292584,0.25250501002004005,0.312625250501002,0.002004008016032064,agent_0012
50,475.0,0.02004008016032064,1.790837016135174,0.21806537534740741,499,0.48697394789579157,0.23847695390781562,0.2545090180360721,0.02004008016032064,agent_0012
51,496.0,0.008016032064128256,1.599370560383845,0.2115234140869852,499,0.6633266533066132,0.156312625250501,0.17234468937875752,0.008016032064128256,agent_0012
52,463.0,0.036072144288577156,1.9748221754509832,0.20517771166437562,499,0.5651302605210421,0.22044088176352705,0.17835671342685372,0.036072144288577156,agent_0012
53,487.0,0.01002004008016032,1.6111368117153988,0.19902238031444436,499,0.7474949899799599,0.11222444889779559,0.13026052104208416,0.01002004008016032,agent_0012
54,487.0,0.014028056112224449,1.6772759105534865,0.19305170890501103,499,0.533066132264529,0.20841683366733466,0.24448897795591182,0.014028056112224449,agent_0012
55,493.0,0.01002004008016032,1.6209974060283368,0.1872601576378607,499,0.5350701402805611,0.23046092184368738,0.22444889779559118,0.01002004008016032,agent_0012
56,466.0,0.03406813627254509,1.9714384243035292,0.18164235290872485,499,0.3727454909819639,0.280561122244489,0.312625250501002,0.03406813627254509,agent_0012
57,463.0,0.036072144288577156,2.0937004688254865,0.1761930823214631,499,0.2865731462925852,0.3627254509018036,0.31462925851703405,0.036072144288577156,agent_0012
58,487.0,0.018036072144288578,1.9015704169801997,0.17090728985181922,499,0.29458917835671344,0.34468937875751504,0.342685370741483,0.018036072144288578,agent_0012
59,472.0,0.04008016032064128,1.9762513412211573,0.16578007115626464,499,0.4248496993987976,0.250501002004008,0.2845691382765531,0.04008016032064128,agent_0012
60,463.0,0.03807615230460922,1.9485088511937887,0.1608066690215767,499,0.4288577154308617,0.2625250501002004,0.27054108216432865,0.03807615230460922,agent_0012
61,490.0,0.012024048096192385,1.7035271432737404,0.1559824689509294,499,0.45490981963927857,0.25250501002004005,0.280561122244489,0.012024048096192385,agent_0012
62,478.0,0.03406813627254509,1.8719150250226386,0.1513029948824015,499,0.5671342685370742,0.19839679358717435,0.20040080160320642,0.03406813627254509,agent_0012
63,466.0,0.04008016032064128,1.9878960630603275,0.14676390503592945,499,0.3847695390781563,0.2745490981963928,0.30060120240480964,0.04008016032064128,agent_0012
64,478.0,0.022044088176352707,1.7399723795951207,0.14236098788485158,499,0.49899799599198397,0.218436873747495,0.2605210420841683,0.022044088176352707,agent_0012
65,481.0,0.02404809619238477,1.8027221828167534,0.13809015824830603,499,0.4729458917835671,0.27655310621242485,0.22645290581162325,0.02404809619238477,agent_0012
66,469.0,0.03206412825651302,1.8636456302189597,0.13394745350085685,499,0.6332665330661322,0.1623246492985972,0.17234468937875752,0.03206412825651302,agent_0012
67,460.0,0.04208416833667335,2.0414917390113403,0.12992902989583113,499,0.503006012024048,0.218436873747495,0.23647294589178355,0.04208416833667335,agent_0012
68,478.0,0.02004008016032064,1.7459085785951525,0.1260311589989562,499,0.5991983967935872,0.1963927855711423,0.1843687374749499,0.02004008016032064,agent_0012
69,487.0,0.02004008016032064,1.8994291164564097,0.12225022422898751,499,0.4649298597194389,0.2785571142284569,0.23647294589178355,0.02004008016032064,agent_0012
70,487.0,0.02004008016032064,1.8278819145194474,0.11858271750211788,499,0.374749498997996,0.2665330661322645,0.33867735470941884,0.02004008016032064,agent_0012
71,487.0,0.012024048096192385,1.6771008391664475,0.11502523597705434,499,0.4348697394789579,0.2785571142284569,0.2745490981963928,0.012024048096192385,agent_0012
72,496.0,0.006012024048096192,1.625342712912992,0.1115744788977427,499,0.4789579158316633,0.2565130260521042,0.25851703406813625,0.006012024048096192,agent_0012
73,493.0,0.01002004008016032,1.6375917980964183,0.10822724453081042,499,0.7214428857715431,0.15030060120240482,0.11823647294589178,0.01002004008016032,agent_0012
74,484.0,0.018036072144288578,1.8430784231278752,0.10498042719488611,499,0.45090180360721444,0.28256513026052105,0.24849699398797595,0.018036072144288578,agent_0012
75,481.0,0.022044088176352707,1.849963597230561,0.10183101437903952,499,0.35671342685370744,0.30060120240480964,0.32064128256513025,0.022044088176352707,agent_0012
76,475.0,0.03006012024048096,1.8970772993338891,0.09877608394766833,499,0.44288577154308617,0.25250501002004005,0.2745490981963928,0.03006012024048096,agent_0012
77,496.0,0.004008016032064128,1.62904863297891,0.09581280142923829,499,0.374749498997996,0.3186372745490982,0.3026052104208417,0.004008016032064128,agent_0012
78,481.0,0.02004008016032064,1.7707838814969816,0.09293841738636113,499,0.3527054108216433,0.28857715430861725,0.33867735470941884,0.02004008016032064,agent_0012
79,490.0,0.01002004008016032,1.7146485717802873,0.09015026486477029,499,0.3907815631262525,0.3026052104208417,0.2965931863727455,0.01002004008016032,agent_0012
80,490.0,0.01603206412825651,1.7102633731284749,0.08744575691882718,499,0.5731462925851704,0.18036072144288579,0.23046092184368738,0.01603206412825651,agent_0012
81,493.0,0.006012024048096192,1.6257207335058312,0.08482238421126237,499,0.4789579158316633,0.24248496993987975,0.2725450901803607,0.006012024048096192,agent_0012
82,487.0,0.02404809619238477,1.8518956142848606,0.0822777126849245,499,0.46292585170340683,0.2545090180360721,0.25851703406813625,0.02404809619238477,agent_0012
83,472.0,0.028056112224448898,1.9627594510382593,0.07980938130437676,499,0.3927855711422846,0.2865731462925852,0.2925851703406814,0.028056112224448898,agent_0012
84,499.0,0.004008016032064128,1.8351467945881919,0.07741509986524546,499,0.3226452905811623,0.3727454909819639,0.30060120240480964,0.004008016032064128,agent_0012
85,481.0,0.02404809619238477,1.9214140108515612,0.0750926468692881,499,0.33867735470941884,0.3106212424849699,0.32665330661322645,0.02404809619238477,agent_0012
86,454.0,0.04208416833667335,2.033455519316836,0.07283986746320946,499,0.3166332665330661,0.29458917835671344,0.3466933867735471,0.04208416833667335,agent_0012
87,481.0,0.022044088176352707,1.9416993621743062,0.07065467143931317,499,0.3166332665330661,0.3106212424849699,0.35070140280561124,0.022044088176352707,agent_0012
88,490.0,0.01603206412825651,1.7522814618680973,0.06853503129613378,499,0.35671342685370744,0.3166332665330661,0.3106212424849699,0.01603206412825651,agent_0012
89,493.0,0.01002004008016032,1.6657816456695829,0.06647898035724976,499,0.5110220440881763,0.24448897795591182,0.23446893787575152,0.01002004008016032,agent_0012
90,466.0,0.028056112224448898,1.9081593829796193,0.06448461094653227,499,0.3366733466933868,0.30861723446893785,0.32665330661322645,0.028056112224448898,agent_0012
91,490.0,0.014028056112224449,1.6890349053115083,0.06255007261813629,499,0.4849699398797595,0.23847695390781562,0.2625250501002004,0.014028056112224449,agent_0012
92,487.0,0.01603206412825651,1.773013039683754,0.0606735704395922,499,0.5090180360721442,0.2625250501002004,0.2124248496993988,0.01603206412825651,agent_0012
93,481.0,0.018036072144288578,1.7771894826663832,0.05885336332640443,499,0.4408817635270541,0.30060120240480964,0.24048096192384769,0.018036072144288578,agent_0012
94,487.0,0.014028056112224449,1.6838339640980537,0.057087762426612294,499,0.4148296593186373,0.2565130260521042,0.31462925851703405,0.014028056112224449,agent_0012
95,478.0,0.018036072144288578,1.7239234009779547,0.05537512955381393,499,0.4849699398797595,0.25250501002004005,0.24448897795591182,0.018036072144288578,agent_0012
96,469.0,0.03006012024048096,1.856202887593922,0.053713875667199505,499,0.4288577154308617,0.25851703406813625,0.28256513026052105,0.03006012024048096,agent_0012
97,457.0,0.04408817635270541,2.062481644069183,0.05210245939718352,499,0.4088176352705411,0.24248496993987975,0.3046092184368738,0.04408817635270541,agent_0012
98,481.0,0.022044088176352707,1.839106597459002,0.05053938561526801,499,0.40480961923847697,0.2925851703406814,0.280561122244489,0.022044088176352707,agent_0012
99,466.0,0.03807615230460922,1.8911479517012486,0.05,499,0.4649298597194389,0.22244488977955912,0.2745490981963928,0.03807615230460922,agent_0012
100,490.0,0.01603206412825651,1.7048864666359198,0.05,499,0.627254509018036,0.1623246492985972,0.19438877755511022,0.01603206412825651,agent_0012
101,481.0,0.022044088176352707,1.9101212992862986,0.05,499,0.41282565130260523,0.27054108216432865,0.29458917835671344,0.022044088176352707,agent_0012
102,481.0,0.022044088176352707,1.851251283964249,0.05,499,0.45090180360721444,0.2625250501002004,0.26452905811623245,0.022044088176352707,agent_0012
103,496.0,0.01002004008016032,1.6185355857857149,0.05,499,0.7935871743486974,0.10220440881763528,0.09418837675350701,0.01002004008016032,agent_0012
104,478.0,0.022044088176352707,1.7363274248521572,0.05,499,0.7835671342685371,0.08817635270541083,0.1062124248496994,0.022044088176352707,agent_0012
105,466.0,0.03206412825651302,1.7714512062965466,0.05,499,0.627254509018036,0.18637274549098196,0.15430861723446893,0.03206412825651302,agent_0012
106,460.0,0.036072144288577156,1.8897325755313794,0.05,499,0.5050100200400801,0.24048096192384769,0.218436873747495,0.036072144288577156,agent_0012
107,499.0,0.004008016032064128,1.6159607481528901,0.05,499,0.40681362725450904,0.2665330661322645,0.3226452905811623,0.004008016032064128,agent_0012
108,499.0,0.014028056112224449,1.7548119583723554,0.05,499,0.6072144288577155,0.1743486973947896,0.20440881763527055,0.014028056112224449,agent_0012
109,484.0,0.02004008016032064,1.7671473268331517,0.05,499,0.49498997995991983,0.24649298597194388,0.23847695390781562,0.02004008016032064,agent_0012
110,475.0,0.026052104208416832,1.9167732676677103,0.05,499,0.41082164328657317,0.3246492985971944,0.23847695390781562,0.026052104208416832,agent_0012
111,463.0,0.036072144288577156,2.0437016878861947,0.05,499,0.36472945891783565,0.3046092184368738,0.29458917835671344,0.036072144288577156,agent_0012
112,499.0,0.002004008016032064,1.5991914481101719,0.05,499,0.4168336673346693,0.2745490981963928,0.3066132264529058,0.002004008016032064,agent_0012
113,499.0,0.004008016032064128,1.600696231977769,0.05,499,0.3847695390781563,0.27655310621242485,0.3346693386773547,0.004008016032064128,agent_0012
114,463.0,0.03807615230460922,2.097533660199024,0.05,499,0.3486973947895792,0.2985971943887776,0.31462925851703405,0.03807615230460922,agent_0012
115,484.0,0.022044088176352707,1.7521576331570239,0.05,499,0.7635270541082164,0.10020040080160321,0.11422845691382766,0.022044088176352707,agent_0012
116,481.0,0.028056112224448898,1.8546451131350463,0.05,499,0.5290581162324649,0.20641282565130262,0.23647294589178355,0.028056112224448898,agent_0012
117,463.0,0.03807615230460922,2.085584316367377,0.05,499,0.41082164328657317,0.32064128256513025,0.23046092184368738,0.03807615230460922,agent_0012
118,487.0,0.01603206412825651,1.8344174359808685,0.05,499,0.2985971943887776,0.3466933867735471,0.33867735470941884,0.01603206412825651,agent_0012
119,499.0,0.002004008016032064,1.622651366177917,0.05,499,0.3106212424849699,0.32064128256513025,0.3667334669338677,0.002004008016032064,agent_0012
0,472.0,0.036072144288577156,2.031671872590787,1.0,499,0.4248496993987976,0.23847695390781562,0.30060120240480964,0.036072144288577156,agent_0013
1,493.0,0.01002004008016032,1.668770966558986,0.97,499,0.48697394789579157,0.2565130260521042,0.24649298597194388,0.01002004008016032,agent_0013
2,445.0,0.04609218436873747,1.8819913062331195,0.9409,499,0.44288577154308617,0.20440881763527055,0.3066132264529058,0.04609218436873747,agent_0013
3,490.0,0.01002004008016032,1.6894217181115947,0.912673,499,0.44889779559118237,0.250501002004008,0.2905811623246493,0.01002004008016032,agent_0013
4,466.0,0.03206412825651302,1.7598942164087286,0.8852928099999999,499,0.4408817635270541,0.23847695390781562,0.28857715430861725,0.03206412825651302,agent_0013
5,454.0,0.03807615230460922,1.9379200551086913,0.8587340256999999,499,0.45691382765531063,0.27054108216432865,0.23446893787575152,0.03807615230460922,agent_0013
6,487.0,0.018036072144288578,1.7981904585495805,0.8329720049289999,499,0.4168336673346693,0.31462925851703405,0.250501002004008,0.018036072144288578,agent_0013
7,460.0,0.036072144288577156,1.9441733045843708,0.8079828447811299,499,0.43687374749499,0.2665330661322645,0.2605210420841683,0.036072144288577156,agent_0013
8,472.0,0.03406813627254509,1.993253142629407,0.783743359437696,499,0.45090180360721444,0.27054108216432865,0.24448897795591182,0.03406813627254509,agent_0013
9,481.0,0.028056112224448898,1.8203230896059597,0.7602310586545651,499,0.4589178356713427,0.2725450901803607,0.24048096192384769,0.028056112224448898,agent_0013
10,445.0,0.06012024048096192,2.1883976945030508,0.7374241268949281,499,0.5290581162324649,0.218436873747495,0.19238476953907815,0.06012024048096192,agent_0013
11,466.0,0.03006012024048096,1.8367176132208252,0.7153014030880802,499,0.37675350701402804,0.29458917835671344,0.2985971943887776,0.03006012024048096,agent_0013
12,481.0,0.018036072144288578,1.6560393095853696,0.6938423609954378,499,0.56312625250501,0.1963927855711423,0.22244488977955912,0.018036072144288578,agent_0013
13,481.0,0.026052104208416832,1.78119127046229,0.6730270901655747,499,0.5651302605210421,0.18036072144288579,0.22845691382765532,0.026052104208416832,agent_0013
14,469.0,0.028056112224448898,1.8233831657375679,0.6528362774606075,499,0.42685370741482964,0.24649298597194388,0.2985971943887776,0.028056112224448898,agent_0013
15,466.0,0.036072144288577156,1.9204843650535606,0.6332511891367892,499,0.4408817635270541,0.2725450901803607,0.250501002004008,0.036072144288577156,agent_0013
16,490.0,0.008016032064128256,1.6280660293582012,0.6142536534626856,499,0.44889779559118237,0.24448897795591182,0.2985971943887776,0.008016032064128256,agent_0013
17,478.0,0.026052104208416832,1.806143581803064,0.595826043858805,499,0.4969939879759519,0.23647294589178355,0.24048096192384769,0.026052104208416832,agent_0013
18,487.0,0.01603206412825651,1.7711377366471321,0.5779512625430409,499,0.4529058116232465,0.2625250501002004,0.2685370741482966,0.01603206412825651,agent_0013
19,475.0,0.02004008016032064,1.74775662517429,0.5606127246667496,499,0.4849699398797595,0.2665330661322645,0.22845691382765532,0.02004008016032064,agent_0013
20,466.0,0.03807615230460922,2.0264236255886465,0.5437943429267471,499,0.4188376753507014,0.2685370741482966,0.2745490981963928,0.03807615230460922,agent_0013
21,472.0,0.028056112224448898,1.9527195426671629,0.5274805126389447,499,0.45691382765531063,0.24048096192384769,0.2745490981963928,0.028056112224448898,agent_0013
22,496.0,0.006012024048096192,1.6442153973975062,0.5116560972597763,499,0.5210420841683366,0.23446893787575152,0.23847695390781562,0.006012024048096192,agent_0013
23,484.0,0.014028056112224449,1.6689117726898217,0.496306414341983,499,0.43286573146292584,0.2745490981963928,0.2785571142284569,0.014028056112224449,agent_0013
24,478.0,0.022044088176352707,1.8454348300955974,0.48141722191172354,499,0.4408817635270541,0.2665330661322645,0.27054108216432865,0.022044088176352707,agent_0013
25,493.0,0.01603206412825651,1.7408758278280085,0.4669747052543718,499,0.48897795591182364,0.2685370741482966,0.22645290581162325,0.01603206412825651,agent_0013
26,469.0,0.03006012024048096,1.9614156292454257,0.4529654640967406,499,0.3627254509018036,0.3066132264529058,0.30060120240480964,0.03006012024048096,agent_0013
27,493.0,0.012024048096192385,1.691564293496922,0.4393765001738384,499,0.40681362725450904,0.2745490981963928,0.3066132264529058,0.012024048096192385,agent_0013
28,493.0,0.014028056112224449,1.6441812908930808,0.42619520516862325,499,0.5571142284569138,0.21042084168336672,0.218436873747495,0.014028056112224449,agent_0013
29,469.0,0.026052104208416832,1.8266537699061678,0.4134093490135645,499,0.5350701402805611,0.24649298597194388,0.19238476953907815,0.026052104208416832,agent_0013
30,475.0,0.02004008016032064,1.815807018714613,0.4010070685431576,499,0.3687374749498998,0.312625250501002,0.2985971943887776,0.02004008016032064,agent_0013
31,493.0,0.014028056112224449,1.751391844675688,0.38897685648686287,499,0.29458917835671344,0.3106212424849699,0.3807615230460922,0.014028056112224449,agent_0013
32,466.0,0.03206412825651302,1.9827357594074966,0.377307550792257,499,0.3066132264529058,0.3166332665330661,0.34468937875751504,0.03206412825651302,agent_0013
33,478.0,0.026052104208416832,1.9437750559304827,0.36598832426848926,499,0.3306613226452906,0.3306613226452906,0.312625250501002,0.026052104208416832,agent_0013
34,454.0,0.04609218436873747,2.1021260572248104,0.35500867454043455,499,0.40080160320641284,0.27054108216432865,0.28256513026052105,0.04609218436873747,agent_0013
35,466.0,0.036072144288577156,2.0922112500751395,0.3443584143042215,499,0.2865731462925852,0.3306613226452906,0.3466933867735471,0.036072144288577156,agent_0013
36,475.0,0.026052104208416832,1.8911908884068978,0.3340276618750948,499,0.49899799599198397,0.25250501002004005,0.22244488977955912,0.026052104208416832,agent_0013
37,484.0,0.02404809619238477,1.8911018370336752,0.32400683201884195,499,0.49899799599198397,0.24048096192384769,0.23647294589178355,0.02404809619238477,agent_0013
38,469.0,0.03406813627254509,1.9066649524991162,0.3142866270582767,499,0.4909819639278557,0.23847695390781562,0.23647294589178355,0.03406813627254509,agent_0013
39,493.0,0.012024048096192385,1.796662578000694,0.3048580282465284,499,0.4308617234468938,0.2925851703406814,0.26452905811623245,0.012024048096192385,agent_0013
40,469.0,0.026052104208416832,1.7858892785039508,0.2957122873991326,499,0.46693386773547096,0.25250501002004005,0.2545090180360721,0.026052104208416832,agent_0013
41,478.0,0.02404809619238477,1.748039112097452,0.2868409187771586,499,0.531062124248497,0.20641282565130262,0.23847695390781562,0.02404809619238477,agent_0013
42,478.0,0.026052104208416832,1.9456708541092589,0.27823569121384384,499,0.3486973947895792,0.31462925851703405,0.3106212424849699,0.026052104208416832,agent_0013
43,481.0,0.028056112224448898,1.9662670935907764,0.2698886204774285,499,0.46092184368737477,0.2685370741482966,0.24248496993987975,0.028056112224448898,agent_0013
44,490.0,0.014028056112224449,1.6638670680973209,0.26179196186310566,499,0.627254509018036,0.15030060120240482,0.20841683366733466,0.014028056112224449,agent_0013
45,466.0,0.03006012024048096,1.865116672634324,0.2539382030072125,499,0.4909819639278557,0.21442885771543085,0.26452905811623245,0.03006012024048096,agent_0013
46,496.0,0.006012024048096192,1.6825081105279451,0.2463200569169961,499,0.41282565130260523,0.27054108216432865,0.3106212424849699,0.006012024048096192,agent_0013
47,475.0,0.026052104208416832,1.8051257428489518,0.23893045520948622,499,0.5390781563126252,0.19839679358717435,0.23647294589178355,0.026052104208416832,agent_0013
48,499.0,0.0,1.506451126666388,0.23176254155320164,499,0.43687374749499,0.24849699398797595,0.31462925851703405,0.0,agent_0013
49,460.0,0.028056112224448898,1.8080110614439773,0.2248096653066056,499,0.49899799599198397,0.22645290581162325,0.24649298597194388,0.028056112224448898,agent_0013
50,496.0,0.008016032064128256,1.6086858173977618,0.21806537534740741,499,0.6012024048096193,0.20240480961923848,0.18837675350701402,0.008016032064128256,agent_0013
51,460.0,0.036072144288577156,1.9664040979560613,0.2115234140869852,499,0.5210420841683366,0.22845691382765532,0.21442885771543085,0.036072144288577156,agent_0013
52,493.0,0.006012024048096192,1.6022586888017922,0.20517771166437562,499,0.49899799599198397,0.24448897795591182,0.250501002004008,0.006012024048096192,agent_0013
53,484.0,0.018036072144288578,1.7391100500207957,0.19902238031444436,499,0.49498997995991983,0.25250501002004005,0.23446893787575152,0.018036072144288578,agent_0013
54,493.0,0.01002004008016032,1.6355674537022147,0.19305170890501103,499,0.5150300601202404,0.250501002004008,0.22444889779559118,0.01002004008016032,agent_0013
55,466.0,0.03406813627254509,1.9160063297670327,0.1872601576378607,499,0.43887775551102204,0.23446893787575152,0.2925851703406814,0.03406813627254509,agent_0013
56,466.0,0.03406813627254509,1.8786252289909073,0.18164235290872485,499,0.4969939879759519,0.23446893787575152,0.23446893787575152,0.03406813627254509,agent_0013
57,487.0,0.018036072144288578,1.8119198073504967,0.1761930823214631,499,0.42685370741482964,0.2625250501002004,0.2925851703406814,0.018036072144288578,agent_0013
58,472.0,0.04008016032064128,2.0117703197223626,0.17090728985181922,499,0.42084168336673344,0.2725450901803607,0.2665330661322645,0.04008016032064128,agent_0013
59,475.0,0.03006012024048096,1.8644486816718369,0.16578007115626464,499,0.46292585170340683,0.24849699398797595,0.25851703406813625,0.03006012024048096,agent_0013
60,490.0,0.012024048096192385,1.7473632496226517,0.1608066690215767,499,0.4088176352705411,0.2865731462925852,0.2925851703406814,0.012024048096192385,agent_0013
61,490.0,0.02404809619238477,1.8087502287623538,0.1559824689509294,499,0.43286573146292584,0.2745490981963928,0.2685370741482966,0.02404809619238477,agent_0013
62,466.0,0.04008016032064128,1.9291495344124525,0.1513029948824015,499,0.46693386773547096,0.23446893787575152,0.25851703406813625,0.04008016032064128,agent_0013
63,478.0,0.022044088176352707,1.7610284469608004,0.14676390503592945,499,0.5871743486973948,0.21042084168336672,0.18036072144288579,0.022044088176352707,agent_0013
64,481.0,0.02404809619238477,1.742855166874096,0.14236098788485158,499,0.561122244488978,0.20440881763527055,0.21042084168336672,0.02404809619238477,agent_0013
65,469.0,0.03206412825651302,1.8840439235412052,0.13809015824830603,499,0.43887775551102204,0.24448897795591182,0.2845691382765531,0.03206412825651302,agent_0013
66,460.0,0.04208416833667335,2.084993321153645,0.13394745350085685,499,0.40681362725450904,0.2605210420841683,0.2905811623246493,0.04208416833667335,agent_0013
67,478.0,0.02004008016032064,1.703195343671612,0.12992902989583113,499,0.6132264529058116,0.20641282565130262,0.16032064128256512,0.02004008016032064,agent_0013
68,487.0,0.02004008016032064,1.8207346708241057,0.1260311589989562,499,0.625250501002004,0.18637274549098196,0.1683366733466934,0.02004008016032064,agent_0013
69,487.0,0.02004008016032064,1.8641958158329337,0.12225022422898751,499,0.35671342685370744,0.2865731462925852,0.3366733466933868,0.02004008016032064,agent_0013
70,487.0,0.012024048096192385,1.720028655611189,0.11858271750211788,499,0.2925851703406814,0.32064128256513025,0.374749498997996,0.012024048096192385,agent_0013
71,496.0,0.006012024048096192,1.7104357300658402,0.11502523597705434,499,0.40480961923847697,0.30861723446893785,0.280561122244489,0.006012024048096192,agent_0013
72,490.0,0.014028056112224449,1.683598467158926,0.1115744788977427,499,0.5130260521042084,0.23647294589178355,0.23647294589178355,0.014028056112224449,agent_0013
73,487.0,0.01603206412825651,1.8349937720666925,0.10822724453081042,499,0.40681362725450904,0.3026052104208417,0.2745490981963928,0.01603206412825651,agent_0013
74,478.0,0.026052104208416832,1.747964479031365,0.10498042719488611,499,0.6633266533066132,0.18036072144288579,0.13026052104208416,0.026052104208416832,agent_0013
75,463.0,0.03807615230460922,1.9426657358240562,0.10183101437903952,499,0.531062124248497,0.20240480961923848,0.22845691382765532,0.03807615230460922,agent_0013
76,496.0,0.004008016032064128,1.5448227424302137,0.09877608394766833,499,0.48096192384769537,0.26452905811623245,0.250501002004008,0.004008016032064128,agent_0013
77,466.0,0.03206412825651302,1.8513367935210754,0.09581280142923829,499,0.34468937875751504,0.29458917835671344,0.3286573146292585,0.03206412825651302,agent_0013
78,490.0,0.01002004008016032,1.6722538605034507,0.09293841738636113,499,0.4308617234468938,0.27655310621242485,0.28256513026052105,0.01002004008016032,agent_0013
79,490.0,0.01603206412825651,1.809054749600496,0.09015026486477029,499,0.3587174348697395,0.280561122244489,0.34468937875751504,0.01603206412825651,agent_0013
80,493.0,0.008016032064128256,1.6196551265040315,0.08744575691882718,499,0.5350701402805611,0.23847695390781562,0.218436873747495,0.008016032064128256,agent_0013
81,487.0,0.02404809619238477,1.8196541181759955,0.08482238421126237,499,0.5250501002004008,0.218436873747495,0.23246492985971945,0.02404809619238477,agent_0013
82,472.0,0.028056112224448898,1.8710171020430304,0.0822777126849245,499,0.43286573146292584,0.24649298597194388,0.2925851703406814,0.028056112224448898,agent_0013
83,499.0,0.004008016032064128,1.6139133780498562,0.07980938130437676,499,0.5991983967935872,0.21042084168336672,0.18637274549098196,0.004008016032064128,agent_0013
84,481.0,0.02404809619238477,1.844618160182514,0.07741509986524546,499,0.6973947895791583,0.1683366733466934,0.11022044088176353,0.02404809619238477,agent_0013
85,454.0,0.04208416833667335,1.986333482593531,0.0750926468692881,499,0.45090180360721444,0.2565130260521042,0.250501002004008,0.04208416833667335,agent_0013
86,481.0,0.022044088176352707,1.8112689472887,0.07283986746320946,499,0.4589178356713427,0.24048096192384769,0.2785571142284569,0.022044088176352707,agent_0013
87,490.0,0.01603206412825651,1.6696629100825935,0.07065467143931317,499,0.49298597194388777,0.23847695390781562,0.25250501002004005,0.01603206412825651,agent_0013
88,493.0,0.01002004008016032,1.69228177984054,0.06853503129613378,499,0.4248496993987976,0.30060120240480964,0.26452905811623245,0.01002004008016032,agent_0013
89,466.0,0.028056112224448898,1.85226458518229,0.06647898035724976,499,0.42084168336673344,0.2665330661322645,0.2845691382765531,0.028056112224448898,agent_0013
90,484.0,0.022044088176352707,1.7677346042660498,0.06448461094653227,499,0.5350701402805611,0.21442885771543085,0.22845691382765532,0.022044088176352707,agent_0013
91,487.0,0.018036072144288578,1.7988827529300635,0.06255007261813629,499,0.5591182364729459,0.25250501002004005,0.17034068136272545,0.018036072144288578,agent_0013
92,487.0,0.014028056112224449,1.7226165975509469,0.0606735704395922,499,0.4228456913827655,0.2985971943887776,0.26452905811623245,0.014028056112224449,agent_0013
93,487.0,0.014028056112224449,1.7310743093135854,0.05885336332640443,499,0.38276553106212424,0.27655310621242485,0.32665330661322645,0.014028056112224449,agent_0013
94,490.0,0.01002004008016032,1.6570942751609696,0.057087762426612294,499,0.4529058116232465,0.2565130260521042,0.280561122244489,0.01002004008016032,agent_0013
95,469.0,0.03006012024048096,1.8841829021502903,0.05537512955381393,499,0.4248496993987976,0.24649298597194388,0.2985971943887776,0.03006012024048096,agent_0013
96,463.0,0.04208416833667335,1.9522959152652317,0.053713875667199505,499,0.5150300601202404,0.20440881763527055,0.23847695390781562,0.04208416833667335,agent_0013
97,481.0,0.022044088176352707,1.7750073619828044,0.05210245939718352,499,0.56312625250501,0.21042084168336672,0.20440881763527055,0.022044088176352707,agent_0013
98,475.0,0.03406813627254509,1.931561934634502,0.05053938561526801,499,0.40080160320641284,0.27054108216432865,0.29458917835671344,0.03406813627254509,agent_0013
99,490.0,0.01603206412825651,1.7599361352563583,0.05,499,0.5470941883767535,0.23246492985971945,0.20440881763527055,0.01603206412825651,agent_0013
100,484.0,0.022044088176352707,1.853162497411657,0.05,499,0.4649298597194389,0.25250501002004005,0.2605210420841683,0.022044088176352707,agent_0013
101,481.0,0.022044088176352707,1.864237659373479,0.05,499,0.4749498997995992,0.2565130260521042,0.24649298597194388,0.022044088176352707,agent_0013
102,496.0,0.01002004008016032,1.6529495537897836,0.05,499,0.46092184368737477,0.27655310621242485,0.25250501002004005,0.01002004008016032,agent_0013
103,478.0,0.02404809619238477,1.9027402039245023,0.05,499,0.36472945891783565,0.30060120240480964,0.3106212424849699,0.02404809619238477,agent_0013
104,478.0,0.022044088176352707,1.8135338793372562,0.05,499,0.2745490981963928,0.3627254509018036,0.3406813627254509,0.022044088176352707,agent_0013
105,460.0,0.036072144288577156,1.9105595401131934,0.05,499,0.35671342685370744,0.32064128256513025,0.2865731462925852,0.036072144288577156,agent_0013
106,499.0,0.004008016032064128,1.617954330787447,0.05,499,0.40681362725450904,0.2545090180360721,0.3346693386773547,0.004008016032064128,agent_0013
107,499.0,0.01603206412825651,1.899700402957416,0.05,499,0.41282565130260523,0.2905811623246493,0.280561122244489,0.01603206412825651,agent_0013
108,484.0,0.02004008016032064,1.8822970553297405,0.05,499,0.4188376753507014,0.29458917835671344,0.2665330661322645,0.02004008016032064,agent_0013
109,475.0,0.026052104208416832,1.899220669818463,0.05,499,0.4468937875751503,0.3026052104208417,0.22444889779559118,0.026052104208416832,agent_0013
110,466.0,0.03206412825651302,1.9687144776555119,0.05,499,0.5490981963927856,0.22244488977955912,0.1963927855711423,0.03206412825651302,agent_0013
111,499.0,0.002004008016032064,1.564635233614271,0.05,499,0.4749498997995992,0.24248496993987975,0.280561122244489,0.002004008016032064,agent_0013
112,499.0,0.004008016032064128,1.5621972509026507,0.05,499,0.6152304609218436,0.17835671342685372,0.20240480961923848,0.004008016032064128,agent_0013
113,466.0,0.036072144288577156,2.0017913208390223,0.05,499,0.4168336673346693,0.2625250501002004,0.2845691382765531,0.036072144288577156,agent_0013
114,484.0,0.02404809619238477,1.845476661177229,0.05,499,0.4308617234468938,0.28857715430861725,0.2565130260521042,0.02404809619238477,agent_0013
115,481.0,0.028056112224448898,1.9461286513323355,0.05,499,0.39879759519038077,0.2725450901803607,0.30060120240480964,0.028056112224448898,agent_0013
116,463.0,0.03807615230460922,2.094569006876111,0.05,499,0.3807615230460922,0.31462925851703405,0.2665330661322645,0.03807615230460922,agent_0013
117,493.0,0.012024048096192385,1.6976968284511913,0.05,499,0.5150300601202404,0.22645290581162325,0.24649298597194388,0.012024048096192385,agent_0013
118,499.0,0.002004008016032064,1.5239920864641057,0.05,499,0.6292585170340681,0.1843687374749499,0.1843687374749499,0.002004008016032064,agent_0013
119,478.0,0.02404809619238477,1.766734025153039,0.05,499,0.6152304609218436,0.1683366733466934,0.19238476953907815,0.02404809619238477,agent_0013
0,493.0,0.01002004008016032,1.6708998875064978,1.0,499,0.48096192384769537,0.24849699398797595,0.2605210420841683,0.01002004008016032,agent_0014
1,445.0,0.04609218436873747,1.9065839672923137,0.97,499,0.43687374749499,0.21442885771543085,0.3026052104208417,0.04609218436873747,agent_0014
2,481.0,0.02004008016032064,1.8176919187558287,0.9409,499,0.42685370741482964,0.26452905811623245,0.28857715430861725,0.02004008016032064,agent_0014
3,466.0,0.03206412825651302,1.7891405702597947,0.912673,499,0.4408817635270541,0.23647294589178355,0.2905811623246493,0.03206412825651302,agent_0014
4,466.0,0.03206412825651302,1.8774370735323629,0.8852928099999999,499,0.39879759519038077,0.30060120240480964,0.2685370741482966,0.03206412825651302,agent_0014
5,484.0,0.02004008016032064,1.8390201746918615,0.8587340256999999,499,0.4028056112224449,0.3166332665330661,0.2605210420841683,0.02004008016032064,agent_0014
6,460.0,0.036072144288577156,1.9003083444636342,0.8329720049289999,499,0.4709418837675351,0.22845691382765532,0.26452905811623245,0.036072144288577156,agent_0014
7,472.0,0.03406813627254509,1.9709805890163934,0.8079828447811299,499,0.4789579158316633,0.25250501002004005,0.23446893787575152,0.03406813627254509,agent_0014
8,481.0,0.028056112224448898,1.8196409351552016,0.783743359437696,499,0.4529058116232465,0.2685370741482966,0.250501002004008,0.028056112224448898,agent_0014
9,442.0,0.06012024048096192,2.2070168201277367,0.7602310586545651,499,0.45691382765531063,0.24849699398797595,0.23446893787575152,0.06012024048096192,agent_0014
10,481.0,0.018036072144288578,1.6473437954666934,0.7374241268949281,499,0.48697394789579157,0.22244488977955912,0.2725450901803607,0.018036072144288578,agent_0014
11,481.0,0.018036072144288578,1.729513561242677,0.7153014030880802,499,0.48897795591182364,0.24248496993987975,0.250501002004008,0.018036072144288578,agent_0014
12,481.0,0.026052104208416832,1.8915748458756099,0.6938423609954378,499,0.43286573146292584,0.2865731462925852,0.2545090180360721,0.026052104208416832,agent_0014
13,469.0,0.028056112224448898,1.825380901190407,0.6730270901655747,499,0.39879759519038077,0.25250501002004005,0.32064128256513025,0.028056112224448898,agent_0014
14,466.0,0.036072144288577156,1.9049552839091077,0.6528362774606075,499,0.44889779559118237,0.26452905811623245,0.250501002004008,0.036072144288577156,agent_0014
15,490.0,0.008016032064128256,1.6093973849126872,0.6332511891367892,499,0.48296593186372744,0.22244488977955912,0.2865731462925852,0.008016032064128256,agent_0014
16,478.0,0.026052104208416832,1.8524841336705582,0.6142536534626856,499,0.48296593186372744,0.24649298597194388,0.24448897795591182,0.026052104208416832,agent_0014
17,487.0,0.01603206412825651,1.7151218972136104,0.595826043858805,499,0.46693386773547096,0.2545090180360721,0.2625250501002004,0.01603206412825651,agent_0014
18,475.0,0.018036072144288578,1.7171545186739419,0.5779512625430409,499,0.501002004008016,0.23847695390781562,0.24248496993987975,0.018036072144288578,agent_0014
19,460.0,0.04208416833667335,2.0444882155398902,0.5606127246667496,499,0.46292585170340683,0.23446893787575152,0.2605210420841683,0.04208416833667335,agent_0014
20,472.0,0.028056112224448898,1.9596421444939465,0.5437943429267471,499,0.44488977955911824,0.23847695390781562,0.28857715430861725,0.028056112224448898,agent_0014
21,496.0,0.006012024048096192,1.6712707653400596,0.5274805126389447,499,0.44288577154308617,0.2785571142284569,0.2725450901803607,0.006012024048096192,agent_0014
22,484.0,0.014028056112224449,1.6385512752912677,0.5116560972597763,499,0.49498997995991983,0.23647294589178355,0.2545090180360721,0.014028056112224449,agent_0014
23,478.0,0.022044088176352707,1.8405431476930798,0.496306414341983,499,0.49899799599198397,0.23246492985971945,0.24649298597194388,0.022044088176352707,agent_0014
24,493.0,0.01603206412825651,1.729681828953144,0.48141722191172354,499,0.5771543086172345,0.22645290581162325,0.18036072144288579,0.01603206412825651,agent_0014
25,460.0,0.03807615230460922,1.96839491729338,0.4669747052543718,499,0.5210420841683366,0.21643286573146292,0.22444889779559118,0.03807615230460922,agent_0014
26,493.0,0.01002004008016032,1.6188003862401745,0.4529654640967406,499,0.49498997995991983,0.22645290581162325,0.2685370741482966,0.01002004008016032,agent_0014
27,490.0,0.01002004008016032,1.5965769091416155,0.4393765001738384,499,0.4148296593186373,0.2685370741482966,0.3066132264529058,0.01002004008016032,agent_0014
28,469.0,0.026052104208416832,1.881921842668675,0.42619520516862325,499,0.44488977955911824,0.29458917835671344,0.23446893787575152,0.026052104208416832,agent_0014
29,469.0,0.02404809619238477,1.8452570845187253,0.4134093490135645,499,0.3907815631262525,0.3046092184368738,0.280561122244489,0.02404809619238477,agent_0014
30,499.0,0.01002004008016032,1.6480862974943915,0.4010070685431576,499,0.43687374749499,0.25250501002004005,0.30060120240480964,0.01002004008016032,agent_0014
31,466.0,0.03206412825651302,1.8874909998691962,0.38897685648686287,499,0.46693386773547096,0.23446893787575152,0.2665330661322645,0.03206412825651302,agent_0014
32,478.0,0.026052104208416832,1.8148628809660683,0.377307550792257,499,0.4529058116232465,0.27054108216432865,0.250501002004008,0.026052104208416832,agent_0014
33,466.0,0.03807615230460922,1.9563218950323564,0.36598832426848926,499,0.5270541082164328,0.2124248496993988,0.22244488977955912,0.03807615230460922,agent_0014
34,478.0,0.03006012024048096,1.9958059413634177,0.35500867454043455,499,0.3867735470941884,0.2865731462925852,0.2965931863727455,0.03006012024048096,agent_0014
35,475.0,0.028056112224448898,1.9052408694857823,0.3443584143042215,499,0.5350701402805611,0.22244488977955912,0.21442885771543085,0.028056112224448898,agent_0014
36,496.0,0.01603206412825651,1.784578950668559,0.3340276618750948,499,0.5070140280561122,0.20841683366733466,0.2685370741482966,0.01603206412825651,agent_0014
37,469.0,0.03406813627254509,1.8733828289645031,0.32400683201884195,499,0.4088176352705411,0.2625250501002004,0.29458917835671344,0.03406813627254509,agent_0014
38,493.0,0.012024048096192385,1.6778443430821441,0.3142866270582767,499,0.46693386773547096,0.23446893787575152,0.2865731462925852,0.012024048096192385,agent_0014
39,475.0,0.022044088176352707,1.72049560197819,0.3048580282465284,499,0.5591182364729459,0.19839679358717435,0.22044088176352705,0.022044088176352707,agent_0014
40,478.0,0.02404809619238477,1.8266428505710526,0.2957122873991326,499,0.45090180360721444,0.2665330661322645,0.25851703406813625,0.02404809619238477,agent_0014
41,478.0,0.026052104208416832,1.90981176510132,0.2868409187771586,499,0.4168336673346693,0.28857715430861725,0.2685370741482966,0.026052104208416832,agent_0014
42,472.0,0.03406813627254509,2.039166522571627,0.27823569121384384,499,0.43887775551102204,0.27655310621242485,0.250501002004008,0.03406813627254509,agent_0014
43,490.0,0.012024048096192385,1.767686981145626,0.2698886204774285,499,0.3807615230460922,0.27054108216432865,0.3366733466933868,0.012024048096192385,agent_0014
44,469.0,0.028056112224448898,1.8701882818825188,0.26179196186310566,499,0.39478957915831664,0.2985971943887776,0.2785571142284569,0.028056112224448898,agent_0014
45,496.0,0.006012024048096192,1.6761965520386093,0.2539382030072125,499,0.42685370741482964,0.2785571142284569,0.28857715430861725,0.006012024048096192,agent_0014
46,475.0,0.026052104208416832,1.8430515810445083,0.2463200569169961,499,0.4709418837675351,0.23647294589178355,0.2665330661322645,0.026052104208416832,agent_0014
47,493.0,0.006012024048096192,1.581417624834505,0.23893045520948622,499,0.3847695390781563,0.2725450901803607,0.3366733466933868,0.006012024048096192,agent_0014
48,481.0,0.014028056112224449,1.76377663341349,0.23176254155320164,499,0.3847695390781563,0.2985971943887776,0.3026052104208417,0.014028056112224449,agent_0014
49,496.0,0.008016032064128256,1.6541616207564227,0.2248096653066056,499,0.43687374749499,0.26452905811623245,0.2905811623246493,0.008016032064128256,agent_0014
50,460.0,0.036072144288577156,2.0211621446712984,0.21806537534740741,499,0.4849699398797595,0.26452905811623245,0.21442885771543085,0.036072144288577156,agent_0014
51,487.0,0.01002004008016032,1.6054172400438316,0.2115234140869852,499,0.48096192384769537,0.24448897795591182,0.26452905811623245,0.01002004008016032,agent_0014
52,484.0,0.01603206412825651,1.7898534807045363,0.20517771166437562,499,0.37074148296593185,0.28857715430861725,0.3246492985971944,0.01603206412825651,agent_0014
53,493.0,0.01002004008016032,1.7345787929025673,0.19902238031444436,499,0.3787575150300601,0.3046092184368738,0.3066132264529058,0.01002004008016032,agent_0014
54,463.0,0.036072144288577156,2.0066405862428702,0.19305170890501103,499,0.3787575150300601,0.28256513026052105,0.3026052104208417,0.036072144288577156,agent_0014
55,460.0,0.03807615230460922,1.9852808126977297,0.1872601576378607,499,0.42685370741482964,0.29458917835671344,0.24048096192384769,0.03807615230460922,agent_0014
56,487.0,0.018036072144288578,1.8364151895353846,0.18164235290872485,499,0.4148296593186373,0.2965931863727455,0.27054108216432865,0.018036072144288578,agent_0014
57,475.0,0.03807615230460922,1.9236861521389423,0.1761930823214631,499,0.5470941883767535,0.22044088176352705,0.19438877755511022,0.03807615230460922,agent_0014
58,466.0,0.036072144288577156,1.8859943390693878,0.17090728985181922,499,0.48096192384769537,0.22244488977955912,0.2605210420841683,0.036072144288577156,agent_0014
59,490.0,0.012024048096192385,1.8121366910059251,0.16578007115626464,499,0.3186372745490982,0.3306613226452906,0.33867735470941884,0.012024048096192385,agent_0014
60,490.0,0.02404809619238477,1.8335864297695825,0.1608066690215767,499,0.43687374749499,0.2565130260521042,0.28256513026052105,0.02404809619238477,agent_0014
61,466.0,0.03406813627254509,1.9981312527748178,0.1559824689509294,499,0.43286573146292584,0.250501002004008,0.28256513026052105,0.03406813627254509,agent_0014
62,478.0,0.02404809619238477,1.767358423346126,0.1513029948824015,499,0.6192384769539078,0.1843687374749499,0.17234468937875752,0.02404809619238477,agent_0014
63,481.0,0.02404809619238477,1.7399811051061416,0.14676390503592945,499,0.5851703406813628,0.18637274549098196,0.20440881763527055,0.02404809619238477,agent_0014
64,469.0,0.03206412825651302,1.9686226658044537,0.14236098788485158,499,0.3226452905811623,0.3026052104208417,0.342685370741483,0.03206412825651302,agent_0014
65,460.0,0.04208416833667335,2.1211122579953354,0.13809015824830603,499,0.4308617234468938,0.2725450901803607,0.2545090180360721,0.04208416833667335,agent_0014
66,478.0,0.02004008016032064,1.7017806007778302,0.13394745350085685,499,0.7134268537074149,0.13226452905811623,0.1342685370741483,0.02004008016032064,agent_0014
67,487.0,0.02004008016032064,1.8334103647487598,0.12992902989583113,499,0.5390781563126252,0.24849699398797595,0.19238476953907815,0.02004008016032064,agent_0014
68,487.0,0.02004008016032064,1.8623337197715897,0.1260311589989562,499,0.5050100200400801,0.25851703406813625,0.21643286573146292,0.02004008016032064,agent_0014
69,487.0,0.012024048096192385,1.713448972898757,0.12225022422898751,499,0.35671342685370744,0.32064128256513025,0.3106212424849699,0.012024048096192385,agent_0014
70,496.0,0.008016032064128256,1.7068099706145339,0.11858271750211788,499,0.41282565130260523,0.30060120240480964,0.2785571142284569,0.008016032064128256,agent_0014
71,493.0,0.012024048096192385,1.642262114812837,0.11502523597705434,499,0.48296593186372744,0.24248496993987975,0.2625250501002004,0.012024048096192385,agent_0014
72,475.0,0.026052104208416832,1.8266651207497224,0.1115744788977427,499,0.5410821643286573,0.21643286573146292,0.21643286573146292,0.026052104208416832,agent_0014
73,481.0,0.022044088176352707,1.7251425921098944,0.10822724453081042,499,0.4649298597194389,0.250501002004008,0.2625250501002004,0.022044088176352707,agent_0014
74,475.0,0.03006012024048096,1.9172910518991773,0.10498042719488611,499,0.41282565130260523,0.2845691382765531,0.2725450901803607,0.03006012024048096,agent_0014
75,496.0,0.004008016032064128,1.584387288434222,0.10183101437903952,499,0.44288577154308617,0.2905811623246493,0.2625250501002004,0.004008016032064128,agent_0014
76,481.0,0.022044088176352707,1.8008231966287067,0.09877608394766833,499,0.28857715430861725,0.3106212424849699,0.3787575150300601,0.022044088176352707,agent_0014
77,490.0,0.01002004008016032,1.70210084238797,0.09581280142923829,499,0.30861723446893785,0.312625250501002,0.3687374749498998,0.01002004008016032,agent_0014
78,490.0,0.01603206412825651,1.8090650026053097,0.09293841738636113,499,0.3106212424849699,0.2845691382765531,0.38877755511022044,0.01603206412825651,agent_0014
79,493.0,0.006012024048096192,1.722963087726112,0.09015026486477029,499,0.3687374749498998,0.31462925851703405,0.3106212424849699,0.006012024048096192,agent_0014
80,487.0,0.02404809619238477,1.8209885095166993,0.08744575691882718,499,0.49498997995991983,0.23647294589178355,0.24448897795591182,0.02404809619238477,agent_0014
81,472.0,0.028056112224448898,1.8845885662012725,0.08482238421126237,499,0.5450901803607214,0.20641282565130262,0.22044088176352705,0.028056112224448898,agent_0014
82,499.0,0.004008016032064128,1.6631143076258823,0.0822777126849245,499,0.5410821643286573,0.24448897795591182,0.21042084168336672,0.004008016032064128,agent_0014
83,478.0,0.03206412825651302,1.9099807894257044,0.07980938130437676,499,0.44889779559118237,0.23647294589178355,0.28256513026052105,0.03206412825651302,agent_0014
84,454.0,0.04408817635270541,1.9860489397364778,0.07741509986524546,499,0.5490981963927856,0.20641282565130262,0.20040080160320642,0.04408817635270541,agent_0014
85,481.0,0.022044088176352707,1.7926234039089612,0.0750926468692881,499,0.4909819639278557,0.23246492985971945,0.2545090180360721,0.022044088176352707,agent_0014
86,490.0,0.01603206412825651,1.6798631399076398,0.07283986746320946,499,0.4909819639278557,0.2565130260521042,0.23647294589178355,0.01603206412825651,agent_0014
87,490.0,0.012024048096192385,1.717801521182245,0.07065467143931317,499,0.3907815631262525,0.30060120240480964,0.2965931863727455,0.012024048096192385,agent_0014
88,466.0,0.028056112224448898,1.8425126325337597,0.06853503129613378,499,0.35671342685370744,0.2845691382765531,0.3306613226452906,0.028056112224448898,agent_0014
89,490.0,0.014028056112224449,1.7236681371910358,0.06647898035724976,499,0.4188376753507014,0.250501002004008,0.3166332665330661,0.014028056112224449,agent_0014
90,487.0,0.01603206412825651,1.796612434278023,0.06448461094653227,499,0.5270541082164328,0.2725450901803607,0.1843687374749499,0.01603206412825651,agent_0014
91,487.0,0.014028056112224449,1.6497480888958274,0.06255007261813629,499,0.5250501002004008,0.24849699398797595,0.2124248496993988,0.014028056112224449,agent_0014
92,487.0,0.014028056112224449,1.6643064017795075,0.0606735704395922,499,0.5490981963927856,0.20841683366733466,0.22845691382765532,0.014028056112224449,agent_0014
93,478.0,0.018036072144288578,1.6365814241590735,0.05885336332640443,499,0.5971943887775552,0.1743486973947896,0.21042084168336672,0.018036072144288578,agent_0014
94,478.0,0.022044088176352707,1.715942696076914,0.057087762426612294,499,0.503006012024048,0.2124248496993988,0.2625250501002004,0.022044088176352707,agent_0014
95,457.0,0.04408817635270541,2.087258011751989,0.05537512955381393,499,0.36072144288577157,0.2685370741482966,0.32665330661322645,0.04408817635270541,agent_0014
96,481.0,0.022044088176352707,1.8769461647489514,0.053713875667199505,499,0.31462925851703405,0.32665330661322645,0.3366733466933868,0.022044088176352707,agent_0014
97,457.0,0.04408817635270541,2.0963808313034056,0.05210245939718352,499,0.24849699398797595,0.31462925851703405,0.3927855711422846,0.04408817635270541,agent_0014
98,490.0,0.01603206412825651,1.7180220026495,0.05053938561526801,499,0.342685370741483,0.2565130260521042,0.3847695390781563,0.01603206412825651,agent_0014
99,487.0,0.018036072144288578,1.8047874467473248,0.05,499,0.5070140280561122,0.24649298597194388,0.22845691382765532,0.018036072144288578,agent_0014
100,475.0,0.028056112224448898,1.8853533326840761,0.05,499,0.6192384769539078,0.156312625250501,0.1963927855711423,0.028056112224448898,agent_0014
101,496.0,0.01002004008016032,1.6365271262711791,0.05,499,0.5531062124248497,0.24248496993987975,0.19438877755511022,0.01002004008016032,agent_0014
102,478.0,0.022044088176352707,1.7523466122619815,0.05,499,0.5691382765531062,0.17835671342685372,0.23046092184368738,0.022044088176352707,agent_0014
103,478.0,0.022044088176352707,1.6948126914338038,0.05,499,0.5711422845691383,0.22645290581162325,0.18036072144288579,0.022044088176352707,agent_0014
104,460.0,0.036072144288577156,1.8261326226328471,0.05,499,0.5511022044088176,0.22044088176352705,0.19238476953907815,0.036072144288577156,agent_0014
105,499.0,0.004008016032064128,1.650765956036421,0.05,499,0.4188376753507014,0.2845691382765531,0.2925851703406814,0.004008016032064128,agent_0014
106,499.0,0.014028056112224449,1.8377238791787711,0.05,499,0.4028056112224449,0.30060120240480964,0.28256513026052105,0.014028056112224449,agent_0014
107,484.0,0.02004008016032064,1.7957061728548736,0.05,499,0.4228456913827655,0.27655310621242485,0.280561122244489,0.02004008016032064,agent_0014
108,472.0,0.028056112224448898,1.996579195619389,0.05,499,0.2745490981963928,0.39478957915831664,0.3026052104208417,0.028056112224448898,agent_0014
109,475.0,0.026052104208416832,2.016332721853055,0.05,499,0.250501002004008,0.3727454909819639,0.35070140280561124,0.026052104208416832,agent_0014
110,499.0,0.002004008016032064,1.598222258797089,0.05,499,0.40480961923847697,0.2785571142284569,0.31462925851703405,0.002004008016032064,agent_0014
111,499.0,0.004008016032064128,1.7101617282633812,0.05,499,0.3366733466933868,0.33867735470941884,0.32064128256513025,0.004008016032064128,agent_0014
112,463.0,0.04408817635270541,2.2571660255726114,0.05,499,0.24248496993987975,0.36472945891783565,0.3486973947895792,0.04408817635270541,agent_0014
113,475.0,0.028056112224448898,1.8822396903118273,0.05,499,0.4749498997995992,0.24649298597194388,0.250501002004008,0.028056112224448898,agent_0014
114,481.0,0.028056112224448898,1.8984686446328214,0.05,499,0.4028056112224449,0.27655310621242485,0.2925851703406814,0.028056112224448898,agent_0014
115,457.0,0.04408817635270541,2.140510627542807,0.05,499,0.41082164328657317,0.2925851703406814,0.25250501002004005,0.04408817635270541,agent_0014
116,481.0,0.02404809619238477,1.854076083033543,0.05,499,0.6172344689378757,0.1843687374749499,0.1743486973947896,0.02404809619238477,agent_0014
117,499.0,0.002004008016032064,1.5665384067672732,0.05,499,0.40681362725450904,0.2745490981963928,0.3166332665330661,0.002004008016032064,agent_0014
118,472.0,0.028056112224448898,1.9124717338767088,0.05,499,0.2745490981963928,0.2925851703406814,0.40480961923847697,0.028056112224448898,agent_0014
119,481.0,0.01603206412825651,1.82269026467548,0.05,499,0.24448897795591182,0.37675350701402804,0.3627254509018036,0.01603206412825651,agent_0014
0,469.0,0.03006012024048096,1.7638981008324686,1.0,499,0.46092184368737477,0.19238476953907815,0.3166332665330661,0.03006012024048096,agent_0015
1,490.0,0.01002004008016032,1.6339263386304397,0.97,499,0.5290581162324649,0.19438877755511022,0.2665330661322645,0.01002004008016032,agent_0015
2,463.0,0.03406813627254509,1.7751000755911346,0.9409,499,0.46893787575150303,0.20641282565130262,0.2905811623246493,0.03406813627254509,agent_0015
3,451.0,0.04208416833667335,1.9565301027660302,0.912673,499,0.41282565130260523,0.2905811623246493,0.2545090180360721,0.04208416833667335,agent_0015
4,484.0,0.02004008016032064,1.8150614527530358,0.8852928099999999,499,0.46693386773547096,0.29458917835671344,0.218436873747495,0.02004008016032064,agent_0015
5,454.0,0.04008016032064128,1.9778308453754385,0.8587340256999999,499,0.41282565130260523,0.2785571142284569,0.2685370741482966,0.04008016032064128,agent_0015
6,472.0,0.03406813627254509,1.9318707478491333,0.8329720049289999,499,0.49498997995991983,0.23246492985971945,0.23847695390781562,0.03406813627254509,agent_0015
7,481.0,0.028056112224448898,1.8546278022525522,0.8079828447811299,499,0.49498997995991983,0.25250501002004005,0.22444889779559118,0.028056112224448898,agent_0015
8,442.0,0.06012024048096192,2.2276976990963626,0.783743359437696,499,0.49899799599198397,0.22044088176352705,0.22044088176352705,0.06012024048096192,agent_0015
9,481.0,0.018036072144288578,1.6686381557018626,0.7602310586545651,499,0.45691382765531063,0.23647294589178355,0.28857715430861725,0.018036072144288578,agent_0015
10,481.0,0.018036072144288578,1.694297236435453,0.7374241268949281,499,0.5671342685370742,0.1903807615230461,0.22444889779559118,0.018036072144288578,agent_0015
11,481.0,0.026052104208416832,1.8124409082737507,0.7153014030880802,499,0.5250501002004008,0.22645290581162325,0.22244488977955912,0.026052104208416832,agent_0015
12,469.0,0.028056112224448898,1.8285933539999977,0.6938423609954378,499,0.48697394789579157,0.21643286573146292,0.2685370741482966,0.028056112224448898,agent_0015
13,466.0,0.036072144288577156,1.8919098653432018,0.6730270901655747,499,0.5150300601202404,0.22444889779559118,0.22444889779559118,0.036072144288577156,agent_0015
14,490.0,0.008016032064128256,1.6568152807522698,0.6528362774606075,499,0.4749498997995992,0.23446893787575152,0.28256513026052105,0.008016032064128256,agent_0015
15,478.0,0.026052104208416832,1.843858565292878,0.6332511891367892,499,0.4589178356713427,0.2725450901803607,0.24248496993987975,0.026052104208416832,agent_0015
16,487.0,0.01603206412825651,1.7270776825024954,0.6142536534626856,499,0.46092184368737477,0.250501002004008,0.2725450901803607,0.01603206412825651,agent_0015
17,475.0,0.018036072144288578,1.7029869288377562,0.595826043858805,499,0.5350701402805611,0.21643286573146292,0.23046092184368738,0.018036072144288578,agent_0015
18,475.0,0.03006012024048096,1.8948716247766133,0.5779512625430409,499,0.4789579158316633,0.22244488977955912,0.2685370741482966,0.03006012024048096,agent_0015
19,472.0,0.028056112224448898,1.9989868397180135,0.5606127246667496,499,0.36072144288577157,0.28256513026052105,0.3286573146292585,0.028056112224448898,agent_0015
20,496.0,0.006012024048096192,1.643495771017867,0.5437943429267471,499,0.4969939879759519,0.25250501002004005,0.24448897795591182,0.006012024048096192,agent_0015
21,484.0,0.014028056112224449,1.653428869055239,0.5274805126389447,499,0.4649298597194389,0.2545090180360721,0.2665330661322645,0.014028056112224449,agent_0015
22,478.0,0.022044088176352707,1.8503522738562215,0.5116560972597763,499,0.45490981963927857,0.2605210420841683,0.2625250501002004,0.022044088176352707,agent_0015
23,493.0,0.01603206412825651,1.7153515550172889,0.496306414341983,499,0.5150300601202404,0.24849699398797595,0.22044088176352705,0.01603206412825651,agent_0015
24,478.0,0.022044088176352707,1.8213231522616125,0.48141722191172354,499,0.4248496993987976,0.2625250501002004,0.2905811623246493,0.022044088176352707,agent_0015
25,493.0,0.01002004008016032,1.5867045350492512,0.4669747052543718,499,0.4168336673346693,0.24649298597194388,0.32665330661322645,0.01002004008016032,agent_0015
26,490.0,0.01002004008016032,1.5921534158011552,0.4529654640967406,499,0.4749498997995992,0.2605210420841683,0.2545090180360721,0.01002004008016032,agent_0015
27,463.0,0.03006012024048096,1.8757411495053873,0.4393765001738384,499,0.4969939879759519,0.2745490981963928,0.19839679358717435,0.03006012024048096,agent_0015
28,475.0,0.02004008016032064,1.8306970265929128,0.42619520516862325,499,0.4168336673346693,0.3046092184368738,0.25851703406813625,0.02004008016032064,agent_0015
29,499.0,0.01002004008016032,1.7187865802727513,0.4134093490135645,499,0.4168336673346693,0.28857715430861725,0.2845691382765531,0.01002004008016032,agent_0015
30,466.0,0.03206412825651302,1.8875077049884332,0.4010070685431576,499,0.4348697394789579,0.24448897795591182,0.28857715430861725,0.03206412825651302,agent_0015
31,478.0,0.026052104208416832,1.9066434777057897,0.38897685648686287,499,0.5090180360721442,0.2565130260521042,0.20841683366733466,0.026052104208416832,agent_0015
32,454.0,0.04809619238476954,2.051551662057479,0.377307550792257,499,0.4468937875751503,0.24649298597194388,0.25851703406813625,0.04809619238476954,agent_0015
33,478.0,0.03006012024048096,2.026705534646592,0.36598832426848926,499,0.42685370741482964,0.28256513026052105,0.2605210420841683,0.03006012024048096,agent_0015
34,475.0,0.028056112224448898,1.9524997944192959,0.35500867454043455,499,0.44488977955911824,0.27655310621242485,0.250501002004008,0.028056112224448898,agent_0015
35,496.0,0.01603206412825651,1.8176703104797278,0.3443584143042215,499,0.5290581162324649,0.218436873747495,0.23647294589178355,0.01603206412825651,agent_0015
36,469.0,0.03406813627254509,1.8659377263252346,0.3340276618750948,499,0.5090180360721442,0.22444889779559118,0.23246492985971945,0.03406813627254509,agent_0015
37,493.0,0.01002004008016032,1.7159606619020609,0.32400683201884195,499,0.4348697394789579,0.2785571142284569,0.27655310621242485,0.01002004008016032,agent_0015
38,475.0,0.022044088176352707,1.7271169198195853,0.3142866270582767,499,0.5210420841683366,0.22044088176352705,0.23647294589178355,0.022044088176352707,agent_0015
39,478.0,0.02404809619238477,1.8814862850845604,0.3048580282465284,499,0.3867735470941884,0.312625250501002,0.27655310621242485,0.02404809619238477,agent_0015
40,478.0,0.026052104208416832,1.8491108692381746,0.2957122873991326,499,0.44288577154308617,0.250501002004008,0.280561122244489,0.026052104208416832,agent_0015
41,475.0,0.028056112224448898,1.9584221978865588,0.2868409187771586,499,0.4248496993987976,0.29458917835671344,0.25250501002004005,0.028056112224448898,agent_0015
42,490.0,0.012024048096192385,1.7689999170851916,0.27823569121384384,499,0.39478957915831664,0.27655310621242485,0.3166332665330661,0.012024048096192385,agent_0015
43,466.0,0.03406813627254509,1.9947143919637291,0.2698886204774285,499,0.36472945891783565,0.3106212424849699,0.2905811623246493,0.03406813627254509,agent_0015
44,496.0,0.006012024048096192,1.6686439191342073,0.26179196186310566,499,0.4148296593186373,0.25851703406813625,0.32064128256513025,0.006012024048096192,agent_0015
45,475.0,0.026052104208416832,1.9124508053788962,0.2539382030072125,499,0.3226452905811623,0.3166332665330661,0.3346693386773547,0.026052104208416832,agent_0015
46,499.0,0.0,1.4586367558141367,0.2463200569169961,499,0.4529058116232465,0.22044088176352705,0.32665330661322645,0.0,agent_0015
47,463.0,0.026052104208416832,1.7620498327957876,0.23893045520948622,499,0.49298597194388777,0.22044088176352705,0.2605210420841683,0.026052104208416832,agent_0015
48,496.0,0.008016032064128256,1.6283633105722657,0.23176254155320164,499,0.40681362725450904,0.27054108216432865,0.31462925851703405,0.008016032064128256,agent_0015
49,469.0,0.03006012024048096,1.9354929152095341,0.2248096653066056,499,0.4909819639278557,0.23647294589178355,0.24248496993987975,0.03006012024048096,agent_0015
50,493.0,0.006012024048096192,1.5402511118145754,0.21806537534740741,499,0.6212424849699398,0.1683366733466934,0.20440881763527055,0.006012024048096192,agent_0015
51,484.0,0.02004008016032064,1.7238448082325022,0.2115234140869852,499,0.5551102204408818,0.20641282565130262,0.218436873747495,0.02004008016032064,agent_0015
52,493.0,0.01002004008016032,1.6692190106582794,0.20517771166437562,499,0.48697394789579157,0.2605210420841683,0.24248496993987975,0.01002004008016032,agent_0015
53,466.0,0.03406813627254509,1.9210755468410066,0.19902238031444436,499,0.39478957915831664,0.26452905811623245,0.3066132264529058,0.03406813627254509,agent_0015
54,457.0,0.04008016032064128,1.9134376353929938,0.19305170890501103,499,0.5991983967935872,0.1843687374749499,0.17635270541082165,0.04008016032064128,agent_0015
55,487.0,0.018036072144288578,1.7864819007165005,0.1872601576378607,499,0.4789579158316633,0.25851703406813625,0.24448897795591182,0.018036072144288578,agent_0015
56,475.0,0.03807615230460922,2.003547338148296,0.18164235290872485,499,0.374749498997996,0.30861723446893785,0.2785571142284569,0.03807615230460922,agent_0015
57,463.0,0.03807615230460922,1.9361602365398016,0.1761930823214631,499,0.4308617234468938,0.2565130260521042,0.2745490981963928,0.03807615230460922,agent_0015
58,490.0,0.012024048096192385,1.725527246650914,0.17090728985181922,499,0.40480961923847697,0.26452905811623245,0.3186372745490982,0.012024048096192385,agent_0015
59,478.0,0.03406813627254509,1.867249900114179,0.16578007115626464,499,0.503006012024048,0.22444889779559118,0.23847695390781562,0.03406813627254509,agent_0015
60,475.0,0.03006012024048096,1.8601196936802302,0.1608066690215767,499,0.4849699398797595,0.21442885771543085,0.27054108216432865,0.03006012024048096,agent_0015
61,472.0,0.028056112224448898,1.8397278331774856,0.1559824689509294,499,0.6653306613226453,0.15831663326653306,0.14829659318637275,0.028056112224448898,agent_0015
62,481.0,0.02404809619238477,1.7000322898722844,0.1513029948824015,499,0.6813627254509018,0.13226452905811623,0.1623246492985972,0.02404809619238477,agent_0015
63,469.0,0.03206412825651302,1.9103699850679627,0.14676390503592945,499,0.5210420841683366,0.22444889779559118,0.22244488977955912,0.03206412825651302,agent_0015
64,460.0,0.04408817635270541,2.0533770940936016,0.14236098788485158,499,0.5470941883767535,0.1963927855711423,0.2124248496993988,0.04408817635270541,agent_0015
65,478.0,0.02004008016032064,1.737640365635428,0.13809015824830603,499,0.5230460921843687,0.2605210420841683,0.1963927855711423,0.02004008016032064,agent_0015
66,487.0,0.02004008016032064,1.8316235752451488,0.13394745350085685,499,0.5591182364729459,0.20641282565130262,0.21442885771543085,0.02004008016032064,agent_0015
67,487.0,0.02004008016032064,1.7832412448672554,0.12992902989583113,499,0.4969939879759519,0.23847695390781562,0.24448897795591182,0.02004008016032064,agent_0015
68,469.0,0.03006012024048096,1.806873957502411,0.1260311589989562,499,0.4969939879759519,0.21643286573146292,0.2565130260521042,0.03006012024048096,agent_0015
69,490.0,0.014028056112224449,1.6713868074845981,0.12225022422898751,499,0.6773547094188377,0.1462925851703407,0.1623246492985972,0.014028056112224449,agent_0015
70,493.0,0.012024048096192385,1.6535215794514815,0.11858271750211788,499,0.40681362725450904,0.2745490981963928,0.3066132264529058,0.012024048096192385,agent_0015
71,484.0,0.018036072144288578,1.8004906933073743,0.11502523597705434,499,0.5170340681362725,0.23847695390781562,0.22645290581162325,0.018036072144288578,agent_0015
72,481.0,0.022044088176352707,1.6867835695438822,0.1115744788977427,499,0.6913827655310621,0.15831663326653306,0.1282565130260521,0.022044088176352707,agent_0015
73,460.0,0.03807615230460922,1.9962788320784497,0.10822724453081042,499,0.3587174348697395,0.2745490981963928,0.3286573146292585,0.03807615230460922,agent_0015
74,496.0,0.004008016032064128,1.621489536996762,0.10498042719488611,499,0.41282565130260523,0.3106212424849699,0.2725450901803607,0.004008016032064128,agent_0015
75,457.0,0.036072144288577156,1.9013570119377827,0.10183101437903952,499,0.35070140280561124,0.28256513026052105,0.3306613226452906,0.036072144288577156,agent_0015
76,487.0,0.012024048096192385,1.693955930038847,0.09877608394766833,499,0.4148296593186373,0.2845691382765531,0.28857715430861725,0.012024048096192385,agent_0015
77,490.0,0.01603206412825651,1.7146944726146665,0.09581280142923829,499,0.501002004008016,0.23847695390781562,0.24448897795591182,0.01603206412825651,agent_0015
78,493.0,0.006012024048096192,1.5935131116110992,0.09293841738636113,499,0.6833667334669339,0.1462925851703407,0.16432865731462926,0.006012024048096192,agent_0015
79,487.0,0.02404809619238477,1.870403918685335,0.09015026486477029,499,0.43887775551102204,0.2725450901803607,0.26452905811623245,0.02404809619238477,agent_0015
80,472.0,0.028056112224448898,1.8720226110958305,0.08744575691882718,499,0.5390781563126252,0.22044088176352705,0.2124248496993988,0.028056112224448898,agent_0015
81,499.0,0.004008016032064128,1.6412647658610864,0.08482238421126237,499,0.6753507014028056,0.18837675350701402,0.13226452905811623,0.004008016032064128,agent_0015
82,481.0,0.02404809619238477,1.8542853508336825,0.0822777126849245,499,0.6152304609218436,0.20641282565130262,0.15430861723446893,0.02404809619238477,agent_0015
83,454.0,0.04208416833667335,1.9429460326126338,0.07980938130437676,499,0.5531062124248497,0.18236472945891782,0.22244488977955912,0.04208416833667335,agent_0015
84,481.0,0.022044088176352707,1.8270217190775317,0.07741509986524546,499,0.4849699398797595,0.23847695390781562,0.2545090180360721,0.022044088176352707,agent_0015
85,484.0,0.022044088176352707,1.7623459648396937,0.0750926468692881,499,0.6973947895791583,0.13827655310621242,0.14228456913827656,0.022044088176352707,agent_0015
86,490.0,0.012024048096192385,1.7179843614823473,0.07283986746320946,499,0.35070140280561124,0.3066132264529058,0.3306613226452906,0.012024048096192385,agent_0015
87,466.0,0.028056112224448898,1.9659608245898499,0.07065467143931317,499,0.25250501002004005,0.35070140280561124,0.3687374749498998,0.028056112224448898,agent_0015
88,490.0,0.014028056112224449,1.799788665663274,0.06853503129613378,499,0.32665330661322645,0.2865731462925852,0.3727454909819639,0.014028056112224449,agent_0015
89,487.0,0.018036072144288578,1.8985857515759177,0.06647898035724976,499,0.3627254509018036,0.35470941883767537,0.26452905811623245,0.018036072144288578,agent_0015
90,487.0,0.014028056112224449,1.721323574958755,0.06448461094653227,499,0.4348697394789579,0.27655310621242485,0.2745490981963928,0.014028056112224449,agent_0015
91,484.0,0.018036072144288578,1.7636960527623784,0.06255007261813629,499,0.4188376753507014,0.2685370741482966,0.29458917835671344,0.018036072144288578,agent_0015
92,484.0,0.014028056112224449,1.6713972809134194,0.0606735704395922,499,0.41082164328657317,0.2545090180360721,0.32064128256513025,0.014028056112224449,agent_0015
93,478.0,0.022044088176352707,1.8360875932863054,0.05885336332640443,499,0.42685370741482964,0.2605210420841683,0.2905811623246493,0.022044088176352707,agent_0015
94,463.0,0.04208416833667335,2.0005356366560236,0.057087762426612294,499,0.46693386773547096,0.2124248496993988,0.2785571142284569,0.04208416833667335,agent_0015
95,481.0,0.022044088176352707,1.8187306922258197,0.05537512955381393,499,0.4288577154308617,0.2725450901803607,0.27655310621242485,0.022044088176352707,agent_0015
96,469.0,0.036072144288577156,1.8619908524772515,0.053713875667199505,499,0.4909819639278557,0.22244488977955912,0.250501002004008,0.036072144288577156,agent_0015
97,490.0,0.01603206412825651,1.7450685933612853,0.05210245939718352,499,0.3967935871743487,0.27054108216432865,0.3166332665330661,0.01603206412825651,agent_0015
98,484.0,0.022044088176352707,1.9141507108112243,0.05053938561526801,499,0.39478957915831664,0.2865731462925852,0.2965931863727455,0.022044088176352707,agent_0015
99,475.0,0.028056112224448898,1.8921351217008695,0.05,499,0.49498997995991983,0.2565130260521042,0.22044088176352705,0.028056112224448898,agent_0015
100,496.0,0.01002004008016032,1.5778725954180595,0.05,499,0.7434869739478958,0.12224448897795591,0.12424849699398798,0.01002004008016032,agent_0015
101,478.0,0.022044088176352707,1.7111011320376985,0.05,499,0.6392785571142284,0.16432865731462926,0.1743486973947896,0.022044088176352707,agent_0015
102,478.0,0.02404809619238477,1.6628049143448063,0.05,499,0.5831663326653307,0.22244488977955912,0.17034068136272545,0.02404809619238477,agent_0015
103,463.0,0.03406813627254509,1.8437178955091513,0.05,499,0.5250501002004008,0.23647294589178355,0.20440881763527055,0.03406813627254509,agent_0015
104,499.0,0.004008016032064128,1.6539529495914216,0.05,499,0.3907815631262525,0.27655310621242485,0.3286573146292585,0.004008016032064128,agent_0015
105,499.0,0.01603206412825651,1.8747273500485255,0.05,499,0.28857715430861725,0.31462925851703405,0.3807615230460922,0.01603206412825651,agent_0015
106,475.0,0.028056112224448898,1.979242881907991,0.05,499,0.3046092184368738,0.3527054108216433,0.31462925851703405,0.028056112224448898,agent_0015
107,475.0,0.026052104208416832,1.8641500555730353,0.05,499,0.4348697394789579,0.3026052104208417,0.23647294589178355,0.026052104208416832,agent_0015
108,466.0,0.03206412825651302,1.9959349512294269,0.05,499,0.45490981963927857,0.27054108216432865,0.24248496993987975,0.03206412825651302,agent_0015
109,499.0,0.002004008016032064,1.5159459506306012,0.05,499,0.7134268537074149,0.10821643286573146,0.17635270541082165,0.002004008016032064,agent_0015
110,499.0,0.004008016032064128,1.550201829156271,0.05,499,0.6893787575150301,0.1342685370741483,0.17234468937875752,0.004008016032064128,agent_0015
111,463.0,0.03807615230460922,2.0508845257595665,0.05,499,0.41082164328657317,0.2545090180360721,0.2965931863727455,0.03807615230460922,agent_0015
112,484.0,0.02004008016032064,1.7855611752339693,0.05,499,0.503006012024048,0.24448897795591182,0.23246492985971945,0.02004008016032064,agent_0015
113,478.0,0.03206412825651302,1.8466528102285376,0.05,499,0.5651302605210421,0.1623246492985972,0.24048096192384769,0.03206412825651302,agent_0015
114,463.0,0.03807615230460922,2.099218356316012,0.05,499,0.40080160320641284,0.3186372745490982,0.24248496993987975,0.03807615230460922,agent_0015
115,484.0,0.02004008016032064,1.8445449101625788,0.05,499,0.4649298597194389,0.2665330661322645,0.24849699398797595,0.02004008016032064,agent_0015
116,499.0,0.002004008016032064,1.5966131241381452,0.05,499,0.3787575150300601,0.2865731462925852,0.33266533066132264,0.002004008016032064,agent_0015
117,478.0,0.022044088176352707,1.7900104538985917,0.05,499,0.3807615230460922,0.2625250501002004,0.3346693386773547,0.022044088176352707,agent_0015
118,481.0,0.01603206412825651,1.7208974063151414,0.05,499,0.41282565130260523,0.2925851703406814,0.2785571142284569,0.01603206412825651,agent_0015
119,472.0,0.03206412825651302,1.9546133157723602,0.05,499,0.4028056112224449,0.28857715430861725,0.27655310621242485,0.03206412825651302,agent_0015
0,487.0,0.012024048096192385,1.7044199701051648,1.0,499,0.44288577154308617,0.2665330661322645,0.2785571142284569,0.012024048096192385,agent_0016
1,466.0,0.03206412825651302,1.7767608760691365,0.97,499,0.4649298597194389,0.22845691382765532,0.2745490981963928,0.03206412825651302,agent_0016
2,454.0,0.04008016032064128,1.9352678444018467,0.9409,499,0.43887775551102204,0.27655310621242485,0.24448897795591182,0.04008016032064128,agent_0016
3,484.0,0.02004008016032064,1.8096079978430064,0.912673,499,0.41082164328657317,0.30861723446893785,0.2605210420841683,0.02004008016032064,agent_0016
4,454.0,0.04008016032064128,1.962514535149658,0.8852928099999999,499,0.4729458917835671,0.250501002004008,0.23647294589178355,0.04008016032064128,agent_0016
5,481.0,0.028056112224448898,1.8661747428583788,0.8587340256999999,499,0.5270541082164328,0.218436873747495,0.22645290581162325,0.028056112224448898,agent_0016
6,481.0,0.028056112224448898,1.8201513822346145,0.8329720049289999,499,0.47695390781563124,0.2545090180360721,0.24048096192384769,0.028056112224448898,agent_0016
7,457.0,0.04809619238476954,2.115382366098375,0.8079828447811299,499,0.4909819639278557,0.24849699398797595,0.2124248496993988,0.04809619238476954,agent_0016
8,481.0,0.018036072144288578,1.6519387190631265,0.783743359437696,499,0.44889779559118237,0.25250501002004005,0.280561122244489,0.018036072144288578,agent_0016
9,481.0,0.018036072144288578,1.7502523383000892,0.7602310586545651,499,0.4709418837675351,0.2545090180360721,0.2565130260521042,0.018036072144288578,agent_0016
10,481.0,0.028056112224448898,1.8875573677664532,0.7374241268949281,499,0.48697394789579157,0.2545090180360721,0.23046092184368738,0.028056112224448898,agent_0016
11,469.0,0.028056112224448898,1.8474824845459836,0.7153014030880802,499,0.40681362725450904,0.2625250501002004,0.3026052104208417,0.028056112224448898,agent_0016
12,466.0,0.036072144288577156,1.9269535777251547,0.6938423609954378,499,0.48096192384769537,0.250501002004008,0.23246492985971945,0.036072144288577156,agent_0016
13,490.0,0.008016032064128256,1.6056999719529808,0.6730270901655747,499,0.4789579158316633,0.22044088176352705,0.2925851703406814,0.008016032064128256,agent_0016
14,478.0,0.026052104208416832,1.8396662441858695,0.6528362774606075,499,0.4969939879759519,0.25851703406813625,0.218436873747495,0.026052104208416832,agent_0016
15,484.0,0.02004008016032064,1.8424437843509875,0.6332511891367892,499,0.3727454909819639,0.3066132264529058,0.30060120240480964,0.02004008016032064,agent_0016
16,475.0,0.018036072144288578,1.6979466803989893,0.6142536534626856,499,0.5430861723446894,0.22845691382765532,0.21042084168336672,0.018036072144288578,agent_0016
17,466.0,0.03807615230460922,2.003722831184993,0.595826043858805,499,0.4148296593186373,0.2545090180360721,0.2925851703406814,0.03807615230460922,agent_0016
18,472.0,0.028056112224448898,1.9998870245679568,0.5779512625430409,499,0.38276553106212424,0.280561122244489,0.30861723446893785,0.028056112224448898,agent_0016
19,493.0,0.008016032064128256,1.6766833681029445,0.5606127246667496,499,0.43286573146292584,0.2905811623246493,0.2685370741482966,0.008016032064128256,agent_0016
20,481.0,0.01603206412825651,1.6654643796735742,0.5437943429267471,499,0.4849699398797595,0.24849699398797595,0.250501002004008,0.01603206412825651,agent_0016
21,478.0,0.022044088176352707,1.8332677690231005,0.5274805126389447,499,0.48697394789579157,0.24849699398797595,0.24248496993987975,0.022044088176352707,agent_0016
22,493.0,0.01603206412825651,1.8268006561280574,0.5116560972597763,499,0.32665330661322645,0.32665330661322645,0.3306613226452906,0.01603206412825651,agent_0016
23,469.0,0.03006012024048096,1.8679503231632022,0.496306414341983,499,0.46292585170340683,0.23647294589178355,0.27054108216432865,0.03006012024048096,agent_0016
24,493.0,0.01002004008016032,1.6301764609521308,0.48141722191172354,499,0.42084168336673344,0.2545090180360721,0.31462925851703405,0.01002004008016032,agent_0016
25,490.0,0.012024048096192385,1.6015257073051463,0.4669747052543718,499,0.45490981963927857,0.250501002004008,0.28256513026052105,0.012024048096192385,agent_0016
26,469.0,0.026052104208416832,1.907129516142036,0.4529654640967406,499,0.4248496993987976,0.3066132264529058,0.24248496993987975,0.026052104208416832,agent_0016
27,469.0,0.02404809619238477,1.8482901745241191,0.4393765001738384,499,0.36472945891783565,0.3106212424849699,0.30060120240480964,0.02404809619238477,agent_0016
28,499.0,0.01002004008016032,1.6724866100331328,0.42619520516862325,499,0.3907815631262525,0.27655310621242485,0.3226452905811623,0.01002004008016032,agent_0016
29,466.0,0.03206412825651302,1.9823681997954037,0.4134093490135645,499,0.3246492985971944,0.2985971943887776,0.34468937875751504,0.03206412825651302,agent_0016
30,472.0,0.03006012024048096,1.8734489026246999,0.4010070685431576,499,0.4709418837675351,0.25250501002004005,0.24649298597194388,0.03006012024048096,agent_0016
31,469.0,0.03807615230460922,2.023738272513729,0.38897685648686287,499,0.48096192384769537,0.25250501002004005,0.22845691382765532,0.03807615230460922,agent_0016
32,469.0,0.03406813627254509,2.0616638627260864,0.377307550792257,499,0.3527054108216433,0.3026052104208417,0.3106212424849699,0.03406813627254509,agent_0016
33,475.0,0.026052104208416832,1.9926790253393227,0.36598832426848926,499,0.36072144288577157,0.3226452905811623,0.2905811623246493,0.026052104208416832,agent_0016
34,496.0,0.01603206412825651,1.8672862309728004,0.35500867454043455,499,0.4168336673346693,0.2665330661322645,0.30060120240480964,0.01603206412825651,agent_0016
35,457.0,0.04208416833667335,1.9410144361023582,0.3443584143042215,499,0.46292585170340683,0.22845691382765532,0.2665330661322645,0.04208416833667335,agent_0016
36,493.0,0.012024048096192385,1.7569770563421947,0.3340276618750948,499,0.43887775551102204,0.2745490981963928,0.2745490981963928,0.012024048096192385,agent_0016
37,469.0,0.028056112224448898,1.8464941346517336,0.32400683201884195,499,0.3807615230460922,0.2865731462925852,0.3046092184368738,0.028056112224448898,agent_0016
38,478.0,0.02404809619238477,1.8790640999217023,0.3142866270582767,499,0.4248496993987976,0.3026052104208417,0.24849699398797595,0.02404809619238477,agent_0016
39,478.0,0.026052104208416832,1.8945304784707677,0.3048580282465284,499,0.4308617234468938,0.2745490981963928,0.2685370741482966,0.026052104208416832,agent_0016
40,475.0,0.03006012024048096,1.988076843096121,0.2957122873991326,499,0.42685370741482964,0.28857715430861725,0.2545090180360721,0.03006012024048096,agent_0016
41,490.0,0.012024048096192385,1.7227032544293746,0.2868409187771586,499,0.4789579158316633,0.25250501002004005,0.2565130260521042,0.012024048096192385,agent_0016
42,469.0,0.028056112224448898,1.8964691119164052,0.27823569121384384,499,0.42685370741482964,0.2845691382765531,0.2605210420841683,0.028056112224448898,agent_0016
43,496.0,0.006012024048096192,1.6407195223360265,0.2698886204774285,499,0.48096192384769537,0.22845691382765532,0.2845691382765531,0.006012024048096192,agent_0016
44,475.0,0.026052104208416832,1.895429229533921,0.26179196186310566,499,0.37074148296593185,0.27655310621242485,0.32665330661322645,0.026052104208416832,agent_0016
45,499.0,0.0,1.4814964976541178,0.2539382030072125,499,0.43687374749499,0.24849699398797595,0.31462925851703405,0.0,agent_0016
46,460.0,0.028056112224448898,1.863368820696073,0.2463200569169961,499,0.3807615230460922,0.3046092184368738,0.2865731462925852,0.028056112224448898,agent_0016
47,496.0,0.008016032064128256,1.7528393195194452,0.23893045520948622,499,0.2905811623246493,0.3406813627254509,0.36072144288577157,0.008016032064128256,agent_0016
48,469.0,0.03006012024048096,2.001956870652394,0.23176254155320164,499,0.3166332665330661,0.3286573146292585,0.3246492985971944,0.03006012024048096,agent_0016
49,487.0,0.01002004008016032,1.6812881792278764,0.2248096653066056,499,0.40080160320641284,0.2925851703406814,0.2965931863727455,0.01002004008016032,agent_0016
50,481.0,0.022044088176352707,1.8544368678108034,0.21806537534740741,499,0.3807615230460922,0.3026052104208417,0.29458917835671344,0.022044088176352707,agent_0016
51,493.0,0.01002004008016032,1.6984457625727771,0.2115234140869852,499,0.44288577154308617,0.2845691382765531,0.2625250501002004,0.01002004008016032,agent_0016
52,463.0,0.036072144288577156,2.0079368943431524,0.20517771166437562,499,0.39478957915831664,0.2845691382765531,0.2845691382765531,0.036072144288577156,agent_0016
53,454.0,0.04208416833667335,2.1352164286958932,0.19902238031444436,499,0.30060120240480964,0.3587174348697395,0.2985971943887776,0.04208416833667335,agent_0016
54,487.0,0.018036072144288578,1.782055854413606,0.19305170890501103,499,0.5130260521042084,0.23246492985971945,0.23647294589178355,0.018036072144288578,agent_0016
55,472.0,0.03807615230460922,1.899808768279679,0.1872601576378607,499,0.4909819639278557,0.24448897795591182,0.22645290581162325,0.03807615230460922,agent_0016
56,457.0,0.04208416833667335,1.9759508852378085,0.18164235290872485,499,0.42685370741482964,0.2625250501002004,0.2685370741482966,0.04208416833667335,agent_0016
57,490.0,0.012024048096192385,1.7393318773313642,0.1761930823214631,499,0.4168336673346693,0.2745490981963928,0.2965931863727455,0.012024048096192385,agent_0016
58,487.0,0.026052104208416832,1.8467827472867961,0.17090728985181922,499,0.4849699398797595,0.24248496993987975,0.24649298597194388,0.026052104208416832,agent_0016
59,454.0,0.04809619238476954,2.0743029103503705,0.16578007115626464,499,0.40080160320641284,0.2605210420841683,0.2905811623246493,0.04809619238476954,agent_0016
60,472.0,0.028056112224448898,1.8666731190777701,0.1608066690215767,499,0.4028056112224449,0.25851703406813625,0.3106212424849699,0.028056112224448898,agent_0016
61,478.0,0.026052104208416832,1.881411177866518,0.1559824689509294,499,0.45691382765531063,0.27054108216432865,0.24649298597194388,0.026052104208416832,agent_0016
62,454.0,0.04208416833667335,2.0171382549392685,0.1513029948824015,499,0.5210420841683366,0.2124248496993988,0.22444889779559118,0.04208416833667335,agent_0016
63,442.0,0.056112224448897796,2.2301384939795543,0.14676390503592945,499,0.4348697394789579,0.2545090180360721,0.2545090180360721,0.056112224448897796,agent_0016
64,475.0,0.02404809619238477,1.846958320071811,0.14236098788485158,499,0.40480961923847697,0.3186372745490982,0.25250501002004005,0.02404809619238477,agent_0016
65,484.0,0.02004008016032064,1.8401289207876235,0.13809015824830603,499,0.46693386773547096,0.24849699398797595,0.26452905811623245,0.02004008016032064,agent_0016
66,481.0,0.02404809619238477,1.8842273276871178,0.13394745350085685,499,0.4028056112224449,0.2665330661322645,0.3066132264529058,0.02404809619238477,agent_0016
67,487.0,0.012024048096192385,1.7014745027371785,0.12992902989583113,499,0.4168336673346693,0.27655310621242485,0.29458917835671344,0.012024048096192385,agent_0016
68,496.0,0.006012024048096192,1.7523774793402525,0.1260311589989562,499,0.3687374749498998,0.312625250501002,0.312625250501002,0.006012024048096192,agent_0016
69,493.0,0.01002004008016032,1.6803597723258878,0.12225022422898751,499,0.40080160320641284,0.28256513026052105,0.3066132264529058,0.01002004008016032,agent_0016
70,484.0,0.018036072144288578,1.8927503916860098,0.11858271750211788,499,0.2545090180360721,0.36472945891783565,0.3627254509018036,0.018036072144288578,agent_0016
71,481.0,0.022044088176352707,1.85149788104171,0.11502523597705434,499,0.35070140280561124,0.3106212424849699,0.3166332665330661,0.022044088176352707,agent_0016
72,460.0,0.03807615230460922,1.9906534784555276,0.1115744788977427,499,0.3306613226452906,0.28857715430861725,0.342685370741483,0.03807615230460922,agent_0016
73,496.0,0.004008016032064128,1.6259329351717577,0.10822724453081042,499,0.32064128256513025,0.33266533066132264,0.342685370741483,0.004008016032064128,agent_0016
74,478.0,0.02404809619238477,1.802821407612788,0.10498042719488611,499,0.41282565130260523,0.26452905811623245,0.2985971943887776,0.02404809619238477,agent_0016
75,490.0,0.01002004008016032,1.6581775451918388,0.10183101437903952,499,0.46693386773547096,0.2625250501002004,0.2605210420841683,0.01002004008016032,agent_0016
76,490.0,0.014028056112224449,1.7362462029280628,0.09877608394766833,499,0.45691382765531063,0.23246492985971945,0.2965931863727455,0.014028056112224449,agent_0016
77,493.0,0.006012024048096192,1.6951490651141745,0.09581280142923829,499,0.3366733466933868,0.312625250501002,0.34468937875751504,0.006012024048096192,agent_0016
78,484.0,0.026052104208416832,1.994148136473452,0.09293841738636113,499,0.3026052104208417,0.35470941883767537,0.3166332665330661,0.026052104208416832,agent_0016
79,457.0,0.036072144288577156,2.0333157993147464,0.09015026486477029,499,0.3466933867735471,0.31462925851703405,0.3026052104208417,0.036072144288577156,agent_0016
80,499.0,0.004008016032064128,1.671192793314303,0.08744575691882718,499,0.46092184368737477,0.2745490981963928,0.2605210420841683,0.004008016032064128,agent_0016
81,478.0,0.026052104208416832,1.9095473085249561,0.08482238421126237,499,0.36472945891783565,0.30060120240480964,0.30861723446893785,0.026052104208416832,agent_0016
82,454.0,0.04208416833667335,1.979578205106436,0.0822777126849245,499,0.48296593186372744,0.22845691382765532,0.24649298597194388,0.04208416833667335,agent_0016
83,481.0,0.022044088176352707,1.8381488365350556,0.07980938130437676,499,0.49298597194388777,0.22444889779559118,0.2605210420841683,0.022044088176352707,agent_0016
84,490.0,0.01603206412825651,1.6797364681668152,0.07741509986524546,499,0.5110220440881763,0.24248496993987975,0.23046092184368738,0.01603206412825651,agent_0016
85,493.0,0.01002004008016032,1.6801921113628657,0.0750926468692881,499,0.44288577154308617,0.2845691382765531,0.2625250501002004,0.01002004008016032,agent_0016
86,466.0,0.028056112224448898,1.8467168199047552,0.07283986746320946,499,0.3847695390781563,0.2785571142284569,0.30861723446893785,0.028056112224448898,agent_0016
87,490.0,0.014028056112224449,1.6757386430190893,0.07065467143931317,499,0.48697394789579157,0.23046092184368738,0.2685370741482966,0.014028056112224449,agent_0016
88,487.0,0.01603206412825651,1.762169702115749,0.06853503129613378,499,0.5731462925851704,0.23847695390781562,0.17234468937875752,0.01603206412825651,agent_0016
89,481.0,0.018036072144288578,1.6882238033489612,0.06647898035724976,499,0.5991983967935872,0.21442885771543085,0.1683366733466934,0.018036072144288578,agent_0016
90,487.0,0.014028056112224449,1.6447697328145146,0.06448461094653227,499,0.5651302605210421,0.1903807615230461,0.23046092184368738,0.014028056112224449,agent_0016
91,484.0,0.01603206412825651,1.6725378407845104,0.06255007261813629,499,0.6593186372745491,0.1523046092184369,0.17234468937875752,0.01603206412825651,agent_0016
92,466.0,0.03406813627254509,1.9131712297251449,0.0606735704395922,499,0.40480961923847697,0.2545090180360721,0.3066132264529058,0.03406813627254509,agent_0016
93,445.0,0.052104208416833664,2.095310557912881,0.05885336332640443,499,0.44889779559118237,0.20240480961923848,0.2965931863727455,0.052104208416833664,agent_0016
94,481.0,0.022044088176352707,1.7918206857424996,0.057087762426612294,499,0.5190380761523046,0.24248496993987975,0.21643286573146292,0.022044088176352707,agent_0016
95,439.0,0.056112224448897796,2.094489211526991,0.05537512955381393,499,0.42084168336673344,0.23446893787575152,0.28857715430861725,0.056112224448897796,agent_0016
96,457.0,0.03807615230460922,1.941700609490429,0.053713875667199505,499,0.4789579158316633,0.24248496993987975,0.24048096192384769,0.03807615230460922,agent_0016
97,472.0,0.026052104208416832,1.8677398165409667,0.05210245939718352,499,0.4288577154308617,0.2665330661322645,0.2785571142284569,0.026052104208416832,agent_0016
98,472.0,0.03006012024048096,1.950865578124345,0.05053938561526801,499,0.49298597194388777,0.25250501002004005,0.22444889779559118,0.03006012024048096,agent_0016
99,490.0,0.01603206412825651,1.722082225433106,0.05,499,0.3727454909819639,0.3166332665330661,0.29458917835671344,0.01603206412825651,agent_0016
100,478.0,0.02404809619238477,1.9104295847020683,0.05,499,0.3627254509018036,0.3066132264529058,0.3066132264529058,0.02404809619238477,agent_0016
101,472.0,0.026052104208416832,1.7306187224911789,0.05,499,0.48897795591182364,0.24649298597194388,0.23847695390781562,0.026052104208416832,agent_0016
102,460.0,0.03807615230460922,1.8999739742193278,0.05,499,0.40080160320641284,0.2905811623246493,0.27054108216432865,0.03807615230460922,agent_0016
103,499.0,0.004008016032064128,1.6301082172975006,0.05,499,0.4228456913827655,0.2725450901803607,0.30060120240480964,0.004008016032064128,agent_0016
104,499.0,0.01603206412825651,1.8199443919087077,0.05,499,0.49899799599198397,0.23246492985971945,0.25250501002004005,0.01603206412825651,agent_0016
105,481.0,0.022044088176352707,1.79250186289571,0.05,499,0.6472945891783567,0.17234468937875752,0.15831663326653306,0.022044088176352707,agent_0016
106,472.0,0.028056112224448898,1.7836318728057021,0.05,499,0.6693386773547094,0.13827655310621242,0.16432865731462926,0.028056112224448898,agent_0016
107,475.0,0.026052104208416832,1.8852474384879532,0.05,499,0.4348697394789579,0.2725450901803607,0.2665330661322645,0.026052104208416832,agent_0016
108,499.0,0.002004008016032064,1.5410063350029777,0.05,499,0.4649298597194389,0.2605210420841683,0.2725450901803607,0.002004008016032064,agent_0016
109,499.0,0.004008016032064128,1.5824077349529195,0.05,499,0.4749498997995992,0.24448897795591182,0.27655310621242485,0.004008016032064128,agent_0016
110,466.0,0.03406813627254509,1.9873544415916613,0.05,499,0.4348697394789579,0.25250501002004005,0.2785571142284569,0.03406813627254509,agent_0016
111,475.0,0.026052104208416832,1.8610221546316295,0.05,499,0.503006012024048,0.2545090180360721,0.21643286573146292,0.026052104208416832,agent_0016
112,481.0,0.028056112224448898,1.8555004538813873,0.05,499,0.5511022044088176,0.2124248496993988,0.20841683366733466,0.028056112224448898,agent_0016
113,457.0,0.04408817635270541,2.0274629422442723,0.05,499,0.6733466933867736,0.14428857715430862,0.13827655310621242,0.04408817635270541,agent_0016
114,493.0,0.012024048096192385,1.7090264466072824,0.05,499,0.49298597194388777,0.23446893787575152,0.2605210420841683,0.012024048096192385,agent_0016
115,499.0,0.002004008016032064,1.52721862769055,0.05,499,0.4749498997995992,0.21643286573146292,0.3066132264529058,0.002004008016032064,agent_0016
116,460.0,0.04008016032064128,1.9905537464017768,0.05,499,0.40480961923847697,0.2665330661322645,0.28857715430861725,0.04008016032064128,agent_0016
117,472.0,0.02404809619238477,1.784854609849754,0.05,499,0.38877755511022044,0.31462925851703405,0.2725450901803607,0.02404809619238477,agent_0016
118,469.0,0.03206412825651302,1.9346926407350649,0.05,499,0.40480961923847697,0.2745490981963928,0.28857715430861725,0.03206412825651302,agent_0016
119,451.0,0.04208416833667335,1.8943039979494614,0.05,499,0.47695390781563124,0.24048096192384769,0.24048096192384769,0.04208416833667335,agent_0016
0,466.0,0.03206412825651302,1.810321818112244,1.0,499,0.4468937875751503,0.24448897795591182,0.27655310621242485,0.03206412825651302,agent_0017
1,454.0,0.04008016032064128,1.9611863475556355,0.97,499,0.40681362725450904,0.2785571142284569,0.2745490981963928,0.04008016032064128,agent_0017
2,487.0,0.018036072144288578,1.7744405939297152,0.9409,499,0.48296593186372744,0.2845691382765531,0.21442885771543085,0.018036072144288578,agent_0017
3,454.0,0.04008016032064128,1.958679354544378,0.912673,499,0.49498997995991983,0.23046092184368738,0.23446893787575152,0.04008016032064128,agent_0017
4,472.0,0.03406813627254509,1.9709005866997327,0.8852928099999999,499,0.44288577154308617,0.2725450901803607,0.250501002004008,0.03406813627254509,agent_0017
5,481.0,0.028056112224448898,1.8259625894272498,0.8587340256999999,499,0.4308617234468938,0.2725450901803607,0.2685370741482966,0.028056112224448898,agent_0017
6,442.0,0.06012024048096192,2.183015704676099,0.8329720049289999,499,0.4909819639278557,0.24048096192384769,0.20841683366733466,0.06012024048096192,agent_0017
7,481.0,0.018036072144288578,1.6660870228877152,0.8079828447811299,499,0.46893787575150303,0.22645290581162325,0.2865731462925852,0.018036072144288578,agent_0017
8,478.0,0.022044088176352707,1.7988725471027405,0.783743359437696,499,0.4729458917835671,0.24448897795591182,0.2605210420841683,0.022044088176352707,agent_0017
9,481.0,0.026052104208416832,1.8563680617399287,0.7602310586545651,499,0.47695390781563124,0.250501002004008,0.24649298597194388,0.026052104208416832,agent_0017
10,469.0,0.028056112224448898,1.8758623430951897,0.7374241268949281,499,0.40480961923847697,0.2685370741482966,0.2985971943887776,0.028056112224448898,agent_0017
11,466.0,0.036072144288577156,1.9053335336267994,0.7153014030880802,499,0.48697394789579157,0.24649298597194388,0.23046092184368738,0.036072144288577156,agent_0017
12,490.0,0.008016032064128256,1.6254168099342823,0.6938423609954378,499,0.5070140280561122,0.22645290581162325,0.25851703406813625,0.008016032064128256,agent_0017
13,478.0,0.026052104208416832,1.8291735816988015,0.6730270901655747,499,0.49298597194388777,0.23847695390781562,0.24248496993987975,0.026052104208416832,agent_0017
14,475.0,0.028056112224448898,1.8476324760156175,0.6528362774606075,499,0.4589178356713427,0.2605210420841683,0.25250501002004005,0.028056112224448898,agent_0017
15,475.0,0.02004008016032064,1.7352555335103899,0.6332511891367892,499,0.5150300601202404,0.23246492985971945,0.23246492985971945,0.02004008016032064,agent_0017
16,460.0,0.04208416833667335,2.0489993670812225,0.6142536534626856,499,0.4188376753507014,0.25851703406813625,0.280561122244489,0.04208416833667335,agent_0017
17,481.0,0.022044088176352707,1.8912982050780522,0.595826043858805,499,0.41082164328657317,0.27655310621242485,0.2905811623246493,0.022044088176352707,agent_0017
18,496.0,0.006012024048096192,1.6375325371279923,0.5779512625430409,499,0.531062124248497,0.22444889779559118,0.23847695390781562,0.006012024048096192,agent_0017
19,484.0,0.014028056112224449,1.6141261824941022,0.5606127246667496,499,0.5250501002004008,0.22645290581162325,0.23446893787575152,0.014028056112224449,agent_0017
20,478.0,0.022044088176352707,1.8024933469134288,0.5437943429267471,499,0.5170340681362725,0.21643286573146292,0.24448897795591182,0.022044088176352707,agent_0017
21,493.0,0.01603206412825651,1.8039252742196679,0.5274805126389447,499,0.42685370741482964,0.3026052104208417,0.2545090180360721,0.01603206412825651,agent_0017
22,478.0,0.022044088176352707,1.8114448825216587,0.5116560972597763,499,0.4589178356713427,0.24248496993987975,0.27655310621242485,0.022044088176352707,agent_0017
23,493.0,0.01002004008016032,1.659751350998758,0.496306414341983,499,0.4408817635270541,0.25851703406813625,0.2905811623246493,0.01002004008016032,agent_0017
24,490.0,0.01002004008016032,1.6154781168483219,0.48141722191172354,499,0.4228456913827655,0.2625250501002004,0.3046092184368738,0.01002004008016032,agent_0017
25,469.0,0.026052104208416832,1.8436158162568732,0.4669747052543718,499,0.48296593186372744,0.26452905811623245,0.22645290581162325,0.026052104208416832,agent_0017
26,469.0,0.02404809619238477,1.8492308008567087,0.4529654640967406,499,0.35671342685370744,0.3046092184368738,0.31462925851703405,0.02404809619238477,agent_0017
27,493.0,0.01603206412825651,1.7502491676254393,0.4393765001738384,499,0.41282565130260523,0.2785571142284569,0.2925851703406814,0.01603206412825651,agent_0017
28,466.0,0.03206412825651302,1.857997173783424,0.42619520516862325,499,0.4288577154308617,0.23847695390781562,0.30060120240480964,0.03206412825651302,agent_0017
29,478.0,0.026052104208416832,1.887908913495035,0.4134093490135645,499,0.45090180360721444,0.27054108216432865,0.25250501002004005,0.026052104208416832,agent_0017
30,463.0,0.04008016032064128,2.065870407814822,0.4010070685431576,499,0.38877755511022044,0.2925851703406814,0.2785571142284569,0.04008016032064128,agent_0017
31,478.0,0.028056112224448898,1.9672025222514609,0.38897685648686287,499,0.43887775551102204,0.2685370741482966,0.26452905811623245,0.028056112224448898,agent_0017
32,475.0,0.026052104208416832,1.9620564348971519,0.377307550792257,499,0.36072144288577157,0.312625250501002,0.30060120240480964,0.026052104208416832,agent_0017
33,496.0,0.01603206412825651,1.8215814888627366,0.36598832426848926,499,0.43286573146292584,0.24649298597194388,0.3046092184368738,0.01603206412825651,agent_0017
34,469.0,0.03406813627254509,1.882135291053345,0.35500867454043455,499,0.5430861723446894,0.22044088176352705,0.20240480961923848,0.03406813627254509,agent_0017
35,493.0,0.012024048096192385,1.7026777414930134,0.3443584143042215,499,0.561122244488978,0.20641282565130262,0.22044088176352705,0.012024048096192385,agent_0017
36,475.0,0.022044088176352707,1.7259376221852663,0.3340276618750948,499,0.5971943887775552,0.1523046092184369,0.22845691382765532,0.022044088176352707,agent_0017
37,478.0,0.02404809619238477,1.7957886537030618,0.32400683201884195,499,0.5871743486973948,0.19839679358717435,0.1903807615230461,0.02404809619238477,agent_0017
38,478.0,0.026052104208416832,1.7761325587886474,0.3142866270582767,499,0.627254509018036,0.17234468937875752,0.1743486973947896,0.026052104208416832,agent_0017
39,481.0,0.03006012024048096,2.045226421941496,0.3048580282465284,499,0.43887775551102204,0.27054108216432865,0.2605210420841683,0.03006012024048096,agent_0017
40,487.0,0.01603206412825651,1.7940017046184602,0.2957122873991326,499,0.42685370741482964,0.24649298597194388,0.3106212424849699,0.01603206412825651,agent_0017
41,466.0,0.03206412825651302,1.8851125088495293,0.2868409187771586,499,0.503006012024048,0.22044088176352705,0.24448897795591182,0.03206412825651302,agent_0017
42,496.0,0.006012024048096192,1.5925378692295353,0.27823569121384384,499,0.5210420841683366,0.20240480961923848,0.27054108216432865,0.006012024048096192,agent_0017
43,475.0,0.026052104208416832,1.8245300320182,0.2698886204774285,499,0.43887775551102204,0.2565130260521042,0.2785571142284569,0.026052104208416832,agent_0017
44,493.0,0.006012024048096192,1.4921891140667338,0.26179196186310566,499,0.5891783567134269,0.18236472945891782,0.22244488977955912,0.006012024048096192,agent_0017
45,463.0,0.026052104208416832,1.7478385793382498,0.2539382030072125,499,0.5991983967935872,0.17034068136272545,0.20440881763527055,0.026052104208416832,agent_0017
46,496.0,0.008016032064128256,1.564291328855908,0.2463200569169961,499,0.56312625250501,0.20040080160320642,0.22845691382765532,0.008016032064128256,agent_0017
47,469.0,0.03006012024048096,1.9383137621446846,0.23893045520948622,499,0.41082164328657317,0.2905811623246493,0.2685370741482966,0.03006012024048096,agent_0017
48,493.0,0.006012024048096192,1.5829088957686885,0.23176254155320164,499,0.5170340681362725,0.23847695390781562,0.23847695390781562,0.006012024048096192,agent_0017
49,484.0,0.01603206412825651,1.7561777120347004,0.2248096653066056,499,0.48897795591182364,0.250501002004008,0.24448897795591182,0.01603206412825651,agent_0017
50,493.0,0.01002004008016032,1.6631142380944839,0.21806537534740741,499,0.46292585170340683,0.2565130260521042,0.27054108216432865,0.01002004008016032,agent_0017
51,466.0,0.03406813627254509,1.9389061652602735,0.2115234140869852,499,0.4348697394789579,0.2625250501002004,0.2685370741482966,0.03406813627254509,agent_0017
52,466.0,0.03406813627254509,1.9140906842320775,0.20517771166437562,499,0.4749498997995992,0.27054108216432865,0.22044088176352705,0.03406813627254509,agent_0017
53,487.0,0.018036072144288578,1.8010612991334964,0.19902238031444436,499,0.44889779559118237,0.27054108216432865,0.2625250501002004,0.018036072144288578,agent_0017
54,475.0,0.03807615230460922,2.007337392006238,0.19305170890501103,499,0.39478957915831664,0.2905811623246493,0.27655310621242485,0.03807615230460922,agent_0017
55,463.0,0.03807615230460922,1.9057265139752089,0.1872601576378607,499,0.6312625250501002,0.1683366733466934,0.1623246492985972,0.03807615230460922,agent_0017
56,490.0,0.012024048096192385,1.742634740561917,0.18164235290872485,499,0.5050100200400801,0.24649298597194388,0.23647294589178355,0.012024048096192385,agent_0017
57,478.0,0.03406813627254509,1.8700622758484926,0.1761930823214631,499,0.5851703406813628,0.17835671342685372,0.20240480961923848,0.03406813627254509,agent_0017
58,472.0,0.036072144288577156,2.001607328396006,0.17090728985181922,499,0.3026052104208417,0.312625250501002,0.3486973947895792,0.036072144288577156,agent_0017
59,478.0,0.022044088176352707,1.8277637772838684,0.16578007115626464,499,0.31462925851703405,0.3046092184368738,0.3587174348697395,0.022044088176352707,agent_0017
60,481.0,0.02404809619238477,1.835600188213728,0.1608066690215767,499,0.3667334669338677,0.3026052104208417,0.3066132264529058,0.02404809619238477,agent_0017
61,469.0,0.03206412825651302,1.9188170676574074,0.1559824689509294,499,0.5390781563126252,0.22044088176352705,0.20841683366733466,0.03206412825651302,agent_0017
62,460.0,0.04208416833667335,2.123134858760689,0.1513029948824015,499,0.3787575150300601,0.2865731462925852,0.2925851703406814,0.04208416833667335,agent_0017
63,478.0,0.02004008016032064,1.765952013099274,0.14676390503592945,499,0.5150300601202404,0.24849699398797595,0.21643286573146292,0.02004008016032064,agent_0017
64,487.0,0.02004008016032064,1.8381051280621856,0.14236098788485158,499,0.45490981963927857,0.2625250501002004,0.2625250501002004,0.02004008016032064,agent_0017
65,487.0,0.02004008016032064,1.8287526044183269,0.13809015824830603,499,0.42084168336673344,0.24849699398797595,0.3106212424849699,0.02004008016032064,agent_0017
66,472.0,0.028056112224448898,1.7622386038487114,0.13394745350085685,499,0.6352705410821643,0.1623246492985972,0.1743486973947896,0.028056112224448898,agent_0017
67,496.0,0.006012024048096192,1.5918694926589039,0.12992902989583113,499,0.7154308617234469,0.13627254509018036,0.14228456913827656,0.006012024048096192,agent_0017
68,478.0,0.02404809619238477,1.7375906901024072,0.1260311589989562,499,0.4849699398797595,0.23246492985971945,0.25851703406813625,0.02404809619238477,agent_0017
69,484.0,0.018036072144288578,1.7466923552673053,0.12225022422898751,499,0.5490981963927856,0.218436873747495,0.21442885771543085,0.018036072144288578,agent_0017
70,481.0,0.022044088176352707,1.7285330597506865,0.11858271750211788,499,0.46893787575150303,0.2545090180360721,0.2545090180360721,0.022044088176352707,agent_0017
71,475.0,0.03006012024048096,1.864998799570832,0.11502523597705434,499,0.49498997995991983,0.24048096192384769,0.23446893787575152,0.03006012024048096,agent_0017
72,496.0,0.004008016032064128,1.5512228369226722,0.1115744788977427,499,0.6352705410821643,0.1903807615230461,0.17034068136272545,0.004008016032064128,agent_0017
73,475.0,0.028056112224448898,1.7413095803100278,0.10822724453081042,499,0.6893787575150301,0.12024048096192384,0.1623246492985972,0.028056112224448898,agent_0017
74,487.0,0.012024048096192385,1.6536041636176886,0.10498042719488611,499,0.7895791583166333,0.09819639278557114,0.10020040080160321,0.012024048096192385,agent_0017
75,490.0,0.01603206412825651,1.7552500582837476,0.10183101437903952,499,0.6092184368737475,0.20040080160320642,0.1743486973947896,0.01603206412825651,agent_0017
76,475.0,0.02004008016032064,1.8420411006106097,0.09877608394766833,499,0.3166332665330661,0.33867735470941884,0.3246492985971944,0.02004008016032064,agent_0017
77,490.0,0.022044088176352707,1.974076844610512,0.09581280142923829,499,0.28256513026052105,0.3727454909819639,0.3226452905811623,0.022044088176352707,agent_0017
78,472.0,0.028056112224448898,1.8990433506532918,0.09293841738636113,499,0.44889779559118237,0.24448897795591182,0.2785571142284569,0.028056112224448898,agent_0017
79,499.0,0.004008016032064128,1.5994164367353996,0.09015026486477029,499,0.5671342685370742,0.2124248496993988,0.21643286573146292,0.004008016032064128,agent_0017
80,481.0,0.02404809619238477,1.8885329459783065,0.08744575691882718,499,0.4188376753507014,0.28256513026052105,0.2745490981963928,0.02404809619238477,agent_0017
81,457.0,0.03807615230460922,1.9668829478810361,0.08482238421126237,499,0.280561122244489,0.2925851703406814,0.38877755511022044,0.03807615230460922,agent_0017
82,487.0,0.018036072144288578,1.9366183373000108,0.0822777126849245,499,0.3406813627254509,0.2905811623246493,0.35070140280561124,0.018036072144288578,agent_0017
83,490.0,0.01603206412825651,1.771499389318415,0.07980938130437676,499,0.35070140280561124,0.30861723446893785,0.3246492985971944,0.01603206412825651,agent_0017
84,493.0,0.01002004008016032,1.6748127754935827,0.07741509986524546,499,0.49899799599198397,0.2565130260521042,0.23446893787575152,0.01002004008016032,agent_0017
85,466.0,0.028056112224448898,1.8375853757865948,0.0750926468692881,499,0.4148296593186373,0.2725450901803607,0.2845691382765531,0.028056112224448898,agent_0017
86,490.0,0.014028056112224449,1.714409673693363,0.07283986746320946,499,0.4308617234468938,0.2605210420841683,0.29458917835671344,0.014028056112224449,agent_0017
87,487.0,0.01603206412825651,1.797203507473185,0.07065467143931317,499,0.5210420841683366,0.2745490981963928,0.18837675350701402,0.01603206412825651,agent_0017
88,487.0,0.014028056112224449,1.6414671587009118,0.06853503129613378,499,0.48096192384769537,0.2665330661322645,0.23847695390781562,0.014028056112224449,agent_0017
89,487.0,0.01603206412825651,1.7186698029275072,0.06647898035724976,499,0.5450901803607214,0.22044088176352705,0.218436873747495,0.01603206412825651,agent_0017
90,484.0,0.014028056112224449,1.6398597156882277,0.06448461094653227,499,0.4789579158316633,0.22845691382765532,0.2785571142284569,0.014028056112224449,agent_0017
91,478.0,0.02404809619238477,1.7488106403682144,0.06255007261813629,499,0.6172344689378757,0.17034068136272545,0.18837675350701402,0.02404809619238477,agent_0017
92,457.0,0.04408817635270541,1.9678071285947343,0.0606735704395922,499,0.5270541082164328,0.20240480961923848,0.22645290581162325,0.04408817635270541,agent_0017
93,481.0,0.022044088176352707,1.851400210986625,0.05885336332640443,499,0.4088176352705411,0.2965931863727455,0.2725450901803607,0.022044088176352707,agent_0017
94,469.0,0.036072144288577156,1.8401144756523822,0.057087762426612294,499,0.5230460921843687,0.19839679358717435,0.24248496993987975,0.036072144288577156,agent_0017
95,481.0,0.02404809619238477,1.814002723259415,0.05537512955381393,499,0.4749498997995992,0.24448897795591182,0.2565130260521042,0.02404809619238477,agent_0017
96,481.0,0.022044088176352707,1.855849015060212,0.053713875667199505,499,0.4248496993987976,0.25851703406813625,0.29458917835671344,0.022044088176352707,agent_0017
97,475.0,0.028056112224448898,1.9012422012507413,0.05210245939718352,499,0.5490981963927856,0.24248496993987975,0.18036072144288579,0.028056112224448898,agent_0017
98,496.0,0.01002004008016032,1.5765594697840117,0.05053938561526801,499,0.6533066132264529,0.17234468937875752,0.16432865731462926,0.01002004008016032,agent_0017
99,478.0,0.022044088176352707,1.7521989326784717,0.05,499,0.6012024048096193,0.17234468937875752,0.20440881763527055,0.022044088176352707,agent_0017
100,478.0,0.022044088176352707,1.7019957218035766,0.05,499,0.6492985971943888,0.17234468937875752,0.156312625250501,0.022044088176352707,agent_0017
101,460.0,0.036072144288577156,1.8734550953899274,0.05,499,0.49498997995991983,0.2725450901803607,0.1963927855711423,0.036072144288577156,agent_0017
102,499.0,0.004008016032064128,1.663372959772379,0.05,499,0.374749498997996,0.2985971943887776,0.3226452905811623,0.004008016032064128,agent_0017
103,499.0,0.014028056112224449,1.892831793719551,0.05,499,0.3166332665330661,0.3466933867735471,0.3226452905811623,0.014028056112224449,agent_0017
104,484.0,0.02004008016032064,1.7894077629045433,0.05,499,0.42084168336673344,0.2745490981963928,0.2845691382765531,0.02004008016032064,agent_0017
105,475.0,0.03006012024048096,2.034690719294071,0.05,499,0.3286573146292585,0.36472945891783565,0.27655310621242485,0.03006012024048096,agent_0017
106,475.0,0.026052104208416832,2.02010296461327,0.05,499,0.24248496993987975,0.35671342685370744,0.374749498997996,0.026052104208416832,agent_0017
107,499.0,0.002004008016032064,1.6445754702234956,0.05,499,0.3046092184368738,0.3346693386773547,0.3587174348697395,0.002004008016032064,agent_0017
108,499.0,0.004008016032064128,1.593759131083667,0.05,499,0.3807615230460922,0.27655310621242485,0.33867735470941884,0.004008016032064128,agent_0017
109,472.0,0.03406813627254509,2.0200302334338724,0.05,499,0.3406813627254509,0.28857715430861725,0.3366733466933868,0.03406813627254509,agent_0017
110,484.0,0.022044088176352707,1.8070695771882912,0.05,499,0.5190380761523046,0.22845691382765532,0.23046092184368738,0.022044088176352707,agent_0017
111,481.0,0.028056112224448898,1.9254175083778444,0.05,499,0.3346693386773547,0.2865731462925852,0.35070140280561124,0.028056112224448898,agent_0017
112,463.0,0.03807615230460922,2.0793327794999397,0.05,499,0.3867735470941884,0.3046092184368738,0.27054108216432865,0.03807615230460922,agent_0017
113,475.0,0.028056112224448898,1.9075743984221065,0.05,499,0.312625250501002,0.2905811623246493,0.3687374749498998,0.028056112224448898,agent_0017
114,499.0,0.002004008016032064,1.5931056610578844,0.05,499,0.36472945891783565,0.2905811623246493,0.342685370741483,0.002004008016032064,agent_0017
115,478.0,0.022044088176352707,1.8020542510235615,0.05,499,0.3667334669338677,0.26452905811623245,0.3466933867735471,0.022044088176352707,agent_0017
116,475.0,0.022044088176352707,1.8159253219830225,0.05,499,0.3667334669338677,0.31462925851703405,0.2965931863727455,0.022044088176352707,agent_0017
117,472.0,0.03006012024048096,1.944179097741804,0.05,499,0.3306613226452906,0.30060120240480964,0.33867735470941884,0.03006012024048096,agent_0017
118,466.0,0.03206412825651302,1.911551582022307,0.05,499,0.3867735470941884,0.2985971943887776,0.28256513026052105,0.03206412825651302,agent_0017
119,484.0,0.018036072144288578,1.8383854759586264,0.05,499,0.3486973947895792,0.3106212424849699,0.3226452905811623,0.018036072144288578,agent_0017
0,454.0,0.04008016032064128,1.9274359277268365,1.0,499,0.44488977955911824,0.27655310621242485,0.23847695390781562,0.04008016032064128,agent_0018
1,487.0,0.018036072144288578,1.7689441998399438,0.97,499,0.44889779559118237,0.2905811623246493,0.24248496993987975,0.018036072144288578,agent_0018
2,454.0,0.04008016032064128,1.978742094196545,0.9409,499,0.42084168336673344,0.2745490981963928,0.26452905811623245,0.04008016032064128,agent_0018
3,472.0,0.03206412825651302,1.8980294791121828,0.912673,499,0.4969939879759519,0.23246492985971945,0.23847695390781562,0.03206412825651302,agent_0018
4,481.0,0.028056112224448898,1.8091907275647234,0.8852928099999999,499,0.4909819639278557,0.2545090180360721,0.22645290581162325,0.028056112224448898,agent_0018
5,445.0,0.06012024048096192,2.223638075945416,0.8587340256999999,499,0.45691382765531063,0.2605210420841683,0.22244488977955912,0.06012024048096192,agent_0018
6,484.0,0.01603206412825651,1.6468789372742556,0.8329720049289999,499,0.44889779559118237,0.24048096192384769,0.29458917835671344,0.01603206412825651,agent_0018
7,478.0,0.022044088176352707,1.7368332055848383,0.8079828447811299,499,0.5270541082164328,0.22044088176352705,0.23046092184368738,0.022044088176352707,agent_0018
8,481.0,0.02404809619238477,1.834745277618306,0.783743359437696,499,0.4909819639278557,0.24649298597194388,0.23847695390781562,0.02404809619238477,agent_0018
9,469.0,0.028056112224448898,1.8373400337940309,0.7602310586545651,499,0.45490981963927857,0.24448897795591182,0.2725450901803607,0.028056112224448898,agent_0018
10,466.0,0.036072144288577156,1.901299995469083,0.7374241268949281,499,0.5290581162324649,0.218436873747495,0.21643286573146292,0.036072144288577156,agent_0018
11,490.0,0.008016032064128256,1.660468233891347,0.7153014030880802,499,0.45691382765531063,0.2565130260521042,0.2785571142284569,0.008016032064128256,agent_0018
12,478.0,0.026052104208416832,1.7694348559183917,0.6938423609954378,499,0.5350701402805611,0.23046092184368738,0.20841683366733466,0.026052104208416832,agent_0018
13,481.0,0.02004008016032064,1.7528046767425793,0.6730270901655747,499,0.4589178356713427,0.25250501002004005,0.2685370741482966,0.02004008016032064,agent_0018
14,475.0,0.018036072144288578,1.7174730049238,0.6528362774606075,499,0.5190380761523046,0.23246492985971945,0.23046092184368738,0.018036072144288578,agent_0018
15,475.0,0.03006012024048096,1.9684630602640252,0.6332511891367892,499,0.46893787575150303,0.2545090180360721,0.24649298597194388,0.03006012024048096,agent_0018
16,472.0,0.028056112224448898,1.957967335043806,0.6142536534626856,499,0.44288577154308617,0.250501002004008,0.2785571142284569,0.028056112224448898,agent_0018
17,496.0,0.006012024048096192,1.602789507826785,0.595826043858805,499,0.503006012024048,0.23246492985971945,0.25851703406813625,0.006012024048096192,agent_0018
18,484.0,0.014028056112224449,1.6283291801058004,0.5779512625430409,499,0.48897795591182364,0.2545090180360721,0.24248496993987975,0.014028056112224449,agent_0018
19,478.0,0.022044088176352707,1.8095551703258441,0.5606127246667496,499,0.5270541082164328,0.22044088176352705,0.23046092184368738,0.022044088176352707,agent_0018
20,493.0,0.01603206412825651,1.7599255826968065,0.5437943429267471,499,0.4408817635270541,0.28256513026052105,0.2605210420841683,0.01603206412825651,agent_0018
21,475.0,0.026052104208416832,1.8941401358905516,0.5274805126389447,499,0.4589178356713427,0.2605210420841683,0.2545090180360721,0.026052104208416832,agent_0018
22,493.0,0.01002004008016032,1.5812268394393112,0.5116560972597763,499,0.5250501002004008,0.1903807615230461,0.2745490981963928,0.01002004008016032,agent_0018
23,493.0,0.012024048096192385,1.6290071376758168,0.496306414341983,499,0.46693386773547096,0.24849699398797595,0.2725450901803607,0.012024048096192385,agent_0018
24,463.0,0.03006012024048096,1.8827666033658232,0.48141722191172354,499,0.48096192384769537,0.2785571142284569,0.21042084168336672,0.03006012024048096,agent_0018
25,463.0,0.03006012024048096,1.8561348801546107,0.4669747052543718,499,0.48296593186372744,0.23847695390781562,0.24849699398797595,0.03006012024048096,agent_0018
26,499.0,0.01002004008016032,1.6456439444299984,0.4529654640967406,499,0.43887775551102204,0.23647294589178355,0.31462925851703405,0.01002004008016032,agent_0018
27,466.0,0.03206412825651302,1.8936108782750944,0.4393765001738384,499,0.42084168336673344,0.25851703406813625,0.28857715430861725,0.03206412825651302,agent_0018
28,478.0,0.026052104208416832,1.8428007091917114,0.42619520516862325,499,0.46292585170340683,0.2665330661322645,0.24448897795591182,0.026052104208416832,agent_0018
29,454.0,0.04609218436873747,2.0964255481537317,0.4134093490135645,499,0.38877755511022044,0.28256513026052105,0.28256513026052105,0.04609218436873747,agent_0018
30,478.0,0.028056112224448898,1.9703870913196972,0.4010070685431576,499,0.4529058116232465,0.2685370741482966,0.250501002004008,0.028056112224448898,agent_0018
31,472.0,0.028056112224448898,1.9076842950848532,0.38897685648686287,499,0.501002004008016,0.24248496993987975,0.22845691382765532,0.028056112224448898,agent_0018
32,496.0,0.01603206412825651,1.8831350910648044,0.377307550792257,499,0.42685370741482964,0.2785571142284569,0.2785571142284569,0.01603206412825651,agent_0018
33,469.0,0.03406813627254509,1.8822761151628369,0.36598832426848926,499,0.45691382765531063,0.23647294589178355,0.2725450901803607,0.03406813627254509,agent_0018
34,490.0,0.018036072144288578,1.8204586388531303,0.35500867454043455,499,0.41282565130260523,0.2665330661322645,0.3026052104208417,0.018036072144288578,agent_0018
35,475.0,0.022044088176352707,1.7326441650433173,0.3443584143042215,499,0.503006012024048,0.22444889779559118,0.250501002004008,0.022044088176352707,agent_0018
36,475.0,0.026052104208416832,1.8448165792437867,0.3340276618750948,499,0.48296593186372744,0.2745490981963928,0.21643286573146292,0.026052104208416832,agent_0018
37,478.0,0.026052104208416832,1.815927293606216,0.32400683201884195,499,0.5571142284569138,0.21042084168336672,0.20641282565130262,0.026052104208416832,agent_0018
38,481.0,0.03006012024048096,1.9841800180371312,0.3142866270582767,499,0.531062124248497,0.21643286573146292,0.22244488977955912,0.03006012024048096,agent_0018
39,490.0,0.012024048096192385,1.7981554153807888,0.3048580282465284,499,0.3927855711422846,0.27054108216432865,0.3246492985971944,0.012024048096192385,agent_0018
40,469.0,0.028056112224448898,1.8336495543299156,0.2957122873991326,499,0.5130260521042084,0.22244488977955912,0.23647294589178355,0.028056112224448898,agent_0018
41,496.0,0.006012024048096192,1.5738145357481705,0.2868409187771586,499,0.6392785571142284,0.15430861723446893,0.20040080160320642,0.006012024048096192,agent_0018
42,475.0,0.026052104208416832,1.8406922839339404,0.27823569121384384,499,0.4288577154308617,0.250501002004008,0.29458917835671344,0.026052104208416832,agent_0018
43,493.0,0.008016032064128256,1.5691739957924957,0.2698886204774285,499,0.4729458917835671,0.24849699398797595,0.27054108216432865,0.008016032064128256,agent_0018
44,475.0,0.02004008016032064,1.7491350770771346,0.26179196186310566,499,0.5170340681362725,0.21442885771543085,0.24849699398797595,0.02004008016032064,agent_0018
45,496.0,0.008016032064128256,1.6686242109106504,0.2539382030072125,499,0.33266533066132264,0.3066132264529058,0.3527054108216433,0.008016032064128256,agent_0018
46,460.0,0.036072144288577156,1.9989793835685215,0.2463200569169961,499,0.3847695390781563,0.2965931863727455,0.28256513026052105,0.036072144288577156,agent_0018
47,493.0,0.006012024048096192,1.729396617563429,0.23893045520948622,499,0.3486973947895792,0.3306613226452906,0.31462925851703405,0.006012024048096192,agent_0018
48,487.0,0.014028056112224449,1.7081377950767802,0.23176254155320164,499,0.4729458917835671,0.25250501002004005,0.2605210420841683,0.014028056112224449,agent_0018
49,493.0,0.01002004008016032,1.6483077196520117,0.2248096653066056,499,0.6092184368737475,0.18837675350701402,0.19238476953907815,0.01002004008016032,agent_0018
50,466.0,0.03406813627254509,1.9110709827513181,0.21806537534740741,499,0.44488977955911824,0.23246492985971945,0.28857715430861725,0.03406813627254509,agent_0018
51,466.0,0.03406813627254509,1.9371196639040358,0.2115234140869852,499,0.41082164328657317,0.2845691382765531,0.27054108216432865,0.03406813627254509,agent_0018
52,487.0,0.018036072144288578,1.8132464899698268,0.20517771166437562,499,0.40681362725450904,0.28857715430861725,0.2865731462925852,0.018036072144288578,agent_0018
53,475.0,0.03807615230460922,1.9343833334375184,0.19902238031444436,499,0.4969939879759519,0.23647294589178355,0.22845691382765532,0.03807615230460922,agent_0018
54,466.0,0.036072144288577156,1.8860790322408145,0.19305170890501103,499,0.48697394789579157,0.24048096192384769,0.23647294589178355,0.036072144288577156,agent_0018
55,490.0,0.012024048096192385,1.7615258464203885,0.1872601576378607,499,0.44488977955911824,0.26452905811623245,0.2785571142284569,0.012024048096192385,agent_0018
56,490.0,0.02404809619238477,1.8271304725833466,0.18164235290872485,499,0.44889779559118237,0.2545090180360721,0.2725450901803607,0.02404809619238477,agent_0018
57,469.0,0.036072144288577156,1.9772639865323978,0.1761930823214631,499,0.40681362725450904,0.2625250501002004,0.29458917835671344,0.036072144288577156,agent_0018
58,478.0,0.022044088176352707,1.7322353432216901,0.17090728985181922,499,0.5430861723446894,0.20040080160320642,0.23446893787575152,0.022044088176352707,agent_0018
59,481.0,0.02404809619238477,1.801508509669663,0.16578007115626464,499,0.5771543086172345,0.20440881763527055,0.19438877755511022,0.02404809619238477,agent_0018
60,469.0,0.03206412825651302,1.9498800539341448,0.1608066690215767,499,0.43286573146292584,0.26452905811623245,0.27054108216432865,0.03206412825651302,agent_0018
61,460.0,0.04208416833667335,2.1667185890778002,0.1559824689509294,499,0.3627254509018036,0.3026052104208417,0.2925851703406814,0.04208416833667335,agent_0018
62,478.0,0.02004008016032064,1.783605240279151,0.1513029948824015,499,0.5350701402805611,0.250501002004008,0.19438877755511022,0.02004008016032064,agent_0018
63,487.0,0.018036072144288578,1.8235918039986971,0.14676390503592945,499,0.4649298597194389,0.26452905811623245,0.25250501002004005,0.018036072144288578,agent_0018
64,487.0,0.02004008016032064,1.8508874323992779,0.14236098788485158,499,0.40480961923847697,0.26452905811623245,0.3106212424849699,0.02004008016032064,agent_0018
65,478.0,0.02004008016032064,1.755176458899888,0.13809015824830603,499,0.42084168336673344,0.29458917835671344,0.26452905811623245,0.02004008016032064,agent_0018
66,496.0,0.006012024048096192,1.6658426619942024,0.13394745350085685,499,0.5450901803607214,0.24849699398797595,0.20040080160320642,0.006012024048096192,agent_0018
67,466.0,0.03406813627254509,1.8247441337243158,0.12992902989583113,499,0.717434869739479,0.13627254509018036,0.11222444889779559,0.03406813627254509,agent_0018
68,475.0,0.026052104208416832,1.7915003602418131,0.1260311589989562,499,0.625250501002004,0.1683366733466934,0.18036072144288579,0.026052104208416832,agent_0018
69,481.0,0.022044088176352707,1.7371554322058385,0.12225022422898751,499,0.5751503006012024,0.21643286573146292,0.18637274549098196,0.022044088176352707,agent_0018
70,475.0,0.03006012024048096,1.8597182215442267,0.11858271750211788,499,0.49498997995991983,0.23847695390781562,0.23647294589178355,0.03006012024048096,agent_0018
71,496.0,0.004008016032064128,1.6313399399450075,0.11502523597705434,499,0.3787575150300601,0.3046092184368738,0.312625250501002,0.004008016032064128,agent_0018
72,478.0,0.02404809619238477,1.7875893616489655,0.1115744788977427,499,0.3727454909819639,0.27054108216432865,0.33266533066132264,0.02404809619238477,agent_0018
73,490.0,0.01002004008016032,1.6485798149700337,0.10822724453081042,499,0.6012024048096193,0.218436873747495,0.17034068136272545,0.01002004008016032,agent_0018
74,490.0,0.01603206412825651,1.7544276891229427,0.10498042719488611,499,0.4589178356713427,0.25851703406813625,0.2665330661322645,0.01603206412825651,agent_0018
75,493.0,0.006012024048096192,1.6641902402156343,0.10183101437903952,499,0.35470941883767537,0.2845691382765531,0.35470941883767537,0.006012024048096192,agent_0018
76,490.0,0.022044088176352707,1.8047469445484143,0.09877608394766833,499,0.5971943887775552,0.17835671342685372,0.20240480961923848,0.022044088176352707,agent_0018
77,472.0,0.028056112224448898,1.8555682997154612,0.09581280142923829,499,0.5250501002004008,0.218436873747495,0.22845691382765532,0.028056112224448898,agent_0018
78,499.0,0.004008016032064128,1.707209269041245,0.09293841738636113,499,0.4749498997995992,0.28857715430861725,0.23246492985971945,0.004008016032064128,agent_0018
79,481.0,0.02404809619238477,1.9066048472581385,0.09015026486477029,499,0.3727454909819639,0.312625250501002,0.2905811623246493,0.02404809619238477,agent_0018
80,445.0,0.050100200400801605,2.061044472485349,0.08744575691882718,499,0.45090180360721444,0.2545090180360721,0.24448897795591182,0.050100200400801605,agent_0018
81,487.0,0.018036072144288578,1.8097103543473956,0.08482238421126237,499,0.5090180360721442,0.20040080160320642,0.2725450901803607,0.018036072144288578,agent_0018
82,490.0,0.01603206412825651,1.7245297618747277,0.0822777126849245,499,0.37675350701402804,0.2865731462925852,0.32064128256513025,0.01603206412825651,agent_0018
83,493.0,0.01002004008016032,1.6742446211433408,0.07980938130437676,499,0.4308617234468938,0.280561122244489,0.2785571142284569,0.01002004008016032,agent_0018
84,466.0,0.028056112224448898,1.8598941507224753,0.07741509986524546,499,0.40480961923847697,0.2785571142284569,0.28857715430861725,0.028056112224448898,agent_0018
85,490.0,0.014028056112224449,1.641633768021344,0.0750926468692881,499,0.5470941883767535,0.1963927855711423,0.24248496993987975,0.014028056112224449,agent_0018
86,487.0,0.01603206412825651,1.7791398008799653,0.07283986746320946,499,0.5671342685370742,0.23246492985971945,0.1843687374749499,0.01603206412825651,agent_0018
87,487.0,0.014028056112224449,1.7226692800975945,0.07065467143931317,499,0.3867735470941884,0.3026052104208417,0.2965931863727455,0.014028056112224449,agent_0018
88,487.0,0.014028056112224449,1.7846075293772405,0.06853503129613378,499,0.3186372745490982,0.3226452905811623,0.34468937875751504,0.014028056112224449,agent_0018
89,478.0,0.018036072144288578,1.7946221278019603,0.06647898035724976,499,0.33266533066132264,0.3066132264529058,0.342685370741483,0.018036072144288578,agent_0018
90,478.0,0.022044088176352707,1.826212568435264,0.06448461094653227,499,0.35470941883767537,0.2985971943887776,0.3246492985971944,0.022044088176352707,agent_0018
91,457.0,0.04408817635270541,1.9927729535258871,0.06255007261813629,499,0.48897795591182364,0.20440881763527055,0.2625250501002004,0.04408817635270541,agent_0018
92,481.0,0.022044088176352707,1.7652656129125237,0.0606735704395922,499,0.591182364729459,0.20440881763527055,0.18236472945891782,0.022044088176352707,agent_0018
93,463.0,0.04208416833667335,1.9557492134154908,0.05885336332640443,499,0.48897795591182364,0.20841683366733466,0.2605210420841683,0.04208416833667335,agent_0018
94,478.0,0.026052104208416832,1.830651884790298,0.057087762426612294,499,0.4468937875751503,0.25851703406813625,0.2685370741482966,0.026052104208416832,agent_0018
95,487.0,0.018036072144288578,1.7915855341964204,0.05537512955381393,499,0.5571142284569138,0.18637274549098196,0.23847695390781562,0.018036072144288578,agent_0018
96,475.0,0.028056112224448898,1.9299993742686592,0.053713875667199505,499,0.45490981963927857,0.2845691382765531,0.23246492985971945,0.028056112224448898,agent_0018
97,496.0,0.01002004008016032,1.6660779999728086,0.05210245939718352,499,0.4028056112224449,0.2965931863727455,0.2905811623246493,0.01002004008016032,agent_0018
98,478.0,0.022044088176352707,1.8763694023132247,0.05053938561526801,499,0.38276553106212424,0.3026052104208417,0.2925851703406814,0.022044088176352707,agent_0018
99,469.0,0.028056112224448898,1.8159647622217732,0.05,499,0.3907815631262525,0.3186372745490982,0.2625250501002004,0.028056112224448898,agent_0018
100,460.0,0.036072144288577156,1.8583901486114354,0.05,499,0.4168336673346693,0.28256513026052105,0.26452905811623245,0.036072144288577156,agent_0018
101,499.0,0.004008016032064128,1.6760341990386942,0.05,499,0.3587174348697395,0.2985971943887776,0.33867735470941884,0.004008016032064128,agent_0018
102,499.0,0.01603206412825651,1.827016767484003,0.05,499,0.501002004008016,0.23246492985971945,0.250501002004008,0.01603206412825651,agent_0018
103,484.0,0.02004008016032064,1.7856500895392269,0.05,499,0.6232464929859719,0.20240480961923848,0.15430861723446893,0.02004008016032064,agent_0018
104,472.0,0.028056112224448898,1.8138835868676881,0.05,499,0.6292585170340681,0.1843687374749499,0.15831663326653306,0.028056112224448898,agent_0018
105,478.0,0.022044088176352707,1.8696143866690977,0.05,499,0.4308617234468938,0.28256513026052105,0.26452905811623245,0.022044088176352707,agent_0018
106,499.0,0.002004008016032064,1.5710683379230292,0.05,499,0.5350701402805611,0.218436873747495,0.24448897795591182,0.002004008016032064,agent_0018
107,499.0,0.004008016032064128,1.6022708164058044,0.05,499,0.46092184368737477,0.26452905811623245,0.27054108216432865,0.004008016032064128,agent_0018
108,466.0,0.03406813627254509,1.9222108870626124,0.05,499,0.47695390781563124,0.24048096192384769,0.24849699398797595,0.03406813627254509,agent_0018
109,475.0,0.026052104208416832,1.8185815411068704,0.05,499,0.5791583166332666,0.21442885771543085,0.18036072144288579,0.026052104208416832,agent_0018
110,481.0,0.028056112224448898,1.8302437910560387,0.05,499,0.49298597194388777,0.21442885771543085,0.26452905811623245,0.028056112224448898,agent_0018
111,463.0,0.03807615230460922,2.0624947173062154,0.05,499,0.4649298597194389,0.2745490981963928,0.22244488977955912,0.03807615230460922,agent_0018
112,493.0,0.012024048096192385,1.6625862184074793,0.05,499,0.6192384769539078,0.17835671342685372,0.1903807615230461,0.012024048096192385,agent_0018
113,499.0,0.002004008016032064,1.596098165200938,0.05,499,0.36072144288577157,0.2925851703406814,0.34468937875751504,0.002004008016032064,agent_0018
114,475.0,0.03206412825651302,1.9858504427770172,0.05,499,0.3186372745490982,0.28857715430861725,0.36072144288577157,0.03206412825651302,agent_0018
115,481.0,0.01603206412825651,1.7494599616922022,0.05,499,0.3687374749498998,0.3066132264529058,0.30861723446893785,0.01603206412825651,agent_0018
116,472.0,0.03006012024048096,2.001053708602866,0.05,499,0.2625250501002004,0.3627254509018036,0.34468937875751504,0.03006012024048096,agent_0018
117,466.0,0.03206412825651302,1.9659519089446982,0.05,499,0.27054108216432865,0.3346693386773547,0.3627254509018036,0.03206412825651302,agent_0018
118,484.0,0.018036072144288578,1.8974887915669036,0.05,499,0.33867735470941884,0.3306613226452906,0.312625250501002,0.018036072144288578,agent_0018
119,472.0,0.028056112224448898,1.9626107537396524,0.05,499,0.30861723446893785,0.33266533066132264,0.3306613226452906,0.028056112224448898,agent_0018
0,487.0,0.018036072144288578,1.7976544072525924,1.0,499,0.44488977955911824,0.312625250501002,0.22444889779559118,0.018036072144288578,agent_0019
1,454.0,0.04008016032064128,1.9409299346160764,0.97,499,0.45691382765531063,0.23847695390781562,0.26452905811623245,0.04008016032064128,agent_0019
2,472.0,0.03406813627254509,1.930070010788687,0.9409,499,0.4909819639278557,0.23446893787575152,0.24048096192384769,0.03406813627254509,agent_0019
3,481.0,0.028056112224448898,1.8145486195719445,0.912673,499,0.49498997995991983,0.24849699398797595,0.22845691382765532,0.028056112224448898,agent_0019
4,442.0,0.06012024048096192,2.178194477957533,0.8852928099999999,499,0.5370741482965932,0.21042084168336672,0.19238476953907815,0.06012024048096192,agent_0019
5,481.0,0.018036072144288578,1.646743831902692,0.8587340256999999,499,0.4789579158316633,0.23046092184368738,0.2725450901803607,0.018036072144288578,agent_0019
6,481.0,0.018036072144288578,1.7750725917823729,0.8329720049289999,499,0.4468937875751503,0.26452905811623245,0.27054108216432865,0.018036072144288578,agent_0019
7,475.0,0.03006012024048096,1.8574128706874793,0.8079828447811299,499,0.5070140280561122,0.23046092184368738,0.23246492985971945,0.03006012024048096,agent_0019
8,469.0,0.028056112224448898,1.8082633129743655,0.783743359437696,499,0.4228456913827655,0.25250501002004005,0.2965931863727455,0.028056112224448898,agent_0019
9,466.0,0.036072144288577156,1.8926075036049912,0.7602310586545651,499,0.4969939879759519,0.24248496993987975,0.22444889779559118,0.036072144288577156,agent_0019
10,490.0,0.008016032064128256,1.6393534250014008,0.7374241268949281,499,0.46893787575150303,0.23647294589178355,0.2865731462925852,0.008016032064128256,agent_0019
11,478.0,0.026052104208416832,1.8667474835704396,0.7153014030880802,499,0.42084168336673344,0.28256513026052105,0.27054108216432865,0.026052104208416832,agent_0019
12,472.0,0.03206412825651302,1.9694001726701762,0.6938423609954378,499,0.3907815631262525,0.29458917835671344,0.28256513026052105,0.03206412825651302,agent_0019
13,475.0,0.018036072144288578,1.7338386902875347,0.6730270901655747,499,0.43286573146292584,0.2665330661322645,0.28256513026052105,0.018036072144288578,agent_0019
14,475.0,0.03006012024048096,1.9893773175124698,0.6528362774606075,499,0.40681362725450904,0.2725450901803607,0.2905811623246493,0.03006012024048096,agent_0019
15,472.0,0.028056112224448898,1.9916242062897622,0.6332511891367892,499,0.4308617234468938,0.2605210420841683,0.280561122244489,0.028056112224448898,agent_0019
16,493.0,0.008016032064128256,1.6348312585324387,0.6142536534626856,499,0.5651302605210421,0.20040080160320642,0.22645290581162325,0.008016032064128256,agent_0019
17,481.0,0.01603206412825651,1.6447032313506957,0.595826043858805,499,0.5470941883767535,0.21643286573146292,0.22044088176352705,0.01603206412825651,agent_0019
18,478.0,0.022044088176352707,1.8347692966331246,0.5779512625430409,499,0.4288577154308617,0.2685370741482966,0.280561122244489,0.022044088176352707,agent_0019
19,493.0,0.01603206412825651,1.7343156196993246,0.5606127246667496,499,0.5150300601202404,0.24248496993987975,0.22645290581162325,0.01603206412825651,agent_0019
20,469.0,0.03006012024048096,1.8752014468867526,0.5437943429267471,499,0.46092184368737477,0.24048096192384769,0.2685370741482966,0.03006012024048096,agent_0019
21,493.0,0.012024048096192385,1.6559129942311877,0.5274805126389447,499,0.48897795591182364,0.23847695390781562,0.2605210420841683,0.012024048096192385,agent_0019
22,490.0,0.01002004008016032,1.5936765136198954,0.5116560972597763,499,0.4589178356713427,0.2565130260521042,0.2745490981963928,0.01002004008016032,agent_0019
23,469.0,0.026052104208416832,1.8438562866071728,0.496306414341983,499,0.48697394789579157,0.2685370741482966,0.218436873747495,0.026052104208416832,agent_0019
24,469.0,0.02404809619238477,1.8300432136097537,0.48141722191172354,499,0.5130260521042084,0.24849699398797595,0.21442885771543085,0.02404809619238477,agent_0019
25,493.0,0.01603206412825651,1.7537007603566084,0.4669747052543718,499,0.3847695390781563,0.280561122244489,0.3186372745490982,0.01603206412825651,agent_0019
26,466.0,0.03206412825651302,1.8508823309523614,0.4529654640967406,499,0.45090180360721444,0.22845691382765532,0.28857715430861725,0.03206412825651302,agent_0019
27,478.0,0.026052104208416832,1.8984974083001076,0.4393765001738384,499,0.4408817635270541,0.27655310621242485,0.2565130260521042,0.026052104208416832,agent_0019
28,463.0,0.04008016032064128,2.1077728120275965,0.42619520516862325,499,0.3406813627254509,0.32064128256513025,0.2985971943887776,0.04008016032064128,agent_0019
29,478.0,0.028056112224448898,2.0070262760405835,0.4134093490135645,499,0.39478957915831664,0.2965931863727455,0.280561122244489,0.028056112224448898,agent_0019
30,475.0,0.026052104208416832,1.9114605801021198,0.4010070685431576,499,0.40681362725450904,0.2925851703406814,0.2745490981963928,0.026052104208416832,agent_0019
31,496.0,0.01603206412825651,1.8062828725260835,0.38897685648686287,499,0.48096192384769537,0.23446893787575152,0.2685370741482966,0.01603206412825651,agent_0019
32,469.0,0.03406813627254509,1.87241837133899,0.377307550792257,499,0.5170340681362725,0.22645290581162325,0.22244488977955912,0.03406813627254509,agent_0019
33,493.0,0.012024048096192385,1.7309930577557295,0.36598832426848926,499,0.4709418837675351,0.2685370741482966,0.24849699398797595,0.012024048096192385,agent_0019
34,475.0,0.022044088176352707,1.756194833346313,0.35500867454043455,499,0.5270541082164328,0.2124248496993988,0.23847695390781562,0.022044088176352707,agent_0019
35,478.0,0.02404809619238477,1.93137823759655,0.3443584143042215,499,0.34468937875751504,0.3366733466933868,0.29458917835671344,0.02404809619238477,agent_0019
36,478.0,0.026052104208416832,1.835454433245945,0.3340276618750948,499,0.47695390781563124,0.23647294589178355,0.2605210420841683,0.026052104208416832,agent_0019
37,475.0,0.03206412825651302,2.007575208177671,0.32400683201884195,499,0.45090180360721444,0.2665330661322645,0.250501002004008,0.03206412825651302,agent_0019
38,490.0,0.014028056112224449,1.7843610189804675,0.3142866270582767,499,0.35671342685370744,0.280561122244489,0.3486973947895792,0.014028056112224449,agent_0019
39,466.0,0.03006012024048096,1.9619835653081543,0.3048580282465284,499,0.33867735470941884,0.3226452905811623,0.30861723446893785,0.03006012024048096,agent_0019
40,496.0,0.006012024048096192,1.6480249198101475,0.2957122873991326,499,0.38877755511022044,0.2745490981963928,0.3306613226452906,0.006012024048096192,agent_0019
41,475.0,0.026052104208416832,1.8608317556795344,0.2868409187771586,499,0.3466933867735471,0.280561122244489,0.3466933867735471,0.026052104208416832,agent_0019
42,499.0,0.0,1.517041071087462,0.27823569121384384,499,0.4288577154308617,0.25851703406813625,0.312625250501002,0.0,agent_0019
43,460.0,0.028056112224448898,1.8273439098549837,0.2698886204774285,499,0.4529058116232465,0.25250501002004005,0.2665330661322645,0.028056112224448898,agent_0019
44,496.0,0.008016032064128256,1.562318283828193,0.26179196186310566,499,0.5150300601202404,0.20841683366733466,0.2685370741482966,0.008016032064128256,agent_0019
45,460.0,0.036072144288577156,2.0213630950080654,0.2539382030072125,499,0.36072144288577157,0.30861723446893785,0.29458917835671344,0.036072144288577156,agent_0019
46,493.0,0.006012024048096192,1.6092105973312893,0.2463200569169961,499,0.46893787575150303,0.25250501002004005,0.2725450901803607,0.006012024048096192,agent_0019
47,484.0,0.018036072144288578,1.7310632137292132,0.23893045520948622,499,0.4529058116232465,0.25250501002004005,0.27655310621242485,0.018036072144288578,agent_0019
48,493.0,0.01002004008016032,1.6753828160134492,0.23176254155320164,499,0.5571142284569138,0.23446893787575152,0.19839679358717435,0.01002004008016032,agent_0019
49,466.0,0.03406813627254509,1.931724979946373,0.2248096653066056,499,0.4729458917835671,0.22845691382765532,0.26452905811623245,0.03406813627254509,agent_0019
50,460.0,0.03807615230460922,1.9346641498042951,0.21806537534740741,499,0.501002004008016,0.23647294589178355,0.22444889779559118,0.03807615230460922,agent_0019
51,487.0,0.018036072144288578,1.7744931467798517,0.2115234140869852,499,0.46893787575150303,0.2665330661322645,0.24649298597194388,0.018036072144288578,agent_0019
52,475.0,0.036072144288577156,1.959413017115731,0.20517771166437562,499,0.3346693386773547,0.3166332665330661,0.312625250501002,0.036072144288577156,agent_0019
53,463.0,0.03807615230460922,1.8831302778584778,0.19902238031444436,499,0.5270541082164328,0.19238476953907815,0.24248496993987975,0.03807615230460922,agent_0019
54,484.0,0.01603206412825651,1.7477331203739597,0.19305170890501103,499,0.4168336673346693,0.26452905811623245,0.3026052104208417,0.01603206412825651,agent_0019
55,490.0,0.02404809619238477,1.7930829131492356,0.1872601576378607,499,0.4709418837675351,0.23647294589178355,0.2685370741482966,0.02404809619238477,agent_0019
56,466.0,0.04008016032064128,1.9063690341455208,0.18164235290872485,499,0.5250501002004008,0.1903807615230461,0.24448897795591182,0.04008016032064128,agent_0019
57,478.0,0.022044088176352707,1.7370233025371375,0.1761930823214631,499,0.45490981963927857,0.23446893787575152,0.28857715430861725,0.022044088176352707,agent_0019
58,481.0,0.022044088176352707,1.7268791830968737,0.17090728985181922,499,0.5791583166332666,0.21042084168336672,0.18837675350701402,0.022044088176352707,agent_0019
59,469.0,0.03206412825651302,1.9473932557762903,0.16578007115626464,499,0.4168336673346693,0.2685370741482966,0.28256513026052105,0.03206412825651302,agent_0019
60,457.0,0.04408817635270541,2.1852588899886185,0.1608066690215767,499,0.3627254509018036,0.3106212424849699,0.28256513026052105,0.04408817635270541,agent_0019
61,460.0,0.036072144288577156,1.9633708568810289,0.1559824689509294,499,0.503006012024048,0.27655310621242485,0.1843687374749499,0.036072144288577156,agent_0019
62,481.0,0.026052104208416832,1.8669177178259284,0.1513029948824015,499,0.46893787575150303,0.25250501002004005,0.25250501002004005,0.026052104208416832,agent_0019
63,481.0,0.02404809619238477,1.8641074367957933,0.14676390503592945,499,0.48096192384769537,0.22845691382765532,0.2665330661322645,0.02404809619238477,agent_0019
64,487.0,0.012024048096192385,1.6254672222175621,0.14236098788485158,499,0.4849699398797595,0.24448897795591182,0.25851703406813625,0.012024048096192385,agent_0019
65,496.0,0.006012024048096192,1.6428340473173277,0.13809015824830603,499,0.5450901803607214,0.22845691382765532,0.22044088176352705,0.006012024048096192,agent_0019
66,469.0,0.03006012024048096,1.8489431701430663,0.13394745350085685,499,0.44488977955911824,0.25250501002004005,0.2725450901803607,0.03006012024048096,agent_0019
67,475.0,0.026052104208416832,1.8563360379995906,0.12992902989583113,499,0.5190380761523046,0.22845691382765532,0.22645290581162325,0.026052104208416832,agent_0019
68,481.0,0.022044088176352707,1.7611372769490672,0.1260311589989562,499,0.4749498997995992,0.23847695390781562,0.26452905811623245,0.022044088176352707,agent_0019
69,475.0,0.03006012024048096,1.8423116085396103,0.12225022422898751,499,0.5651302605210421,0.18837675350701402,0.21643286573146292,0.03006012024048096,agent_0019
70,496.0,0.004008016032064128,1.5223809226306397,0.11858271750211788,499,0.5891783567134269,0.19238476953907815,0.21442885771543085,0.004008016032064128,agent_0019
71,481.0,0.02004008016032064,1.6775228502877622,0.11502523597705434,499,0.5711422845691383,0.18236472945891782,0.22645290581162325,0.02004008016032064,agent_0019
72,490.0,0.01002004008016032,1.6489522131001089,0.1115744788977427,499,0.4729458917835671,0.2565130260521042,0.2605210420841683,0.01002004008016032,agent_0019
73,490.0,0.01603206412825651,1.77173021299442,0.10822724453081042,499,0.45691382765531063,0.23847695390781562,0.28857715430861725,0.01603206412825651,agent_0019
74,493.0,0.006012024048096192,1.573616885630732,0.10498042719488611,499,0.6032064128256514,0.1903807615230461,0.20040080160320642,0.006012024048096192,agent_0019
75,487.0,0.02404809619238477,1.7664363036144668,0.10183101437903952,499,0.6933867735470942,0.1462925851703407,0.13627254509018036,0.02404809619238477,agent_0019
76,472.0,0.028056112224448898,1.8675034185791444,0.09877608394766833,499,0.6633266533066132,0.15831663326653306,0.15030060120240482,0.028056112224448898,agent_0019
77,499.0,0.004008016032064128,1.623520120855137,0.09581280142923829,499,0.6152304609218436,0.19839679358717435,0.18236472945891782,0.004008016032064128,agent_0019
78,481.0,0.02404809619238477,1.8546679542554017,0.09293841738636113,499,0.4589178356713427,0.24048096192384769,0.27655310621242485,0.02404809619238477,agent_0019
79,454.0,0.04208416833667335,1.9786460935859504,0.09015026486477029,499,0.374749498997996,0.2685370741482966,0.31462925851703405,0.04208416833667335,agent_0019
80,481.0,0.022044088176352707,1.977309983998629,0.08744575691882718,499,0.3406813627254509,0.2985971943887776,0.33867735470941884,0.022044088176352707,agent_0019
81,484.0,0.022044088176352707,1.8325126315363507,0.08482238421126237,499,0.3807615230460922,0.2965931863727455,0.30060120240480964,0.022044088176352707,agent_0019
82,490.0,0.012024048096192385,1.6657938608962728,0.0822777126849245,499,0.44889779559118237,0.25250501002004005,0.2865731462925852,0.012024048096192385,agent_0019
83,466.0,0.028056112224448898,1.8389119849367659,0.07980938130437676,499,0.4248496993987976,0.24849699398797595,0.2985971943887776,0.028056112224448898,agent_0019
84,490.0,0.014028056112224449,1.7258258041983021,0.07741509986524546,499,0.41082164328657317,0.27054108216432865,0.3046092184368738,0.014028056112224449,agent_0019
85,487.0,0.01603206412825651,1.8739101649779628,0.0750926468692881,499,0.374749498997996,0.3466933867735471,0.2625250501002004,0.01603206412825651,agent_0019
86,487.0,0.014028056112224449,1.7203004657654795,0.07283986746320946,499,0.39478957915831664,0.2905811623246493,0.30060120240480964,0.014028056112224449,agent_0019
87,487.0,0.014028056112224449,1.7616538566318793,0.07065467143931317,499,0.3727454909819639,0.29458917835671344,0.3186372745490982,0.014028056112224449,agent_0019
88,478.0,0.018036072144288578,1.6676895380585848,0.06853503129613378,499,0.5350701402805611,0.22044088176352705,0.22645290581162325,0.018036072144288578,agent_0019
89,469.0,0.03006012024048096,1.8324610549462435,0.06647898035724976,499,0.46693386773547096,0.24448897795591182,0.25851703406813625,0.03006012024048096,agent_0019
90,457.0,0.04408817635270541,2.0708406220172226,0.06448461094653227,499,0.4028056112224449,0.250501002004008,0.3026052104208417,0.04408817635270541,agent_0019
91,472.0,0.028056112224448898,1.8561118193877306,0.06255007261813629,499,0.45691382765531063,0.25851703406813625,0.2565130260521042,0.028056112224448898,agent_0019
92,439.0,0.056112224448897796,2.0697427508848762,0.0606735704395922,499,0.38877755511022044,0.27054108216432865,0.2845691382765531,0.056112224448897796,agent_0019
93,451.0,0.04208416833667335,1.928474110456711,0.05885336332640443,499,0.342685370741483,0.28857715430861725,0.32665330661322645,0.04208416833667335,agent_0019
94,466.0,0.03406813627254509,2.0113794966984053,0.057087762426612294,499,0.342685370741483,0.3246492985971944,0.2985971943887776,0.03406813627254509,agent_0019
95,475.0,0.028056112224448898,1.8794071402165584,0.05537512955381393,499,0.43687374749499,0.25250501002004005,0.28256513026052105,0.028056112224448898,agent_0019
96,496.0,0.01002004008016032,1.7255345438097482,0.053713875667199505,499,0.2865731462925852,0.3406813627254509,0.3627254509018036,0.01002004008016032,agent_0019
97,475.0,0.026052104208416832,2.002333530058018,0.05210245939718352,499,0.280561122244489,0.33266533066132264,0.36072144288577157,0.026052104208416832,agent_0019
98,460.0,0.036072144288577156,1.8972082578813882,0.05053938561526801,499,0.20440881763527055,0.33867735470941884,0.42084168336673344,0.036072144288577156,agent_0019
99,460.0,0.036072144288577156,1.9621508761685817,0.05,499,0.2685370741482966,0.3527054108216433,0.342685370741483,0.036072144288577156,agent_0019
100,499.0,0.004008016032064128,1.6928811439935585,0.05,499,0.31462925851703405,0.3106212424849699,0.37074148296593185,0.004008016032064128,agent_0019
101,499.0,0.01603206412825651,1.8354870694315508,0.05,499,0.43286573146292584,0.2565130260521042,0.29458917835671344,0.01603206412825651,agent_0019
102,475.0,0.026052104208416832,1.8395447591768044,0.05,499,0.5150300601202404,0.22444889779559118,0.23446893787575152,0.026052104208416832,agent_0019
103,469.0,0.03006012024048096,1.892716070385629,0.05,499,0.40080160320641284,0.3306613226452906,0.23847695390781562,0.03006012024048096,agent_0019
104,475.0,0.026052104208416832,1.8846921023025338,0.05,499,0.3627254509018036,0.2985971943887776,0.312625250501002,0.026052104208416832,agent_0019
105,499.0,0.002004008016032064,1.565174157497574,0.05,499,0.43687374749499,0.24649298597194388,0.31462925851703405,0.002004008016032064,agent_0019
106,493.0,0.01002004008016032,1.6983591467331853,0.05,499,0.45090180360721444,0.25250501002004005,0.2865731462925852,0.01002004008016032,agent_0019
107,442.0,0.05410821643286573,2.186196309670207,0.05,499,0.3667334669338677,0.27054108216432865,0.30861723446893785,0.05410821643286573,agent_0019
108,475.0,0.028056112224448898,1.8650131053549297,0.05,499,0.561122244488978,0.21643286573146292,0.19438877755511022,0.028056112224448898,agent_0019
109,481.0,0.028056112224448898,1.8041434835172923,0.05,499,0.561122244488978,0.1963927855711423,0.21442885771543085,0.028056112224448898,agent_0019
110,457.0,0.04408817635270541,2.0446098467857072,0.05,499,0.4709418837675351,0.2625250501002004,0.22244488977955912,0.04408817635270541,agent_0019
111,472.0,0.03006012024048096,1.9758982980594773,0.05,499,0.36072144288577157,0.2625250501002004,0.3466933867735471,0.03006012024048096,agent_0019
112,499.0,0.002004008016032064,1.5731418747111703,0.05,499,0.4649298597194389,0.23246492985971945,0.30060120240480964,0.002004008016032064,agent_0019
113,475.0,0.03006012024048096,1.9332031162289245,0.05,499,0.35470941883767537,0.2685370741482966,0.3466933867735471,0.03006012024048096,agent_0019
114,472.0,0.02404809619238477,1.7542063276263553,0.05,499,0.4749498997995992,0.24649298597194388,0.2545090180360721,0.02404809619238477,agent_0019
115,460.0,0.04008016032064128,2.0443667339069522,0.05,499,0.3346693386773547,0.3166332665330661,0.30861723446893785,0.04008016032064128,agent_0019
116,469.0,0.03206412825651302,1.847955067781846,0.05,499,0.44288577154308617,0.2605210420841683,0.26452905811623245,0.03206412825651302,agent_0019
117,484.0,0.018036072144288578,1.7708333415787325,0.05,499,0.46292585170340683,0.2545090180360721,0.26452905811623245,0.018036072144288578,agent_0019
118,469.0,0.03006012024048096,1.8913672224106306,0.05,499,0.4288577154308617,0.2665330661322645,0.2745490981963928,0.03006012024048096,agent_0019
119,496.0,0.01002004008016032,1.6867975681112213,0.05,499,0.44488977955911824,0.2625250501002004,0.28256513026052105,0.01002004008016032,agent_0019
