min_covar,restart,ll_per_obs,n_iter,em_converged,health_ok,kept,is_winner,max_condition_number,min_eigenvalue,N,T,seed,covariance_type
0.01,0,-1.250537945865696,68,True,True,True,False,52.5169369260666,0.0019103935925115164,10,1000,42,full
0.01,1,-1.2455796624298718,72,True,True,True,True,40.17934369971697,0.001242975265784922,10,1000,42,full
0.01,2,-1.2505379478301215,71,True,True,True,False,52.517055039064765,0.0019104045321599976,10,1000,42,full
0.01,3,-1.245579850420212,81,True,True,True,False,40.20076647853434,0.0012439764536710234,10,1000,42,full
0.01,4,-1.2505379465445017,70,True,True,True,False,52.5169778771806,0.0019103973855656288,10,1000,42,full
0.01,5,-1.2505379494887952,77,True,True,True,False,52.51715386395859,0.0019104136848359517,10,1000,42,full
0.01,6,-1.2505379504594305,64,True,True,True,False,52.51721132505717,0.0019104190077875748,10,1000,42,full
0.01,7,-1.2505378498992197,66,True,True,True,False,52.503412751018374,0.0019091399911282856,10,1000,42,full
0.01,8,-1.2505379466870166,73,True,True,True,False,52.516986453930116,0.0019103981800032664,10,1000,42,full
0.01,9,-1.250537949071609,62,True,True,True,False,52.51712911921769,0.0019104113986962172,10,1000,42,full
0.001,0,-1.2505379453882275,68,True,True,True,False,52.51690804103853,0.0019103909170812468,10,1000,42,full
0.001,1,-1.2455796631771399,72,True,True,True,False,40.17865638078484,0.0012429432099250088,10,1000,42,full
0.001,2,-1.2505379476451313,71,True,True,True,False,52.517043966632016,0.0019104035066104465,10,1000,42,full
0.001,3,-1.245579850130263,81,True,True,True,False,40.20075068609726,0.0012439757141578394,10,1000,42,full
0.001,4,-1.2505379514232218,69,True,True,True,False,52.51726811250568,0.001910424267600804,10,1000,42,full
0.001,5,-1.2505379494226487,77,True,True,True,False,52.51714993896616,0.0019104133213025943,10,1000,42,full
0.001,6,-1.2505379514569959,64,True,True,True,False,52.517270095316476,0.001910424451024669,10,1000,42,full
0.001,7,-1.2505378480958351,68,True,True,True,False,52.504561029738,0.0019092464890289472,10,1000,42,full
0.001,8,-1.250537946435038,73,True,True,True,False,52.5169712817475,0.001910396774709715,10,1000,42,full
0.001,9,-1.2505379495490099,62,True,True,True,False,52.517157472470636,0.001910414024760863,10,1000,42,full
0.0001,0,-1.2505379453388905,68,True,True,True,False,52.51690505260274,0.0019103906402822654,10,1000,42,full
0.0001,1,-1.2455796632871123,72,True,True,True,False,40.17857930986992,0.0012429396156719583,10,1000,42,full
0.0001,2,-1.2505379476260312,71,True,True,True,False,52.51704282267116,0.0019104034006551473,10,1000,42,full
0.0001,3,-1.245579857983312,80,True,True,True,False,40.20117417486062,0.0012439955456331384,10,1000,42,full
0.0001,4,-1.250537951177392,69,True,True,True,False,52.51725365466191,0.0019104229285454527,10,1000,42,full
0.0001,5,-1.2505379494156574,77,True,True,True,False,52.51714952391846,0.0019104132828614345,10,1000,42,full
0.0001,6,-1.2505379515549722,64,True,True,True,False,52.517275851831414,0.0019104249841840515,10,1000,42,full
0.0001,7,-1.2505378482374083,68,True,True,True,False,52.50439950709388,0.0019092315081926832,10,1000,42,full
0.0001,8,-1.2505379464089506,73,True,True,True,False,52.51696971002131,0.0019103966291327587,10,1000,42,full
0.0001,9,-1.2505379495988482,62,True,True,True,False,52.517160428688726,0.001910414298563225,10,1000,42,full
0.01,0,-1.2422589744641321,100,True,True,True,False,41.019916020161055,0.0013137661037057385,10,1000,43,full
0.01,1,-1.2440578603043653,66,True,True,True,False,53.16917648005901,0.0018647802734501283,10,1000,43,full
0.01,2,-1.2440578652407506,61,True,True,True,False,53.16956059112428,0.0018648051264062674,10,1000,43,full
0.01,3,-1.2440578610854944,64,True,True,True,False,53.1692379919402,0.001864784253686551,10,1000,43,full
0.01,4,-1.244057864789456,64,True,True,True,False,53.169525924528855,0.001864802883641567,10,1000,43,full
0.01,5,-1.2440578602706178,65,True,True,True,False,53.169173815037624,0.0018647801009089116,10,1000,43,full
0.01,6,-1.2440578630621284,64,True,True,True,False,53.1693923868314,0.001864794242879123,10,1000,43,full
0.01,7,-1.2440578665161002,59,True,True,True,False,53.169658172361814,0.001864811441761498,10,1000,43,full
0.01,8,-1.2422589754038451,85,True,True,True,False,41.019543861798226,0.001313751245274673,10,1000,43,full
0.01,9,-1.2440578615445648,63,True,True,True,False,53.16927400961398,0.0018647865844739241,10,1000,43,full
0.001,0,-1.2422589735159821,105,True,True,True,True,41.020349588976764,0.0013137834140976472,10,1000,43,full
0.001,1,-1.2440578602449672,66,True,True,True,False,53.169171792328896,0.001864779970131144,10,1000,43,full
0.001,2,-1.244057865056433,61,True,True,True,False,53.16954643775503,0.0018648042106601448,10,1000,43,full
0.001,3,-1.2440578603928214,64,True,True,True,False,53.16918346839132,0.001864780725967242,10,1000,43,full
0.001,4,-1.2440578646336355,64,True,True,True,False,53.16951393098685,0.0018648021076164594,10,1000,43,full
0.001,5,-1.2440578601221415,65,True,True,True,False,53.169162090011945,0.001864779342251372,10,1000,43,full
0.001,6,-1.2440578630417745,64,True,True,True,False,53.16939080650302,0.001864794140629435,10,1000,43,full
0.001,7,-1.2440578667811049,59,True,True,True,False,53.1696783535236,0.0018648127474850727,10,1000,43,full
0.001,8,-1.2422589752068944,85,True,True,True,False,41.019618184522145,0.001313754212602621,10,1000,43,full
0.001,9,-1.2440578615647586,63,True,True,True,False,53.169275591163235,0.0018647866868053101,10,1000,43,full
0.0001,0,-1.2422589761596987,106,True,True,True,False,41.01927339931154,0.0013137404471201977,10,1000,43,full
0.0001,1,-1.2440578602386414,66,True,True,True,False,53.16917129193657,0.001864779937753872,10,1000,43,full
0.0001,2,-1.244057865037407,61,True,True,True,False,53.16954497684388,0.0018648041161366477,10,1000,43,full
0.0001,3,-1.2440578603145458,64,True,True,True,False,53.1691772935891,0.0018647803264511815,10,1000,43,full
0.0001,4,-1.24405786461981,64,True,True,True,False,53.16951286560378,0.0018648020386821723,10,1000,43,full
0.0001,5,-1.244057860106829,65,True,True,True,False,53.16916088017472,0.0018647792639702049,10,1000,43,full
0.0001,6,-1.244057863039691,64,True,True,True,False,53.16939064421751,0.0018647941301288345,10,1000,43,full
0.0001,7,-1.2440578599813596,60,True,True,True,False,53.16915099040789,0.0018647786252284316,10,1000,43,full
0.0001,8,-1.2422589751868114,85,True,True,True,False,41.01962586091698,0.0013137545190818316,10,1000,43,full
0.0001,9,-1.2440578615666944,63,True,True,True,False,53.16927574381877,0.0018647866966832818,10,1000,43,full
0.01,0,-1.2143869977117658,67,True,True,True,False,55.73519747449981,0.0017282006109368806,10,1000,44,full
0.01,1,-1.2143869949619865,64,True,True,True,False,55.735022725438625,0.0017281875037175474,10,1000,44,full
0.01,2,-1.214386996347819,59,True,True,True,False,55.735111061871386,0.0017281941261909199,10,1000,44,full
0.01,3,-1.2103975872103785,45,True,True,True,True,42.62673045043494,0.001225337488851769,10,1000,44,full
0.01,4,-1.2143868999368543,38,True,True,True,False,55.723114142885834,0.0017273020399797892,10,1000,44,full
0.01,5,-1.2143869966925274,63,True,True,True,False,55.73513299496106,0.0017281957757535463,10,1000,44,full
0.01,6,-1.2143869979889137,61,True,True,True,False,55.73521497615955,0.001728201925701918,10,1000,44,full
0.01,7,-1.2143868980325145,59,True,True,True,False,55.72114790952763,0.001727147981896587,10,1000,44,full
0.01,8,-1.2143869990289584,61,True,True,True,False,55.735280348824894,0.0017282068280666692,10,1000,44,full
0.01,9,-1.2143869969859165,61,True,True,True,False,55.735151581412985,0.0017281971687636646,10,1000,44,full
0.001,0,-1.2143869976506667,67,True,True,True,False,55.735193617564946,0.0017282003216182503,10,1000,44,full
0.001,1,-1.2143870016418346,63,True,True,True,False,55.73544318592684,0.0017282190442363013,10,1000,44,full
0.001,2,-1.2143869964040908,59,True,True,True,False,55.73511463776493,0.001728194394473746,10,1000,44,full
0.001,3,-1.2103975924818047,44,True,True,True,False,42.629398788150176,0.0012254290899035454,10,1000,44,full
0.001,4,-1.2143868990327442,39,True,True,True,False,55.722679377541866,0.0017272675995763005,10,1000,44,full
0.001,5,-1.2143869967374685,63,True,True,True,False,55.73513584557622,0.0017281959895543077,10,1000,44,full
0.001,6,-1.2143869982398223,61,True,True,True,False,55.735230780806425,0.00172820311122436,10,1000,44,full
0.001,7,-1.2143868976053178,59,True,True,True,False,55.72143360918168,0.0017271693652635897,10,1000,44,full
0.001,8,-1.2143869995284213,61,True,True,True,False,55.73531163338085,0.0017282091748747578,10,1000,44,full
0.001,9,-1.2143869968210912,61,True,True,True,False,55.73514113569586,0.001728196385210436,10,1000,44,full
0.0001,0,-1.2143869976441368,67,True,True,True,False,55.735193204953255,0.0017282002906666067,10,1000,44,full
0.0001,1,-1.214387001606356,63,True,True,True,False,55.73544098795664,0.0017282188793800832,10,1000,44,full
0.0001,2,-1.2143869964087142,59,True,True,True,False,55.7351149313962,0.001728194416506498,10,1000,44,full
0.0001,3,-1.2103975931845672,44,True,True,True,False,42.62983570510015,0.0012254431620940555,10,1000,44,full
0.0001,4,-1.2143868990518092,39,True,True,True,False,55.7225035090812,0.001727254437718002,10,1000,44,full
0.0001,5,-1.2143869967421501,63,True,True,True,False,55.735136142518606,0.0017281960118262988,10,1000,44,full
0.0001,6,-1.2143869982659878,61,True,True,True,False,55.7352324285418,0.0017282032348244674,10,1000,44,full
0.0001,7,-1.214386897566316,59,True,True,True,False,55.72146365721496,0.0017271716142790493,10,1000,44,full
0.0001,8,-1.2143869995810108,61,True,True,True,False,55.735314923410286,0.001728209421677292,10,1000,44,full
0.0001,9,-1.2143869968050727,61,True,True,True,False,55.73514012040669,0.0017281963090511312,10,1000,44,full
0.01,0,-1.2561476383341852,69,True,True,True,False,40.689944415399516,0.0012373661364968175,10,1000,45,full
0.01,1,-1.266639724688976,64,True,True,True,False,56.163163469675794,0.0017047650046895105,10,1000,45,full
0.01,2,-1.2561474614975456,77,True,True,True,True,40.66157171088948,0.0012366870913602733,10,1000,45,full
0.01,3,-1.2666397293014755,63,True,True,True,False,56.16352123063436,0.0017047834392607943,10,1000,45,full
0.01,4,-1.2666397254815107,67,True,True,True,False,56.16322549328805,0.0017047681996367962,10,1000,45,full
0.01,5,-1.266639725122159,68,True,True,True,False,56.16319738588915,0.0017047667512530811,10,1000,45,full
0.01,6,-1.2561474616438817,76,True,True,True,False,40.661458175246736,0.0012366843764495463,10,1000,45,full
0.01,7,-1.2666397294014082,61,True,True,True,False,56.163529166961546,0.0017047838569498694,10,1000,45,full
0.01,8,-1.2666397293195046,65,True,True,True,False,56.16352266982604,0.0017047835152256647,10,1000,45,full
0.01,9,-1.2666396247445855,83,True,True,True,False,56.14740605938789,0.00170395455139827,10,1000,45,full
0.001,0,-1.2561476392750708,69,True,True,True,False,40.6900128022932,0.0012373677746494918,10,1000,45,full
0.001,1,-1.2666397315623608,63,True,True,True,False,56.16369388366174,0.001704792341527651,10,1000,45,full
0.001,2,-1.2561474616317996,77,True,True,True,False,40.66146739866968,0.0012366845970730284,10,1000,45,full
0.001,3,-1.2666397293499092,63,True,True,True,False,56.163524949075814,0.0017047836310154095,10,1000,45,full
0.001,4,-1.2666397254660196,67,True,True,True,False,56.163224282114086,0.0017047681372185086,10,1000,45,full
0.001,5,-1.2666397250425647,68,True,True,True,False,56.163191152142375,0.0017047664299979302,10,1000,45,full
0.001,6,-1.256147461522162,76,True,True,True,False,40.661552191164574,0.0012366866245329706,10,1000,45,full
0.001,7,-1.2666397303894694,61,True,True,True,False,56.163604748019154,0.0017047877519448292,10,1000,45,full
0.001,8,-1.2666397292647913,65,True,True,True,False,56.16351847185281,0.001704783298860479,10,1000,45,full
0.001,9,-1.2666396249321772,80,True,True,True,False,56.14680970762932,0.0017039239359970264,10,1000,45,full
0.0001,0,-1.2561476393694126,69,True,True,True,False,40.690019650109676,0.001237367938683467,10,1000,45,full
0.0001,1,-1.2666397315462603,63,True,True,True,False,56.163692661139564,0.0017047922785155573,10,1000,45,full
0.0001,2,-1.2561474616463442,77,True,True,True,False,40.66145635727454,0.0012366843330550328,10,1000,45,full
0.0001,3,-1.2666397293549536,63,True,True,True,False,56.16352533717149,0.0017047836510277513,10,1000,45,full
0.0001,4,-1.2666397254644737,67,True,True,True,False,56.16322416044888,0.0017047681309488379,10,1000,45,full
0.0001,5,-1.2666397250323866,68,True,True,True,False,56.16319035483285,0.0017047663889090288,10,1000,45,full
0.0001,6,-1.2561474615098487,76,True,True,True,False,40.66156191466195,0.0012366868570397322,10,1000,45,full
0.0001,7,-1.2666397304866948,61,True,True,True,False,56.16361216621229,0.0017047881342392543,10,1000,45,full
0.0001,8,-1.266639729259571,65,True,True,True,False,56.1635180714642,0.0017047832782235651,10,1000,45,full
0.0001,9,-1.2666396247649794,80,True,True,True,False,56.1472537579751,0.0017039467322440042,10,1000,45,full
0.01,0,-1.259378879338874,92,True,True,True,False,54.676547453434566,0.0015586025512759232,10,1000,46,full
0.01,1,-1.2488478032468606,94,True,True,True,False,40.74061482437237,0.0012129060407288002,10,1000,46,full
0.01,2,-1.2593788824344136,91,True,True,True,False,54.6769431233725,0.0015586125827641744,10,1000,46,full
0.01,3,-1.2593788773902364,92,True,True,True,False,54.67629628263332,0.0015585961837592443,10,1000,46,full
0.01,4,-1.2593788797421699,96,True,True,True,False,54.676598716349645,0.0015586038510345744,10,1000,46,full
0.01,5,-1.259378877301278,94,True,True,True,False,54.67628481516945,0.0015585958930417454,10,1000,46,full
0.01,6,-1.2593788790567342,91,True,True,True,False,54.67651072711456,0.0015586016203129455,10,1000,46,full
0.01,7,-1.2593788763677118,92,True,True,True,False,54.67616433822033,0.0015585928388052376,10,1000,46,full
0.01,8,-1.2593788793269447,95,True,True,True,False,54.67654542955056,0.0015586025000917214,10,1000,46,full
0.01,9,-1.25937887614782,101,True,True,True,False,54.6761359736811,0.0015585921197223,10,1000,46,full
0.001,0,-1.259378879484865,91,True,True,True,False,54.67657112860476,0.0015586031501678933,10,1000,46,full
0.001,1,-1.2488478031689294,94,True,True,True,False,40.74068726821607,0.001212907659465048,10,1000,46,full
0.001,2,-1.2593788743944865,92,True,True,True,False,54.67590892242883,0.0015585863638538327,10,1000,46,full
0.001,3,-1.2593788772986747,92,True,True,True,False,54.676284479780016,0.0015585958845408072,10,1000,46,full
0.001,4,-1.2593788794308367,96,True,True,True,False,54.676558766967574,0.0015586028382244192,10,1000,46,full
0.001,5,-1.259378878009168,94,True,True,True,False,54.67637601311357,0.0015585982050513021,10,1000,46,full
0.001,6,-1.259378877983357,91,True,True,True,False,54.67637269069705,0.0015585981208262475,10,1000,46,full
0.001,7,-1.2593788761331255,92,True,True,True,False,54.676134029954724,0.0015585920704602092,10,1000,46,full
0.001,8,-1.2593788792392906,95,True,True,True,False,54.67653417470543,0.001558602214756213,10,1000,46,full
0.001,9,-1.2593788760685112,101,True,True,True,False,54.676125724234616,0.0015585918598883324,10,1000,46,full
0.0001,0,-1.2593788784562678,91,True,True,True,False,54.676440557222854,0.0015585998394846664,10,1000,46,full
0.0001,1,-1.2488478031596173,94,True,True,True,True,40.74069615220129,0.0012129078579766186,10,1000,46,full
0.0001,2,-1.2593788744186634,92,True,True,True,False,54.675912058024075,0.0015585864433424964,10,1000,46,full
0.0001,3,-1.259378877289379,92,True,True,True,False,54.676283279792045,0.001558595854118684,10,1000,46,full
0.0001,4,-1.259378879398505,96,True,True,True,False,54.67655461596101,0.0015586027329870548,10,1000,46,full
0.0001,5,-1.259378878080729,94,True,True,True,False,54.676385224244854,0.0015585984385701442,10,1000,46,full
0.0001,6,-1.259378877869998,91,True,True,True,False,54.67635809460487,0.0015585977507913363,10,1000,46,full
0.0001,7,-1.2593788761090492,92,True,True,True,False,54.67613091656177,0.0015585919915334057,10,1000,46,full
0.0001,8,-1.2593788792296816,95,True,True,True,False,54.676532939337534,0.0015586021834373771,10,1000,46,full
0.0001,9,-1.259378876060202,101,True,True,True,False,54.676124650461006,0.0015585918326671737,10,1000,46,full
0.01,0,-1.2593325726792746,92,True,True,True,False,53.18888497466855,0.001615505811637033,10,1000,47,full
0.01,1,-1.259332568623798,87,True,True,True,False,53.188366218050646,0.0016154908326666652,10,1000,47,full
0.01,2,-1.2593325741357573,81,True,True,True,False,53.189069819282274,0.001615511149142056,10,1000,47,full
0.01,3,-1.2593325692196675,87,True,True,True,False,53.188442820400084,0.0016154930445002975,10,1000,47,full
0.01,4,-1.246036525206064,122,True,True,True,False,39.92395598156676,0.0012146115493119568,10,1000,47,full
0.01,5,-1.2593325739582168,85,True,True,True,False,53.18904732614517,0.0016155104996320557,10,1000,47,full
0.01,6,-1.2593325666802662,84,True,True,True,False,53.188115437480796,0.0016154835916688,10,1000,47,full
0.01,7,-1.2593325696370223,86,True,True,True,False,53.1884963910081,0.0016154945913127096,10,1000,47,full
0.01,8,-1.2593325728621079,91,True,True,True,False,53.18890821875511,0.0016155064828180324,10,1000,47,full
0.01,9,-1.2593325722241224,89,True,True,True,False,53.188827054702266,0.001615504139183066,10,1000,47,full
0.001,0,-1.2593325726025428,92,True,True,True,False,53.18887521588681,0.001615505529848379,10,1000,47,full
0.001,1,-1.2593325683960188,87,True,True,True,False,53.18833689969183,0.0016154899861251686,10,1000,47,full
0.001,2,-1.2593325740301462,81,True,True,True,False,53.189056439907674,0.0016155107628011622,10,1000,47,full
0.001,3,-1.2593325690597315,87,True,True,True,False,53.18842227123922,0.001615492451157502,10,1000,47,full
0.001,4,-1.2460365251776264,122,True,True,True,False,39.92395412502432,0.0012146115038248234,10,1000,47,full
0.001,5,-1.259332574023941,85,True,True,True,False,53.189055653401354,0.0016155107400880467,10,1000,47,full
0.001,6,-1.2593325743154955,83,True,True,True,False,53.18909257348965,0.0016155118061848685,10,1000,47,full
0.001,7,-1.2593325696330495,86,True,True,True,False,53.18849588204182,0.0016154945766170257,10,1000,47,full
0.001,8,-1.2593325727986404,91,True,True,True,False,53.18890015173405,0.001615506249879095,10,1000,47,full
0.001,9,-1.2593325721543447,89,True,True,True,False,53.18881816984289,0.0016155038826317176,10,1000,47,full
0.0001,0,-1.2593325725944702,92,True,True,True,False,53.18887418907224,0.0016155055001984572,10,1000,47,full
0.0001,1,-1.2593325683723644,87,True,True,True,False,53.18833385338727,0.0016154898981656036,10,1000,47,full
0.0001,2,-1.2593325740189607,81,True,True,True,False,53.189055024493044,0.0016155107219307525,10,1000,47,full
0.0001,3,-1.2593325690390569,87,True,True,True,False,53.1884196147391,0.0016154923744535496,10,1000,47,full
0.0001,4,-1.2460365251754386,122,True,True,True,True,39.92395398294991,0.001214611500343484,10,1000,47,full
0.0001,5,-1.2593325740307355,85,True,True,True,False,53.189056516615075,0.001615510765013712,10,1000,47,full
0.0001,6,-1.2593325742740291,83,True,True,True,False,53.18908732551878,0.0016155116546458974,10,1000,47,full
0.0001,7,-1.2593325696326176,86,True,True,True,False,53.18849582701382,0.001615494575028299,10,1000,47,full
0.0001,8,-1.2593325727919038,91,True,True,True,False,53.18889929376965,0.001615506225105094,10,1000,47,full
0.0001,9,-1.25933257214651,89,True,True,True,False,53.18881717105443,0.00161550385378991,10,1000,47,full
0.01,0,-1.2695147503941164,106,True,True,True,False,53.20127143355608,0.001548339802017891,10,1000,48,full
0.01,1,-1.2695147498781596,107,True,True,True,False,53.20121389208925,0.0015483381790915892,10,1000,48,full
0.01,2,-1.2695147492501302,115,True,True,True,False,53.20114376939628,0.0015483362013325218,10,1000,48,full
0.01,3,-1.2585340624844275,88,True,True,True,False,40.41468664303144,0.001198660134998853,10,1000,48,full
0.01,4,-1.2695147504290312,106,True,True,True,False,53.201275324102575,0.0015483399117489972,10,1000,48,full
0.01,5,-1.269514752553747,111,True,True,True,False,53.2015116089972,0.00154834657616403,10,1000,48,full
0.01,6,-1.2585340613573106,88,True,True,True,True,40.41530410478944,0.0011986727630554973,10,1000,48,full
0.01,7,-1.2695147457566314,116,True,True,True,False,53.20075199947805,0.001548325152067461,10,1000,48,full
0.01,8,-1.2695147504927842,116,True,True,True,False,53.20128242866676,0.0015483401121305649,10,1000,48,full
0.01,9,-1.2695147445972919,115,True,True,True,False,53.200621346113905,0.0015483214673089201,10,1000,48,full
0.001,0,-1.269514751052719,106,True,True,True,False,53.20134479139065,0.001548341871053413,10,1000,48,full
0.001,1,-1.2695147497851038,107,True,True,True,False,53.20120350733114,0.0015483378861958605,10,1000,48,full
0.001,2,-1.269514748827289,115,True,True,True,False,53.20109650413231,0.0015483348682609507,10,1000,48,full
0.001,3,-1.2585340623519299,88,True,True,True,False,40.414754166398254,0.0011986615159304017,10,1000,48,full
0.001,4,-1.2695147494486327,106,True,True,True,False,53.201165941741344,0.0015483368266857613,10,1000,48,full
0.001,5,-1.2695147524375223,111,True,True,True,False,53.20149871040644,0.0015483462123541316,10,1000,48,full
0.001,6,-1.2585340617422158,88,True,True,True,False,40.415081251417156,0.0011986682052916998,10,1000,48,full
0.001,7,-1.2695147479763453,116,True,True,True,False,53.20100125839218,0.0015483321819690385,10,1000,48,full
0.001,8,-1.2695147503997466,116,True,True,True,False,53.20127206115607,0.0015483398197187101,10,1000,48,full
0.001,9,-1.269514752690008,114,True,True,True,False,53.20152672691377,0.0015483470025713286,10,1000,48,full
0.0001,0,-1.2695147511154494,106,True,True,True,False,53.20135177283471,0.0015483420679636875,10,1000,48,full
0.0001,1,-1.269514749775323,107,True,True,True,False,53.20120241529976,0.0015483378553956249,10,1000,48,full
0.0001,2,-1.2695147487714666,115,True,True,True,False,53.20109026082891,0.0015483346921754606,10,1000,48,full
0.0001,3,-1.2585340623384262,88,True,True,True,False,40.414761109801915,0.0011986616579312108,10,1000,48,full
0.0001,4,-1.2695147493384868,106,True,True,True,False,53.20115364017952,0.0015483364797296915,10,1000,48,full
0.0001,5,-1.2695147524261288,111,True,True,True,False,53.20149744425462,0.0015483461766418356,10,1000,48,full
0.0001,6,-1.2585340617843124,88,True,True,True,False,40.41505771284605,0.001198667723888853,10,1000,48,full
0.0001,7,-1.2695147480605535,116,True,True,True,False,53.201010692625445,0.0015483324480480675,10,1000,48,full
0.0001,8,-1.2695147503897404,116,True,True,True,False,53.20127094385166,0.0015483397882059967,10,1000,48,full
0.0001,9,-1.2695147526339061,114,True,True,True,False,53.201520501887856,0.001548346826991242,10,1000,48,full
0.01,0,-1.2139844810332434,119,True,True,True,False,40.201655533772296,0.0012265605214813345,10,1000,49,full
0.01,1,-1.225891901153716,81,True,True,True,False,54.64331187207298,0.0016144434845537462,10,1000,49,full
0.01,2,-1.2258918989067138,83,True,True,True,False,54.643068060195276,0.0016144366053744794,10,1000,49,full
0.01,3,-1.2258919043877985,76,True,True,True,False,54.64365920225165,0.0016144532847005351,10,1000,49,full
0.01,4,-1.2258918992569625,80,True,True,True,False,54.643106194741065,0.001614437681338301,10,1000,49,full
0.01,5,-1.2139844752074838,112,True,True,True,False,40.20126886584051,0.0012265517336726658,10,1000,49,full
0.01,6,-1.2139844794988564,96,True,True,True,False,40.20155419762686,0.0012265582183802928,10,1000,49,full
0.01,7,-1.213984265254868,96,True,True,True,False,40.16918800955242,0.0012258238354569146,10,1000,49,full
0.01,8,-1.225891904982057,85,True,True,True,False,54.643722568529476,0.0016144550726395765,10,1000,49,full
0.01,9,-1.2258919032284723,67,True,True,True,False,54.643534943411666,0.0016144497792440116,10,1000,49,full
0.001,0,-1.213984266439614,77,True,True,True,False,40.16860129548841,0.0012258105453818284,10,1000,49,full
0.001,1,-1.2258919007232685,81,True,True,True,False,54.64326532731204,0.0016144421712805074,10,1000,49,full
0.001,2,-1.225891906355559,82,True,True,True,False,54.64386851279026,0.0016144591906304114,10,1000,49,full
0.001,3,-1.225891904623741,76,True,True,True,False,54.64368438029686,0.0016144539951234039,10,1000,49,full
0.001,4,-1.2258918989252947,80,True,True,True,False,54.64307007903694,0.0016144366623362582,10,1000,49,full
0.001,5,-1.213984477267438,112,True,True,True,False,40.201406186432386,0.0012265548545209578,10,1000,49,full
0.001,6,-1.2139844776748645,96,True,True,True,False,40.20143326824037,0.0012265554700068221,10,1000,49,full
0.001,7,-1.2139842651797985,96,True,True,True,False,40.169228475471364,0.0012258247521081164,10,1000,49,full
0.001,8,-1.2258919050416108,85,True,True,True,False,54.64372891327036,0.0016144552516627539,10,1000,49,full
0.001,9,-1.225891901388412,65,True,True,True,False,54.643335583215645,0.0016144441550716244,10,1000,49,full
0.0001,0,-1.2139844774615784,98,True,True,True,False,40.20141909412656,0.0012265551478723453,10,1000,49,full
0.0001,1,-1.2258919006789044,81,True,True,True,False,54.64326052530019,0.0016144420357909056,10,1000,49,full
0.0001,2,-1.2258919063249751,82,True,True,True,False,54.64386527018134,0.0016144590991366001,10,1000,49,full
0.0001,3,-1.2258919046483678,76,True,True,True,False,54.64368700552127,0.0016144540691965055,10,1000,49,full
0.0001,4,-1.2258918988914513,80,True,True,True,False,54.64306639133789,0.0016144365582889675,10,1000,49,full
0.0001,5,-1.2139844775001547,112,True,True,True,False,40.20142165795532,0.0012265552061406942,10,1000,49,full
0.0001,6,-1.2139844774131943,96,True,True,True,False,40.201415878078905,0.0012265550747822985,10,1000,49,full
0.0001,7,-1.2139842651719945,96,True,True,True,True,40.169232705156844,0.0012258248479220938,10,1000,49,full
0.0001,8,-1.2258919050382144,85,True,True,True,False,54.643728550616004,0.0016144552414304098,10,1000,49,full
0.0001,9,-1.2258918993334373,65,True,True,True,False,54.6431126038155,0.0016144378637337978,10,1000,49,full
0.01,0,-1.2143674128497717,68,True,True,True,False,55.85020736161906,0.0016674748522898736,10,1000,50,full
0.01,1,-1.2030648122312515,75,True,True,True,False,39.492283561185104,0.0012063489639510731,10,1000,50,full
0.01,2,-1.2143674098939572,68,True,True,True,False,55.8499588044478,0.0016674652897698814,10,1000,50,full
0.01,3,-1.2143674152793127,68,True,True,True,False,55.85040896992105,0.001667482608661257,10,1000,50,full
0.01,4,-1.214367415423444,70,True,True,True,False,55.850420849046436,0.0016674830656379074,10,1000,50,full
0.01,5,-1.2143673170606224,74,True,True,True,False,55.832195717927256,0.0016667823152091256,10,1000,50,full
0.01,6,-1.2143674159876052,73,True,True,True,False,55.85046730499477,0.0016674848530216552,10,1000,50,full
0.01,7,-1.214367415801564,71,True,True,True,False,55.85045198852451,0.0016674842636533788,10,1000,50,full
0.01,8,-1.214367412802991,69,True,True,True,False,55.850203492314314,0.0016674747035727198,10,1000,50,full
0.01,9,-1.2143674096544075,70,True,True,True,False,55.84993850384874,0.0016674645087870307,10,1000,50,full
0.001,0,-1.2143674128496524,68,True,True,True,False,55.85020735194261,0.0016674748519176867,10,1000,50,full
0.001,1,-1.20306481215444,75,True,True,True,False,39.4923764632667,0.0012063510124210918,10,1000,50,full
0.001,2,-1.2143674096431532,68,True,True,True,False,55.84993754337748,0.0016674644718177535,10,1000,50,full
0.001,3,-1.214367415141126,68,True,True,True,False,55.85039756705058,0.001667482169961343,10,1000,50,full
0.001,4,-1.2143674153820063,70,True,True,True,False,55.850417434333714,0.0016674829342648212,10,1000,50,full
0.001,5,-1.2030650219085959,143,True,True,True,False,39.525421643784746,0.0012070807454692134,10,1000,50,full
0.001,6,-1.214367415843935,73,True,True,True,False,55.850455490354584,0.0016674843984789574,10,1000,50,full
0.001,7,-1.2143674154828334,71,True,True,True,False,55.850425743794666,0.0016674832539461616,10,1000,50,full
0.001,8,-1.214367412481326,69,True,True,True,False,55.850176614894565,0.0016674736695375804,10,1000,50,full
0.001,9,-1.214367408950064,70,True,True,True,False,55.849878648641024,0.001667462206052589,10,1000,50,full
0.0001,0,-1.2143674128499553,68,True,True,True,False,55.850207376634486,0.0016674748528669459,10,1000,50,full
0.0001,1,-1.2030648121467236,75,True,True,True,True,39.492386047153204,0.0012063512237447083,10,1000,50,full
0.0001,2,-1.2143674096173298,68,True,True,True,False,55.84993535223186,0.0016674643875204485,10,1000,50,full
0.0001,3,-1.2143674151274424,68,True,True,True,False,55.85039643857576,0.001667482126546234,10,1000,50,full
0.0001,4,-1.2143674153775714,70,True,True,True,False,55.85041706772356,0.0016674829201610236,10,1000,50,full
0.0001,5,-1.2030650261982445,135,True,True,True,False,39.52573740886216,0.0012070877290500592,10,1000,50,full
0.0001,6,-1.2143674158278823,73,True,True,True,False,55.850454170858654,0.0016674843477147753,10,1000,50,full
0.0001,7,-1.2143674154499482,71,True,True,True,False,55.850423033404255,0.0016674831496699587,10,1000,50,full
0.0001,8,-1.2143674124464758,69,True,True,True,False,55.850173699123346,0.0016674735573625188,10,1000,50,full
0.0001,9,-1.21436740887801,70,True,True,True,False,55.84987251238656,0.0016674619699817035,10,1000,50,full
0.01,0,-1.2035694728384323,81,True,True,True,False,38.520401557154116,0.0011979564825009338,10,1000,51,full
0.01,1,-1.213477862726588,61,True,True,True,False,56.656762430599514,0.0017118547749744345,10,1000,51,full
0.01,2,-1.2134778632409906,65,True,True,True,False,56.656802535128236,0.0017118564871506606,10,1000,51,full
0.01,3,-1.2035697037602275,112,True,True,True,False,38.55616002024405,0.0011987623983776715,10,1000,51,full
0.01,4,-1.2134778610470591,77,True,True,True,False,56.656630260908706,0.0017118491271163314,10,1000,51,full
0.01,5,-1.213477865265503,63,True,True,True,False,56.65695995507104,0.001711863215201588,10,1000,51,full
0.01,6,-1.213477863300236,68,True,True,True,False,56.656807151858665,0.0017118566842456641,10,1000,51,full
0.01,7,-1.2134778607693284,68,True,True,True,False,56.656608306302275,0.001711848189174342,10,1000,51,full
0.01,8,-1.2035694724836952,80,True,True,True,True,38.52115567923198,0.0011979734615541384,10,1000,51,full
0.01,9,-1.2035694730470152,50,True,True,True,False,38.520090331022736,0.0011979494725066124,10,1000,51,full
0.001,0,-1.2035694732038404,81,True,True,True,False,38.51989376467277,0.0011979450499624727,10,1000,51,full
0.001,1,-1.2134778634972854,61,True,True,True,False,56.656822625419686,0.0017118573465504782,10,1000,51,full
0.001,2,-1.213477863038446,65,True,True,True,False,56.65678671809998,0.001711855811424397,10,1000,51,full
0.001,3,-1.2035696987477131,113,True,True,True,False,38.5557880669136,0.0011987540067581585,10,1000,51,full
0.001,4,-1.2134778612569581,77,True,True,True,False,56.65664682851492,0.0017118498348922201,10,1000,51,full
0.001,5,-1.2035694735059594,75,True,True,True,False,38.51955323859452,0.0011979373835112538,10,1000,51,full
0.001,6,-1.2134778629899299,68,True,True,True,False,56.656782920193834,0.0017118556490345633,10,1000,51,full
0.001,7,-1.2134778603315675,68,True,True,True,False,56.65657363922275,0.0017118467081916272,10,1000,51,full
0.001,8,-1.203569472484727,80,True,True,True,False,38.52115246094956,0.0011979733890931704,10,1000,51,full
0.001,9,-1.2035694738261271,50,True,True,True,False,38.519235109439975,0.0011979302184703892,10,1000,51,full
0.0001,0,-1.2035694732497653,81,True,True,True,False,38.51983847020372,0.0011979438050720146,10,1000,51,full
0.0001,1,-1.2134778635698082,61,True,True,True,False,56.65682827738789,0.0017118575880078982,10,1000,51,full
0.0001,2,-1.2134778630175294,65,True,True,True,False,56.656785083029554,0.0017118557415705669,10,1000,51,full
0.0001,3,-1.203569699063442,113,True,True,True,False,38.55581161640405,0.001198754538051661,10,1000,51,full
0.0001,4,-1.213477861278875,77,True,True,True,False,56.656648558441304,0.0017118499087953824,10,1000,51,full
0.0001,5,-1.2134778615707775,63,True,True,True,False,56.65667183058886,0.001711850906140945,10,1000,51,full
0.0001,6,-1.2134778629579481,68,True,True,True,False,56.656780419929994,0.0017118555422197981,10,1000,51,full
0.0001,7,-1.213477860284847,68,True,True,True,False,56.65656993428842,0.0017118465499171168,10,1000,51,full
0.0001,8,-1.2035694724846027,80,True,True,True,False,38.52115284158147,0.0011979733976629425,10,1000,51,full
0.0001,9,-1.2035694738947091,50,True,True,True,False,38.519172331246466,0.0011979288051509748,10,1000,51,full
0.01,0,-1.250815445884831,97,True,True,True,False,50.16899513381349,0.0019622899676303243,10,2000,42,full
0.01,1,-1.245163908660838,77,True,True,True,False,38.13238752523003,0.0013470943475910426,10,2000,42,full
0.01,2,-1.2508154473363657,92,True,True,True,False,50.169116594516524,0.0019623013775936686,10,2000,42,full
0.01,3,-1.2508154454040226,88,True,True,True,False,50.16895448822126,0.0019622861494135056,10,2000,42,full
0.01,4,-1.2508154470992103,95,True,True,True,False,50.169096874385,0.0019622995250897822,10,2000,42,full
0.01,5,-1.2508154458333947,85,True,True,True,False,50.16899079532555,0.0019622895600747673,10,2000,42,full
0.01,6,-1.2508154471248967,92,True,True,True,False,50.16909901043151,0.001962299725749683,10,2000,42,full
0.01,7,-1.2508154483998073,92,True,True,True,False,50.16920444004701,0.0019623096297969283,10,2000,42,full
0.01,8,-1.2508154451167839,87,True,True,True,False,50.16893011162771,0.0019622838594943437,10,2000,42,full
0.01,9,-1.2451639086512067,77,True,True,True,False,38.13239133524899,0.0013470945906108739,10,2000,42,full
0.001,0,-1.250815445634742,97,True,True,True,False,50.1689740187486,0.00196228798409483,10,2000,42,full
0.001,1,-1.2451639087574717,77,True,True,True,False,38.13234924361091,0.0013470918998299737,10,2000,42,full
0.001,2,-1.2508154473484894,92,True,True,True,False,50.16911760064618,0.0019623014721093794,10,2000,42,full
0.001,3,-1.2508154453455245,88,True,True,True,False,50.16894953163271,0.0019622856837939076,10,2000,42,full
0.001,4,-1.2508154469224617,95,True,True,True,False,50.169082145663985,0.0019622981414804826,10,2000,42,full
0.001,5,-1.2508154464894814,84,True,True,True,False,50.16904595114341,0.0019622947413805987,10,2000,42,full
0.001,6,-1.2508154468817498,92,True,True,True,False,50.16907875081494,0.0019622978225681464,10,2000,42,full
0.001,7,-1.2508154482902405,92,True,True,True,False,50.16919543395148,0.0019623087837652826,10,2000,42,full
0.001,8,-1.25081544771242,87,True,True,True,False,50.16914776634464,0.001962304305869815,10,2000,42,full
0.001,9,-1.2451639085082138,77,True,True,True,False,38.13244961585926,0.0013470983171135816,10,2000,42,full
0.0001,0,-1.2508154456086578,97,True,True,True,False,50.16897181231392,0.001962287776825698,10,2000,42,full
0.0001,1,-1.2451639087680777,77,True,True,True,False,38.13234509663376,0.0013470916346676276,10,2000,42,full
0.0001,2,-1.250815447349856,92,True,True,True,False,50.16911771373683,0.0019623014827344345,10,2000,42,full
0.0001,3,-1.25081544533455,88,True,True,True,False,50.16894859900087,0.001962285596183514,10,2000,42,full
0.0001,4,-1.2508154469051638,95,True,True,True,False,50.16908070416572,0.001962298006066922,10,2000,42,full
0.0001,5,-1.2508154460944434,84,True,True,True,False,50.16901278625951,0.0019622916258889623,10,2000,42,full
0.0001,6,-1.250815446856595,92,True,True,True,False,50.16907665048388,0.001962297625262157,10,2000,42,full
0.0001,7,-1.2508154482792426,92,True,True,True,False,50.16919452663381,0.001962308698529587,10,2000,42,full
0.0001,8,-1.2508154481569926,87,True,True,True,False,50.16918446495062,0.001962307753334035,10,2000,42,full
0.0001,9,-1.2451639084936583,77,True,True,True,True,38.13245565665724,0.0013470987033651798,10,2000,42,full
0.01,0,-1.2203085044324757,90,True,True,True,False,51.72626234093958,0.0018960099221906196,10,2000,43,full
0.01,1,-1.220308503432399,84,True,True,True,False,51.72616495384948,0.0018960022875581864,10,2000,43,full
0.01,2,-1.2133515412838012,69,True,True,True,False,39.40108986313768,0.001358802211064185,10,2000,43,full
0.01,3,-1.220308504697175,88,True,True,True,False,51.7262879224507,0.0018960119276589889,10,2000,43,full
0.01,4,-1.2203085029539946,97,True,True,True,False,51.726117949051755,0.0018959986026337685,10,2000,43,full
0.01,5,-1.2203085031381349,83,True,True,True,False,51.72613607555107,0.0018960000236529597,10,2000,43,full
0.01,6,-1.220308504983465,87,True,True,True,False,51.72631550116654,0.0018960140896920968,10,2000,43,full
0.01,7,-1.2203085022941151,87,True,True,True,False,51.72605265934695,0.001895993484279946,10,2000,43,full
0.01,8,-1.2133515409966926,86,True,True,True,False,39.40120214818665,0.0013588076509707487,10,2000,43,full
0.01,9,-1.220308503824389,80,True,True,True,False,51.72620326372411,0.001896005290849081,10,2000,43,full
0.001,0,-1.2203085043736512,90,True,True,True,False,51.726256643558095,0.0018960094755455198,10,2000,43,full
0.001,1,-1.2203085033317407,84,True,True,True,False,51.72615508938761,0.0018960015142367316,10,2000,43,full
0.001,2,-1.2133515420799097,69,True,True,True,False,39.40079972143831,0.0013587881510804286,10,2000,43,full
0.001,3,-1.2203085043940607,88,True,True,True,False,51.72625862337308,0.0018960096307596196,10,2000,43,full
0.001,4,-1.2203085029011702,97,True,True,True,False,51.726112741168144,0.0018959981943651955,10,2000,43,full
0.001,5,-1.2203085030057788,83,True,True,True,False,51.72612305026988,0.0018959990025438581,10,2000,43,full
0.001,6,-1.220308504979121,87,True,True,True,False,51.7263150824305,0.0018960140568664086,10,2000,43,full
0.001,7,-1.2203085021857891,87,True,True,True,False,51.72604188774282,0.0018959926398482727,10,2000,43,full
0.001,8,-1.213351540867931,86,True,True,True,False,39.401254141588524,0.001358810170474371,10,2000,43,full
0.001,9,-1.2203085036284622,80,True,True,True,False,51.72618413804336,0.001896003791495843,10,2000,43,full
0.0001,0,-1.2203085043672748,90,True,True,True,False,51.7262560278754,0.001896009427279222,10,2000,43,full
0.0001,1,-1.2203085033214636,84,True,True,True,False,51.72615407845879,0.0018960014349844615,10,2000,43,full
0.0001,2,-1.2133515421679932,69,True,True,True,False,39.400769308180564,0.0013587866772688847,10,2000,43,full
0.0001,3,-1.2203085043599726,88,True,True,True,False,51.72625532034368,0.0018960093718202499,10,2000,43,full
0.0001,4,-1.2203085028956275,97,True,True,True,False,51.72611219543459,0.001895998151583077,10,2000,43,full
0.0001,5,-1.2203085029934246,83,True,True,True,False,51.72612183382499,0.0018959989071793632,10,2000,43,full
0.0001,6,-1.2203085049786608,87,True,True,True,False,51.72631503879343,0.0018960140534445482,10,2000,43,full
0.0001,7,-1.2203085021745816,87,True,True,True,False,51.726040771941264,0.0018959925523750333,10,2000,43,full
0.0001,8,-1.2133515408547593,86,True,True,True,True,39.401259519582,0.0013588104310808776,10,2000,43,full
0.0001,9,-1.2203085036080665,80,True,True,True,False,51.72618214775631,0.0018960036354682137,10,2000,43,full
0.01,0,-1.1982991737426418,83,True,True,True,False,52.887355630740196,0.0018575407805900797,10,2000,44,full
0.01,1,-1.1878709497384499,77,True,True,True,True,40.33102429724907,0.001319560191452805,10,2000,44,full
0.01,2,-1.1982991739142037,78,True,True,True,False,52.8873723132334,0.0018575420638060917,10,2000,44,full
0.01,3,-1.1982991766351327,82,True,True,True,False,52.887632208551196,0.0018575620553442803,10,2000,44,full
0.01,4,-1.1982991750340382,73,True,True,True,False,52.887480324079704,0.0018575503720527178,10,2000,44,full
0.01,5,-1.1982991770361533,79,True,True,True,False,52.887669795544625,0.0018575649465858524,10,2000,44,full
0.01,6,-1.1982991768596398,75,True,True,True,False,52.887653273881675,0.0018575636756970842,10,2000,44,full
0.01,7,-1.1982991763270447,81,True,True,True,False,52.88760320727209,0.0018575598244337267,10,2000,44,full
0.01,8,-1.1982991752297996,77,True,True,True,False,52.88749905199985,0.001857551812624287,10,2000,44,full
0.01,9,-1.1982991743660074,78,True,True,True,False,52.88741607327383,0.0018575454298334515,10,2000,44,full
0.001,0,-1.1982991736755808,83,True,True,True,False,52.88734910148918,0.0018575402783632673,10,2000,44,full
0.001,1,-1.1878709499005446,77,True,True,True,False,40.330948926625304,0.0013195565669720346,10,2000,44,full
0.001,2,-1.198299173804761,78,True,True,True,False,52.88736167677922,0.0018575412456505085,10,2000,44,full
0.001,3,-1.1982991741208044,82,True,True,True,False,52.8873923554592,0.0018575436055161098,10,2000,44,full
0.001,4,-1.1982991750213783,73,True,True,True,False,52.88747911370262,0.0018575502789491625,10,2000,44,full
0.001,5,-1.1982991734945632,80,True,True,True,False,52.88733144695125,0.001857538920384979,10,2000,44,full
0.001,6,-1.1982991769997073,75,True,True,True,False,52.88766638856883,0.0018575646845172791,10,2000,44,full
0.001,7,-1.198299176468884,81,True,True,True,False,52.887616572124266,0.0018575608524904795,10,2000,44,full
0.001,8,-1.1982991750854184,77,True,True,True,False,52.887485245114384,0.0018575507505838341,10,2000,44,full
0.001,9,-1.1982991743107019,78,True,True,True,False,52.88741073104414,0.0018575450189088258,10,2000,44,full
0.0001,0,-1.1982991736686364,83,True,True,True,False,52.88734842489072,0.0018575402263193007,10,2000,44,full
0.0001,1,-1.187870949917385,77,True,True,True,False,40.33094125520873,0.0013195561980621166,10,2000,44,full
0.0001,2,-1.1982991737935917,78,True,True,True,False,52.88736059050407,0.001857541162092573,10,2000,44,full
0.0001,3,-1.1982991738641904,82,True,True,True,False,52.88736745779486,0.001857541690387696,10,2000,44,full
0.0001,4,-1.1982991750210656,73,True,True,True,False,52.887479081274016,0.0018575502764556376,10,2000,44,full
0.0001,5,-1.198299173504873,80,True,True,True,False,52.887332456875214,0.0018575389980664638,10,2000,44,full
0.0001,6,-1.1982991770141729,75,True,True,True,False,52.887667741575115,0.0018575647885935938,10,2000,44,full
0.0001,7,-1.19829917647774,81,True,True,True,False,52.88761740703885,0.0018575609167149113,10,2000,44,full
0.0001,8,-1.1982991750706158,77,True,True,True,False,52.88748382774858,0.001857550641558604,10,2000,44,full
0.0001,9,-1.1982991743054743,78,True,True,True,False,52.88741022523943,0.0018575449800027955,10,2000,44,full
0.01,0,-1.2373055916073168,86,True,True,True,False,53.598556852796015,0.0018177874989306893,10,2000,45,full
0.01,1,-1.237305588869003,85,True,True,True,False,53.59825034754482,0.001817769390841569,10,2000,45,full
0.01,2,-1.2373055912943658,89,True,True,True,False,53.598522290636936,0.0018177854569985281,10,2000,45,full
0.01,3,-1.2373055917704774,79,True,True,True,False,53.59857482094589,0.0018177885604934462,10,2000,45,full
0.01,4,-1.237305592177494,77,True,True,True,False,53.598619517335486,0.001817791201172938,10,2000,45,full
0.01,5,-1.237305592035555,81,True,True,True,False,53.598603954127704,0.0018177902816881504,10,2000,45,full
0.01,6,-1.2373055513814972,93,True,True,True,False,53.584768901814,0.0018169734476898205,10,2000,45,full
0.01,7,-1.237305592081307,83,True,True,True,False,53.59860897027588,0.0018177905780458307,10,2000,45,full
0.01,8,-1.237305591635582,81,True,True,True,False,53.598559966927105,0.001817787682914799,10,2000,45,full
0.01,9,-1.2251834860209505,120,True,True,True,False,39.77694263494276,0.0013200740354820347,10,2000,45,full
0.001,0,-1.2373055913066797,86,True,True,True,False,53.598523652891664,0.0018177855374813194,10,2000,45,full
0.001,1,-1.2373055923624974,84,True,True,True,False,53.59863976644211,0.0018177923974958025,10,2000,45,full
0.001,2,-1.2373055912812898,89,True,True,True,False,53.59852084474688,0.001817785371576197,10,2000,45,full
0.001,3,-1.2373055919313045,79,True,True,True,False,53.598592504863404,0.0018177896052634197,10,2000,45,full
0.001,4,-1.2373055921667344,77,True,True,True,False,53.59861833663632,0.001817791131417177,10,2000,45,full
0.001,5,-1.2373055920454494,81,True,True,True,False,53.59860503704691,0.0018177903456687615,10,2000,45,full
0.001,6,-1.2373055515240363,92,True,True,True,False,53.584725185856826,0.0018169708684024157,10,2000,45,full
0.001,7,-1.2373055920618043,83,True,True,True,False,53.59860683294757,0.0018177904517714856,10,2000,45,full
0.001,8,-1.2373055915373656,81,True,True,True,False,53.59854913765596,0.0018177870431202582,10,2000,45,full
0.001,9,-1.2251834855684647,121,True,True,True,True,39.77690020621491,0.001320072409854774,10,2000,45,full
0.0001,0,-1.2373055912758173,86,True,True,True,False,53.59852023883801,0.0018177853357788322,10,2000,45,full
0.0001,1,-1.2373055923306437,84,True,True,True,False,53.5986362815883,0.001817792191610148,10,2000,45,full
0.0001,2,-1.2373055912797466,89,True,True,True,False,53.59852067479602,0.0018177853615360877,10,2000,45,full
0.0001,3,-1.2373055919471643,79,True,True,True,False,53.59859424799419,0.001817789708248016,10,2000,45,full
0.0001,4,-1.237305592165549,77,True,True,True,False,53.59861820892939,0.0018177911238713125,10,2000,45,full
0.0001,5,-1.2373055920463947,81,True,True,True,False,53.59860514302482,0.0018177903519292576,10,2000,45,full
0.0001,6,-1.2373055512330235,92,True,True,True,False,53.58481500793619,0.0018169761680103041,10,2000,45,full
0.0001,7,-1.2373055920598646,83,True,True,True,False,53.59860662054379,0.0018177904392226091,10,2000,45,full
0.0001,8,-1.2373055915272546,81,True,True,True,False,53.59854802116723,0.0018177869771583723,10,2000,45,full
0.0001,9,-1.2251834859555963,121,True,True,True,False,39.77693651781388,0.0013200738011086201,10,2000,45,full
0.01,0,-1.273456580751357,86,True,True,True,False,54.30529733459477,0.0017814140221986514,10,2000,46,full
0.01,1,-1.2734565805310465,92,True,True,True,False,54.30526830442138,0.001781412590862969,10,2000,46,full
0.01,2,-1.2734565824002404,82,True,True,True,False,54.305512478399486,0.0017814246300413125,10,2000,46,full
0.01,3,-1.2734565833382403,85,True,True,True,False,54.30563325296187,0.0017814305850478226,10,2000,46,full
0.01,4,-1.273456580283376,87,True,True,True,False,54.3052355901208,0.0017814109778887279,10,2000,46,full
0.01,5,-1.262295671395969,72,True,True,True,False,39.72916525759066,0.001304861641975698,10,2000,46,full
0.01,6,-1.2734565822796202,74,True,True,True,False,54.30549686620493,0.0017814238602685115,10,2000,46,full
0.01,7,-1.2734565800834148,86,True,True,True,False,54.305209114773845,0.0017814096725282944,10,2000,46,full
0.01,8,-1.2622957310259078,85,True,True,True,False,39.744002824436734,0.0013053955654248842,10,2000,46,full
0.01,9,-1.2734565817935306,90,True,True,True,False,54.305433740335936,0.0017814207477641086,10,2000,46,full
0.001,0,-1.2734565805655065,86,True,True,True,False,54.30527284836453,0.0017814128149016575,10,2000,46,full
0.001,1,-1.2734565805243176,92,True,True,True,False,54.30526741288862,0.0017814125469055692,10,2000,46,full
0.001,2,-1.2734565823841935,82,True,True,True,False,54.30551040291278,0.0017814245277068571,10,2000,46,full
0.001,3,-1.2734565833324352,85,True,True,True,False,54.305632511001505,0.001781430548464284,10,2000,46,full
0.001,4,-1.2734565838700853,86,True,True,True,False,54.305701230667424,0.0017814339368499097,10,2000,46,full
0.001,5,-1.2622956712765758,72,True,True,True,False,39.72922930195178,0.001304863946702927,10,2000,46,full
0.001,6,-1.2734565827983504,67,True,True,True,False,54.30556389019492,0.0017814271651100933,10,2000,46,full
0.001,7,-1.2734565835980334,85,True,True,True,False,54.30566650571304,0.0017814322246506831,10,2000,46,full
0.001,8,-1.2622957309638307,85,True,True,True,False,39.743996572192984,0.001305395340450431,10,2000,46,full
0.001,9,-1.2734565817145977,90,True,True,True,False,54.30542345935443,0.0017814202408499135,10,2000,46,full
0.0001,0,-1.2734565805470852,86,True,True,True,False,54.30527042004566,0.0017814126951739276,10,2000,46,full
0.0001,1,-1.2734565805234748,92,True,True,True,False,54.3052673048945,0.0017814125415807217,10,2000,46,full
0.0001,2,-1.2734565823823447,82,True,True,True,False,54.30551016346247,0.0017814245159007694,10,2000,46,full
0.0001,3,-1.273456583331904,85,True,True,True,False,54.305632442340524,0.0017814305450795985,10,2000,46,full
0.0001,4,-1.2734565838437426,86,True,True,True,False,54.305697872128405,0.0017814337712490586,10,2000,46,full
0.0001,5,-1.2622956712644473,72,True,True,True,True,39.729235897093936,0.0013048641840382482,10,2000,46,full
0.0001,6,-1.2734565826269042,65,True,True,True,False,54.30554179064711,0.0017814260755866906,10,2000,46,full
0.0001,7,-1.2734565835671834,85,True,True,True,False,54.30566255729175,0.0017814320299646223,10,2000,46,full
0.0001,8,-1.2622957309573473,85,True,True,True,False,39.74399592180344,0.0013053953170485272,10,2000,46,full
0.0001,9,-1.2734565817062895,90,True,True,True,False,54.30542238183872,0.0017814201877211046,10,2000,46,full
0.01,0,-1.2819898600851098,92,True,True,True,False,51.41343198631821,0.0018621131515212704,10,2000,47,full
0.01,1,-1.2819898616745735,83,True,True,True,False,51.41362639613548,0.0018621248120455375,10,2000,47,full
0.01,2,-1.2819898595154855,82,True,True,True,False,51.41336139279533,0.0018621089156508406,10,2000,47,full
0.01,3,-1.2819898607116786,85,True,True,True,False,51.41350896067981,0.0018621177676000052,10,2000,47,full
0.01,4,-1.269183225765973,84,True,True,True,True,38.373087402015955,0.0013200264253180804,10,2000,47,full
0.01,5,-1.2819898594824957,77,True,True,True,False,51.41335729273555,0.0018621086697109715,10,2000,47,full
0.01,6,-1.2819898603432511,81,True,True,True,False,51.413463716299866,0.0018621150536898984,10,2000,47,full
0.01,7,-1.281989861119133,83,True,True,True,False,51.41355880085313,0.0018621207573841845,10,2000,47,full
0.01,8,-1.2819898591618684,100,True,True,True,False,51.41331747314025,0.0018621062821804499,10,2000,47,full
0.01,9,-1.2691832265933638,73,True,True,True,False,38.37252393925666,0.0013200030130607662,10,2000,47,full
0.001,0,-1.2819898600514679,92,True,True,True,False,51.41342783499375,0.001862112902500135,10,2000,47,full
0.001,1,-1.2819898614354805,83,True,True,True,False,51.41359733983078,0.0018621230690564945,10,2000,47,full
0.001,2,-1.2819898594436823,82,True,True,True,False,51.41335246881322,0.0018621083803422474,10,2000,47,full
0.001,3,-1.2819898593401429,84,True,True,True,False,51.413339599378595,0.00186210760835531,10,2000,47,full
0.001,4,-1.2691832267233798,84,True,True,True,False,38.372450314860735,0.0013199999538518901,10,2000,47,full
0.001,5,-1.2819898604255404,77,True,True,True,False,51.413473828730254,0.0018621156602140032,10,2000,47,full
0.001,6,-1.2819898599062336,81,True,True,True,False,51.413409806269186,0.0018621118198359574,10,2000,47,full
0.001,7,-1.2819898607792983,83,True,True,True,False,51.4135172451024,0.001862118264599968,10,2000,47,full
0.001,8,-1.281989859123133,100,True,True,True,False,51.413312645863556,0.0018621059925954088,10,2000,47,full
0.001,9,-1.2691832268229017,73,True,True,True,False,38.37239583806027,0.0013199976904439135,10,2000,47,full
0.0001,0,-1.2819898600480626,92,True,True,True,False,51.41342741411834,0.0018621128772523168,10,2000,47,full
0.0001,1,-1.2819898614109868,83,True,True,True,False,51.413594361084975,0.0018621228903724298,10,2000,47,full
0.0001,2,-1.2819898594364056,82,True,True,True,False,51.41335156960613,0.0018621083264036536,10,2000,47,full
0.0001,3,-1.2819898593139727,84,True,True,True,False,51.41333634195174,0.0018621074129578229,10,2000,47,full
0.0001,4,-1.2691832268643657,84,True,True,True,False,38.37237356813144,0.0013199967650256788,10,2000,47,full
0.0001,5,-1.2819898605172628,77,True,True,True,False,51.413485104030975,0.0018621163365745536,10,2000,47,full
0.0001,6,-1.281989859861761,81,True,True,True,False,51.41340430746261,0.0018621114899840532,10,2000,47,full
0.0001,7,-1.2819898607454743,83,True,True,True,False,51.41351310479768,0.0018621180162376012,10,2000,47,full
0.0001,8,-1.2819898591182302,100,True,True,True,False,51.41331203282462,0.0018621059558195931,10,2000,47,full
0.0001,9,-1.269183226847289,73,True,True,True,False,38.37238271734566,0.0013199971452784469,10,2000,47,full
0.01,0,-1.2912396553807641,97,True,True,True,False,51.293282780449374,0.0018410759322996394,10,2000,48,full
0.01,1,-1.2786165964323968,117,True,True,True,True,38.716827610983955,0.0013208290150447505,10,2000,48,full
0.01,2,-1.2912396557273143,86,True,True,True,False,51.293320420382074,0.0018410783411237537,10,2000,48,full
0.01,3,-1.2912396539503115,80,True,True,True,False,51.29312606929963,0.0018410659034733485,10,2000,48,full
0.01,4,-1.2912396556328407,87,True,True,True,False,51.29331017503094,0.0018410776854557922,10,2000,48,full
0.01,5,-1.2912396548792355,90,True,True,True,False,51.29322808365123,0.0018410724319154904,10,2000,48,full
0.01,6,-1.2912396549280383,89,True,True,True,False,51.29323341736691,0.0018410727732515193,10,2000,48,full
0.01,7,-1.2912396541982776,95,True,True,True,False,51.29315338923789,0.001841067651800355,10,2000,48,full
0.01,8,-1.2912396563127218,92,True,True,True,False,51.29338372574002,0.0018410823924691429,10,2000,48,full
0.01,9,-1.291239654948458,95,True,True,True,False,51.29323564768938,0.0018410729159841542,10,2000,48,full
0.001,0,-1.2912396562697053,96,True,True,True,False,51.29337908478792,0.0018410820954639679,10,2000,48,full
0.001,1,-1.278616597596342,114,True,True,True,False,38.71693701417455,0.0013208332867814898,10,2000,48,full
0.001,2,-1.2912396557782129,86,True,True,True,False,51.29332593858227,0.0018410786942693713,10,2000,48,full
0.001,3,-1.2912396543441578,80,True,True,True,False,51.29316943390474,0.0018410686786046113,10,2000,48,full
0.001,4,-1.291239655251411,87,True,True,True,False,51.29326869905745,0.0018410750311434853,10,2000,48,full
0.001,5,-1.2912396549336531,90,True,True,True,False,51.29323403082128,0.0018410728125090711,10,2000,48,full
0.001,6,-1.2912396549187999,89,True,True,True,False,51.293232408540945,0.001841072708691335,10,2000,48,full
0.001,7,-1.2912396542720417,95,True,True,True,False,51.293161505473186,0.0018410681712018615,10,2000,48,full
0.001,8,-1.291239656171343,92,True,True,True,False,51.29336846827015,0.001841081416035295,10,2000,48,full
0.001,9,-1.2912396551422614,95,True,True,True,False,51.29325680198084,0.001841074269775076,10,2000,48,full
0.0001,0,-1.2912396559752612,96,True,True,True,False,51.29334727612425,0.0018410800598049329,10,2000,48,full
0.0001,1,-1.2786165965003213,114,True,True,True,False,38.716834022761276,0.0013208292653983115,10,2000,48,full
0.0001,2,-1.2912396557835741,86,True,True,True,False,51.293326521653185,0.0018410787315835653,10,2000,48,full
0.0001,3,-1.291239654385431,80,True,True,True,False,51.293173968651544,0.001841068968807494,10,2000,48,full
0.0001,4,-1.29123965521628,87,True,True,True,False,51.293264870486496,0.001841074786129417,10,2000,48,full
0.0001,5,-1.2912396549393907,90,True,True,True,False,51.293234661217035,0.0018410728528522231,10,2000,48,full
0.0001,6,-1.2912396549178669,89,True,True,True,False,51.293232305817824,0.0018410727021170765,10,2000,48,full
0.0001,7,-1.2912396542800444,95,True,True,True,False,51.29316238531819,0.0018410682275078166,10,2000,48,full
0.0001,8,-1.2912396561563397,92,True,True,True,False,51.293366846842666,0.0018410813122677996,10,2000,48,full
0.0001,9,-1.291239655165741,95,True,True,True,False,51.2932593605275,0.001841074433511419,10,2000,48,full
0.01,0,-1.2468529280051595,86,True,True,True,False,51.26467583212564,0.0018611397690535003,10,2000,49,full
0.01,1,-1.2468529275966191,76,True,True,True,False,51.26463037396176,0.001861137084168906,10,2000,49,full
0.01,2,-1.2468528836657602,98,True,True,True,False,51.2506063801314,0.0018603095249492474,10,2000,49,full
0.01,3,-1.2468529259954453,77,True,True,True,False,51.26445034246626,0.001861126451294082,10,2000,49,full
0.01,4,-1.2468529278873253,82,True,True,True,False,51.26466273793178,0.0018611389956424713,10,2000,49,full
0.01,5,-1.232581201994013,105,True,True,True,False,38.2427091013891,0.0013508311398267314,10,2000,49,full
0.01,6,-1.2325811361951307,78,True,True,True,False,38.22710888903071,0.0013502310462099373,10,2000,49,full
0.01,7,-1.2468529251228453,87,True,True,True,False,51.26435092865091,0.0018611205798928923,10,2000,49,full
0.01,8,-1.246852883844305,65,True,True,True,False,51.25054143194908,0.001860305697082269,10,2000,49,full
0.01,9,-1.2468529273044013,80,True,True,True,False,51.264597744519094,0.0018611351570307637,10,2000,49,full
0.001,0,-1.246852928006499,86,True,True,True,False,51.26467598008658,0.0018611397777909388,10,2000,49,full
0.001,1,-1.2468529274847788,76,True,True,True,False,51.26461789753702,0.0018611363472896944,10,2000,49,full
0.001,2,-1.2468528826146197,99,True,True,True,False,51.25102243012704,0.0018603340552774217,10,2000,49,full
0.001,3,-1.2468529257565388,77,True,True,True,False,51.26442321604555,0.0018611248491944858,10,2000,49,full
0.001,4,-1.2468529278390208,82,True,True,True,False,51.26465736686386,0.0018611386784166647,10,2000,49,full
0.001,5,-1.2325812032683445,105,True,True,True,False,38.242831140738254,0.001350835834306708,10,2000,49,full
0.001,6,-1.2325811352495502,80,True,True,True,True,38.22765221117693,0.0013502519449927939,10,2000,49,full
0.001,7,-1.246852924971319,87,True,True,True,False,51.26433357030262,0.001861119554713196,10,2000,49,full
0.001,8,-1.2468528831143064,66,True,True,True,False,51.250817926807855,0.0018603219985673923,10,2000,49,full
0.001,9,-1.2468529269389026,80,True,True,True,False,51.26455679238442,0.0018611327383372407,10,2000,49,full
0.0001,0,-1.2468529280066658,86,True,True,True,False,51.264675998339335,0.0018611397788688042,10,2000,49,full
0.0001,1,-1.2468529274729838,76,True,True,True,False,51.264616580972096,0.0018611362695318682,10,2000,49,full
0.0001,2,-1.2468528827347662,99,True,True,True,False,51.25097183476859,0.001860331072105091,10,2000,49,full
0.0001,3,-1.246852925732248,77,True,True,True,False,51.26442045637061,0.00186112468620764,10,2000,49,full
0.0001,4,-1.2468529278342184,82,True,True,True,False,51.264656834716234,0.0018611386469864523,10,2000,49,full
0.0001,5,-1.232581203413453,105,True,True,True,False,38.24284496817742,0.0013508363662049548,10,2000,49,full
0.0001,6,-1.2325811355480343,80,True,True,True,False,38.22746550738214,0.0013502447629935481,10,2000,49,full
0.0001,7,-1.2468529249551208,87,True,True,True,False,51.26433171367352,0.001861119445062101,10,2000,49,full
0.0001,8,-1.2468528832814392,66,True,True,True,False,51.25075241332808,0.001860318135903124,10,2000,49,full
0.0001,9,-1.246852926899459,80,True,True,True,False,51.26455236228697,0.0018611324766901144,10,2000,49,full
0.01,0,-1.2468413170436625,71,True,True,True,False,52.42201298555846,0.001900754434374756,10,2000,50,full
0.01,1,-1.2323050377414095,148,True,True,True,False,38.81785025379139,0.0013396954664996556,10,2000,50,full
0.01,2,-1.2468413146372928,68,True,True,True,False,52.42174231578725,0.001900736207242268,10,2000,50,full
0.01,3,-1.246841314706403,76,True,True,True,False,52.42175017785574,0.0019007367361572785,10,2000,50,full
0.01,4,-1.2323049717409127,66,True,True,True,False,38.80288059029006,0.00133912973508807,10,2000,50,full
0.01,5,-1.23230497175243,82,True,True,True,False,38.80287096648335,0.0013391293713201548,10,2000,50,full
0.01,6,-1.2323050361475592,88,True,True,True,False,38.81769020742303,0.0013396894174963956,10,2000,50,full
0.01,7,-1.2468412812631509,89,True,True,True,False,52.411850979906454,0.0019000708041992515,10,2000,50,full
0.01,8,-1.2468413158649163,82,True,True,True,False,52.42188404781658,0.0019007457839638239,10,2000,50,full
0.01,9,-1.2468413142924535,72,True,True,True,False,52.42170290845737,0.0019007335551614666,10,2000,50,full
0.001,0,-1.246841316982462,71,True,True,True,False,52.4220062298191,0.0019007539796496126,10,2000,50,full
0.001,1,-1.2323050374308815,150,True,True,True,False,38.81781922426863,0.0013396942937275072,10,2000,50,full
0.001,2,-1.246841314424861,68,True,True,True,False,52.42171808633303,0.0019007345769442483,10,2000,50,full
0.001,3,-1.2468413148758077,76,True,True,True,False,52.42176943304597,0.001900738031766882,10,2000,50,full
0.001,4,-1.2323049717275374,66,True,True,True,False,38.80289183293128,0.001339130159927386,10,2000,50,full
0.001,5,-1.2323049716430772,82,True,True,True,False,38.80296470764155,0.0013391329136338496,10,2000,50,full
0.001,6,-1.232305035916138,88,True,True,True,False,38.81766680846934,0.0013396885331257088,10,2000,50,full
0.001,7,-1.2468413171425394,73,True,True,True,False,52.422022752318476,0.0019007550767538577,10,2000,50,full
0.001,8,-1.2468413155831368,82,True,True,True,False,52.42185230863502,0.0019007436468382116,10,2000,50,full
0.001,9,-1.2468413142365637,72,True,True,True,False,52.42169651257313,0.0019007331248142327,10,2000,50,full
0.0001,0,-1.246841316976524,71,True,True,True,False,52.4220055722508,0.0019007539353876586,10,2000,50,full
0.0001,1,-1.2323050384276235,150,True,True,True,False,38.81791857200724,0.0013396980486145209,10,2000,50,full
0.0001,2,-1.2468413144033292,68,True,True,True,False,52.42171562817722,0.0019007344115444108,10,2000,50,full
0.0001,3,-1.2468413148930155,76,True,True,True,False,52.42177138372846,0.0019007381630217347,10,2000,50,full
0.0001,4,-1.2323049717258596,66,True,True,True,False,38.802893255167014,0.001339130213671535,10,2000,50,full
0.0001,5,-1.232304971632198,82,True,True,True,True,38.80297435100132,0.0013391332780389345,10,2000,50,full
0.0001,6,-1.2323050358974097,88,True,True,True,False,38.8176649118506,0.001339688461443066,10,2000,50,full
0.0001,7,-1.2468413146965722,74,True,True,True,False,52.42174906827743,0.0019007366616282544,10,2000,50,full
0.0001,8,-1.2468413155536002,82,True,True,True,False,52.42184897530472,0.0019007434223913928,10,2000,50,full
0.0001,9,-1.24684131423086,72,True,True,True,False,52.42169585575529,0.0019007330806202663,10,2000,50,full
0.01,0,-1.2404930354817518,78,True,True,True,False,52.07889705791334,0.001933349876753537,10,2000,51,full
0.01,1,-1.2404930353695438,75,True,True,True,False,52.07888377866465,0.0019333490217740357,10,2000,51,full
0.01,2,-1.2404930342878375,74,True,True,True,False,52.078761376609684,0.0019333412084359786,10,2000,51,full
0.01,3,-1.2404930369675,76,True,True,True,False,52.079061795206066,0.001933360390745832,10,2000,51,full
0.01,4,-1.2404930343071627,79,True,True,True,False,52.07876322935981,0.0019333413229234043,10,2000,51,full
0.01,5,-1.24049303526361,77,True,True,True,False,52.07887184147089,0.0019333482594343335,10,2000,51,full
0.01,6,-1.2404930373189695,77,True,True,True,False,52.07910041667809,0.001933362856978613,10,2000,51,full
0.01,7,-1.2404930028968544,40,True,True,True,False,52.07088944777076,0.0019328445213565224,10,2000,51,full
0.01,8,-1.2404930373774048,63,True,True,True,False,52.079107080783096,0.0019333632856003366,10,2000,51,full
0.01,9,-1.2404930356475792,96,True,True,True,False,52.078927219274696,0.0019333519090428118,10,2000,51,full
0.001,0,-1.2404930353108075,78,True,True,True,False,52.078877797921145,0.0019333486466266148,10,2000,51,full
0.001,1,-1.2404930353477523,75,True,True,True,False,52.07888132013581,0.0019333488647588323,10,2000,51,full
0.001,2,-1.2404930373880434,73,True,True,True,False,52.07910846549889,0.0019333633760460248,10,2000,51,full
0.001,3,-1.2230141340726526,91,True,True,True,True,38.467909034848404,0.0013335649163584088,10,2000,51,full
0.001,4,-1.2404930376310022,78,True,True,True,False,52.07913460833749,0.0019333650409980247,10,2000,51,full
0.001,5,-1.240493035053439,77,True,True,True,False,52.07884809850048,0.0019333467430863696,10,2000,51,full
0.001,6,-1.2404930373172407,77,True,True,True,False,52.07910022462286,0.0019333628447153698,10,2000,51,full
0.001,7,-1.2404930350417473,75,True,True,True,False,52.078848950973,0.0019333468198768217,10,2000,51,full
0.001,8,-1.240493037043015,63,True,True,True,False,52.07907034210919,0.001933360939293413,10,2000,51,full
0.001,9,-1.2404930369249119,95,True,True,True,False,52.07907027286798,0.0019333610522856643,10,2000,51,full
0.0001,0,-1.2404930352931853,78,True,True,True,False,52.078875812912656,0.00193334851984491,10,2000,51,full
0.0001,1,-1.2404930353454702,75,True,True,True,False,52.07888106338443,0.0019333488483626992,10,2000,51,full
0.0001,2,-1.2404930373413152,73,True,True,True,False,52.079103336012075,0.0019333630483896653,10,2000,51,full
0.0001,3,-1.22301413418894,91,True,True,True,False,38.467920761701016,0.0013335653632562242,10,2000,51,full
0.0001,4,-1.240493037606725,78,True,True,True,False,52.07913195680973,0.0019333648716600448,10,2000,51,full
0.0001,5,-1.2404930350314112,77,True,True,True,False,52.07884560469817,0.001933346583819509,10,2000,51,full
0.0001,6,-1.240493037316927,77,True,True,True,False,52.07910019352191,0.0019333628427293512,10,2000,51,full
0.0001,7,-1.2404930373855456,77,True,True,True,False,52.07911402684214,0.0019333637866300693,10,2000,51,full
0.0001,8,-1.2404930370072313,63,True,True,True,False,52.07906640349263,0.001933360687753981,10,2000,51,full
0.0001,9,-1.2404930366826614,95,True,True,True,False,52.07904315959492,0.001933359317912236,10,2000,51,full
0.01,0,-1.2622828624761764,74,True,True,True,False,49.75590062807073,0.0019874996172640244,10,5000,42,full
0.01,1,-1.2622828621264965,74,True,True,True,False,49.75582537303722,0.001987492855840022,10,5000,42,full
0.01,2,-1.2622828626123956,68,True,True,True,False,49.75592981422774,0.001987502253911316,10,5000,42,full
0.01,3,-1.2567390055963188,81,True,True,True,False,37.479599691621445,0.0013652792362722158,10,5000,42,full
0.01,4,-1.2622828627272413,68,True,True,True,False,49.75595378886666,0.0019875043998455063,10,5000,42,full
0.01,5,-1.2622828630480736,75,True,True,True,False,49.75602048053606,0.0019875103947648775,10,5000,42,full
0.01,6,-1.262282863144659,58,True,True,True,False,49.75604067864252,0.0019875122262916654,10,5000,42,full
0.01,7,-1.2622828627884812,61,True,True,True,False,49.755966932715424,0.0019875055945746383,10,5000,42,full
0.01,8,-1.2622828624198084,61,True,True,True,False,49.755888920664404,0.001987498579104621,10,5000,42,full
0.01,9,-1.2622828621449391,59,True,True,True,False,49.755829934568105,0.001987493287880079,10,5000,42,full
0.001,0,-1.262282862294083,74,True,True,True,False,49.75586159816412,0.001987496108344396,10,5000,42,full
0.001,1,-1.2622828621128048,74,True,True,True,False,49.75582239243238,0.0019874925878382694,10,5000,42,full
0.001,2,-1.2622828626193312,68,True,True,True,False,49.75593128978793,0.0019875023865094568,10,5000,42,full
0.001,3,-1.2567390054649394,81,True,True,True,False,37.479574383284074,0.0013652781238710076,10,5000,42,full
0.001,4,-1.2622828626438989,68,True,True,True,False,49.755936252767775,0.0019875028232531856,10,5000,42,full
0.001,5,-1.2622828630728513,75,True,True,True,False,49.75602558568528,0.0019875108537179293,10,5000,42,full
0.001,6,-1.262282863217134,58,True,True,True,False,49.756055503535826,0.0019875135594530787,10,5000,42,full
0.001,7,-1.2622828627658296,61,True,True,True,False,49.755962191043714,0.001987505168198759,10,5000,42,full
0.001,8,-1.2622828624730327,61,True,True,True,False,49.7559002952398,0.0019874996018699746,10,5000,42,full
0.001,9,-1.262282862259635,59,True,True,True,False,49.75585480953066,0.001987495524617426,10,5000,42,full
0.0001,0,-1.262282862274952,74,True,True,True,False,49.75585746508382,0.0019874957367664843,10,5000,42,full
0.0001,1,-1.2622828621113424,74,True,True,True,False,49.75582208105187,0.0019874925598399765,10,5000,42,full
0.0001,2,-1.262282862620174,68,True,True,True,False,49.75593146293165,0.001987502402069218,10,5000,42,full
0.0001,3,-1.2567390054509864,81,True,True,True,True,37.4795716935715,0.0013652780056469373,10,5000,42,full
0.0001,4,-1.262282862635614,68,True,True,True,False,49.75593450538577,0.001987502666155029,10,5000,42,full
0.0001,5,-1.26228286307543,75,True,True,True,False,49.75602612245285,0.0019875109019729755,10,5000,42,full
0.0001,6,-1.2622828632254393,58,True,True,True,False,49.75605719006447,0.001987513711116526,10,5000,42,full
0.0001,7,-1.2622828627634455,61,True,True,True,False,49.75596169354765,0.0019875051234649684,10,5000,42,full
0.0001,8,-1.262282862478568,61,True,True,True,False,49.75590147533578,0.0019874997079772465,10,5000,42,full
0.0001,9,-1.2622828622715678,59,True,True,True,False,49.75585738272561,0.0019874957559975807,10,5000,42,full
0.01,0,-1.2442716100488915,97,True,True,True,True,37.83550030049916,0.001375479859869147,10,5000,43,full
0.01,1,-1.2488603734377244,68,True,True,True,False,49.93618473008329,0.001961487371964911,10,5000,43,full
0.01,2,-1.2488603736258201,65,True,True,True,False,49.936224560997466,0.001961490767580787,10,5000,43,full
0.01,3,-1.2488603726512142,64,True,True,True,False,49.93601403109626,0.001961472835803205,10,5000,43,full
0.01,4,-1.2488603736464012,75,True,True,True,False,49.936228537314705,0.001961491093829342,10,5000,43,full
0.01,5,-1.2488603728558787,35,True,True,True,False,49.936216610750094,0.001961495764547515,10,5000,43,full
0.01,6,-1.2488603734573829,68,True,True,True,False,49.936188819662426,0.001961487716995164,10,5000,43,full
0.01,7,-1.2488603733235975,63,True,True,True,False,49.936160536940406,0.001961485314910774,10,5000,43,full
0.01,8,-1.2488603733151786,65,True,True,True,False,49.936158625775924,0.001961485148483714,10,5000,43,full
0.01,9,-1.2488603728421634,60,True,True,True,False,49.936056484626086,0.001961476460819891,10,5000,43,full
0.001,0,-1.2442716100799494,97,True,True,True,False,37.83548185301174,0.00137547907560776,10,5000,43,full
0.001,1,-1.2488603734332204,68,True,True,True,False,49.93618377303801,0.0019614872904414895,10,5000,43,full
0.001,2,-1.2488603723702267,66,True,True,True,False,49.93595128695809,0.001961467499722393,10,5000,43,full
0.001,3,-1.2488603725670941,64,True,True,True,False,49.93599532458146,0.0019614712433913663,10,5000,43,full
0.001,4,-1.2488603723744496,76,True,True,True,False,49.93595200445708,0.001961467551904304,10,5000,43,full
0.001,5,-1.2488603726310905,42,True,True,True,False,49.93602685619696,0.0019614744966318593,10,5000,43,full
0.001,6,-1.248860365880205,44,True,True,True,False,49.93093951341408,0.0019610429842932572,10,5000,43,full
0.001,7,-1.2488603733286923,63,True,True,True,False,49.93616161678625,0.0019614854068413312,10,5000,43,full
0.001,8,-1.248860373592084,65,True,True,True,False,49.93621731402339,0.0019614901449030897,10,5000,43,full
0.001,9,-1.2488603729541894,60,True,True,True,False,49.93608098963492,0.00196147854699557,10,5000,43,full
0.0001,0,-1.2442716100831195,97,True,True,True,False,37.835479960029055,0.0013754789951308003,10,5000,43,full
0.0001,1,-1.2488603734326935,68,True,True,True,False,49.93618367232246,0.001961487281860775,10,5000,43,full
0.0001,2,-1.2488603723733398,66,True,True,True,False,49.935951992839634,0.0019614675598334224,10,5000,43,full
0.0001,3,-1.2488603725582372,64,True,True,True,False,49.9359933426416,0.001961471074676027,10,5000,43,full
0.0001,4,-1.2488603723759346,76,True,True,True,False,49.93595234652531,0.001961467581019779,10,5000,43,full
0.0001,5,-1.248860373165425,42,True,True,True,False,49.93614406773082,0.001961484475335262,10,5000,43,full
0.0001,6,-1.2488603661698299,45,True,True,True,False,49.930732053997964,0.0019610247633935433,10,5000,43,full
0.0001,7,-1.2488603733292347,63,True,True,True,False,49.93616173751109,0.001961485417118426,10,5000,43,full
0.0001,8,-1.248860373619655,65,True,True,True,False,49.936223106700126,0.0019614906380615786,10,5000,43,full
0.0001,9,-1.2488603729655996,60,True,True,True,False,49.936083460186495,0.001961478757324703,10,5000,43,full
0.01,0,-1.2727103719644715,70,True,True,True,False,50.99658448610412,0.0019475554558833444,10,5000,44,full
0.01,1,-1.272710372270485,69,True,True,True,False,50.996647523588315,0.0019475612214223525,10,5000,44,full
0.01,2,-1.2727103721058444,64,True,True,True,False,50.9966137363622,0.0019475581308601893,10,5000,44,full
0.01,3,-1.2727103728583768,62,True,True,True,False,50.996765982922874,0.0019475720658224736,10,5000,44,full
0.01,4,-1.272710372361165,61,True,True,True,False,50.99666612477621,0.0019475629275560063,10,5000,44,full
0.01,5,-1.2727103723607271,62,True,True,True,False,50.99666608333326,0.0019475629259463605,10,5000,44,full
0.01,6,-1.2727103721266297,64,True,True,True,False,50.99661808721978,0.0019475585317820965,10,5000,44,full
0.01,7,-1.2727103720438178,60,True,True,True,False,50.996601277561226,0.0019475570050674386,10,5000,44,full
0.01,8,-1.2727103721783453,65,True,True,True,False,50.99662872110977,0.0019475595047041387,10,5000,44,full
0.01,9,-1.2727103727246905,67,True,True,True,False,50.996739218713394,0.0019475696101997433,10,5000,44,full
0.001,0,-1.2727103719564195,70,True,True,True,False,50.996582814052005,0.0019475553029043504,10,5000,44,full
0.001,1,-1.2727103722716206,69,True,True,True,False,50.996647747088865,0.0019475612418754257,10,5000,44,full
0.001,2,-1.2727103720578758,64,True,True,True,False,50.99660383728963,0.001947557225377033,10,5000,44,full
0.001,3,-1.2727103723885058,62,True,True,True,False,50.99667174348966,0.0019475634442189993,10,5000,44,full
0.001,4,-1.2727103725348894,61,True,True,True,False,50.99670128649965,0.0019475661444217135,10,5000,44,full
0.001,5,-1.2727103723717208,62,True,True,True,False,50.996668312981235,0.0019475631298944652,10,5000,44,full
0.001,6,-1.2727103721332673,64,True,True,True,False,50.99661945943183,0.0019475586573369065,10,5000,44,full
0.001,7,-1.2727103721288104,60,True,True,True,False,50.996618815589905,0.001947558609505947,10,5000,44,full
0.001,8,-1.2727103721599344,65,True,True,True,False,50.9966249469316,0.0019475591594245876,10,5000,44,full
0.001,9,-1.2727103726761007,67,True,True,True,False,50.996729531041325,0.00194756872395302,10,5000,44,full
0.0001,0,-1.2727103719554007,70,True,True,True,False,50.99658260422744,0.0019475552837087406,10,5000,44,full
0.0001,1,-1.272710372271893,69,True,True,True,False,50.99664780885707,0.0019475612475235605,10,5000,44,full
0.0001,2,-1.2727103720525341,64,True,True,True,False,50.996602738045155,0.0019475571248281178,10,5000,44,full
0.0001,3,-1.2727103723308435,62,True,True,True,False,50.996660017353115,0.0019475623714451848,10,5000,44,full
0.0001,4,-1.2727103718146042,46,True,True,True,True,50.99655697104182,0.0019475531229797643,10,5000,44,full
0.0001,5,-1.2727103723729374,62,True,True,True,False,50.996668560011436,0.0019475631524943087,10,5000,44,full
0.0001,6,-1.2727103721339459,64,True,True,True,False,50.996619601333535,0.001947558670318959,10,5000,44,full
0.0001,7,-1.2727103721376054,60,True,True,True,False,50.99662063066475,0.001947558775555271,10,5000,44,full
0.0001,8,-1.2727103721580948,65,True,True,True,False,50.99662456010824,0.0019475591240374355,10,5000,44,full
0.0001,9,-1.2727103726710003,67,True,True,True,False,50.99672850221705,0.0019475686298369719,10,5000,44,full
0.01,0,-1.2894457302997853,66,True,True,True,False,52.09934058952841,0.0019117474708440052,10,5000,45,full
0.01,1,-1.2894457312173113,65,True,True,True,False,52.0995499702326,0.001911764440947823,10,5000,45,full
0.01,2,-1.2894457309791258,72,True,True,True,False,52.09949606915344,0.0019117600587595395,10,5000,45,full
0.01,3,-1.2894457303363345,58,True,True,True,False,52.09934914173085,0.0019117481641831118,10,5000,45,full
0.01,4,-1.2894457305061402,69,True,True,True,False,52.09938825798263,0.0019117513248570824,10,5000,45,full
0.01,5,-1.2894457302868962,64,True,True,True,False,52.09933751333493,0.0019117472202486777,10,5000,45,full
0.01,6,-1.2838517780335184,76,True,True,True,False,38.641139826562124,0.001337339900859023,10,5000,45,full
0.01,7,-1.2894457311441743,60,True,True,True,False,52.099533388773004,0.001911763090770165,10,5000,45,full
0.01,8,-1.289445731071131,64,True,True,True,False,52.09951703584565,0.001911761765139257,10,5000,45,full
0.01,9,-1.2894457309076703,65,True,True,True,False,52.099480270227545,0.0019117587864009558,10,5000,45,full
0.001,0,-1.2894457303316784,66,True,True,True,False,52.09934803493177,0.0019117480741140428,10,5000,45,full
0.001,1,-1.2894457308986251,61,True,True,True,False,52.099478268507596,0.0019117586252277033,10,5000,45,full
0.001,2,-1.2894457309913028,72,True,True,True,False,52.09949881483752,0.0019117602811641288,10,5000,45,full
0.001,3,-1.2894457303945988,58,True,True,True,False,52.09936272065501,0.001911749264314854,10,5000,45,full
0.001,4,-1.2894457305062952,69,True,True,True,False,52.09938828452596,0.0019117513270072621,10,5000,45,full
0.001,5,-1.289445730292034,64,True,True,True,False,52.09933871992447,0.001911747317981034,10,5000,45,full
0.001,6,-1.2838517779861043,76,True,True,True,False,38.64117548511064,0.0013373411248060593,10,5000,45,full
0.001,7,-1.2894457311186907,60,True,True,True,False,52.09952771774747,0.0019117626313026822,10,5000,45,full
0.001,8,-1.2894457310446708,64,True,True,True,False,52.09951111448439,0.0019117612854138888,10,5000,45,full
0.001,9,-1.289445730874108,65,True,True,True,False,52.09947266020704,0.0019117581698527928,10,5000,45,full
0.0001,0,-1.2894457303354923,66,True,True,True,False,52.099348923510284,0.0019117481461103372,10,5000,45,full
0.0001,1,-1.289445730900556,61,True,True,True,False,52.099478704605914,0.0019117586605609295,10,5000,45,full
0.0001,2,-1.2894457309925733,72,True,True,True,False,52.09949909864536,0.0019117603041523008,10,5000,45,full
0.0001,3,-1.2894457304012727,58,True,True,True,False,52.09936427903726,0.0019117493905708774,10,5000,45,full
0.0001,4,-1.289445730506272,69,True,True,True,False,52.09938828723836,0.0019117513272257107,10,5000,45,full
0.0001,5,-1.289445730292623,64,True,True,True,False,52.099338852892224,0.001911747328751845,10,5000,45,full
0.0001,6,-1.2838517779811758,76,True,True,True,True,38.641179174661254,0.0013373412514469214,10,5000,45,full
0.0001,7,-1.2894457311162568,60,True,True,True,False,52.09952715089204,0.0019117625853778864,10,5000,45,full
0.0001,8,-1.289445731042104,64,True,True,True,False,52.09951052691263,0.0019117612378119016,10,5000,45,full
0.0001,9,-1.2894457308705858,65,True,True,True,False,52.09947186816873,0.0019117581056819833,10,5000,45,full
0.01,0,-1.2828098734047653,67,True,True,True,False,51.89076937179653,0.0018937041395674602,10,5000,46,full
0.01,1,-1.2828098736639504,77,True,True,True,False,51.89082862564966,0.001893708483903864,10,5000,46,full
0.01,2,-1.2828098742239973,66,True,True,True,False,51.890954437547684,0.0018937177138692992,10,5000,46,full
0.01,3,-1.2828098741184928,69,True,True,True,False,51.89093100500241,0.0018937159949394345,10,5000,46,full
0.01,4,-1.2828098735092563,72,True,True,True,False,51.89079335027421,0.001893705897439495,10,5000,46,full
0.01,5,-1.2754898833932635,57,True,True,True,False,37.90756188509699,0.0013308985232998926,10,5000,46,full
0.01,6,-1.2828098737041078,67,True,True,True,False,51.89083783860436,0.0018937091611311194,10,5000,46,full
0.01,7,-1.282809873894546,68,True,True,True,False,51.89088084406712,0.0018937123149765655,10,5000,46,full
0.01,8,-1.2828098731870203,72,True,True,True,False,51.89071892565945,0.0018937004393374311,10,5000,46,full
0.01,9,-1.282809874378082,76,True,True,True,False,51.890988467878046,0.0018937202099073823,10,5000,46,full
0.001,0,-1.2828098733881796,67,True,True,True,False,51.89076555460883,0.001893703859591115,10,5000,46,full
0.001,1,-1.282809873670611,77,True,True,True,False,51.890830134777204,0.0018937085945867904,10,5000,46,full
0.001,2,-1.2828098743107632,66,True,True,True,False,51.89097363833197,0.0018937191222700904,10,5000,46,full
0.001,3,-1.2828098741484035,69,True,True,True,False,51.89093766275442,0.001893716483258466,10,5000,46,full
0.001,4,-1.2828098734199809,72,True,True,True,False,51.89077285827304,0.0018937043944285768,10,5000,46,full
0.001,5,-1.27548988306259,58,True,True,True,True,37.907870053802405,0.0013309083522341748,10,5000,46,full
0.001,6,-1.2828098736400628,67,True,True,True,False,51.89082327397955,0.0018937080928532145,10,5000,46,full
0.001,7,-1.2828098738167149,68,True,True,True,False,51.890863305200035,0.0018937110285659837,10,5000,46,full
0.001,8,-1.282809873139257,72,True,True,True,False,51.89070778383073,0.0018936996221236388,10,5000,46,full
0.001,9,-1.2828098743686618,76,True,True,True,False,51.89098639163809,0.0018937200576148517,10,5000,46,full
0.0001,0,-1.2828098733865565,67,True,True,True,False,51.89076517201038,0.0018937038315275467,10,5000,46,full
0.0001,1,-1.282809873671312,77,True,True,True,False,51.8908302994344,0.0018937086066641076,10,5000,46,full
0.0001,2,-1.282809874319447,66,True,True,True,False,51.890975548962736,0.0018937192624172011,10,5000,46,full
0.0001,3,-1.2828098741514558,69,True,True,True,False,51.89093835627031,0.0018937165341266242,10,5000,46,full
0.0001,4,-1.2828098734108833,72,True,True,True,False,51.8907707528327,0.0018937042400035502,10,5000,46,full
0.0001,5,-1.2754898831064547,58,True,True,True,False,37.9078252242783,0.001330906917531663,10,5000,46,full
0.0001,6,-1.2828098736334423,67,True,True,True,False,51.89082176830016,0.0018937079824164805,10,5000,46,full
0.0001,7,-1.2828098738089504,68,True,True,True,False,51.89086154588367,0.001893710899526471,10,5000,46,full
0.0001,8,-1.282809874483462,71,True,True,True,False,51.89101161159304,0.001893721907441224,10,5000,46,full
0.0001,9,-1.2828098743677043,76,True,True,True,False,51.890986170096596,0.0018937200413648057,10,5000,46,full
0.01,0,-1.2610997683971215,73,True,True,True,False,37.314370290990716,0.0013467147074319123,10,5000,47,full
0.01,1,-1.2695815727216417,46,True,True,True,False,50.443120341461544,0.0019427026359625892,10,5000,47,full
0.01,2,-1.2695815704757798,65,True,True,True,False,50.44420930535214,0.0019427892520847945,10,5000,47,full
0.01,3,-1.2695815702984934,64,True,True,True,False,50.444171068768995,0.0019427862009043931,10,5000,47,full
0.01,4,-1.269581570109754,74,True,True,True,False,50.44412989377553,0.0019427829131332145,10,5000,47,full
0.01,5,-1.2695815702820141,63,True,True,True,False,50.44416757774635,0.001942785924533992,10,5000,47,full
0.01,6,-1.26958157042939,69,True,True,True,False,50.44419922282349,0.0019427884447911828,10,5000,47,full
0.01,7,-1.2695815698809851,70,True,True,True,False,50.44407892794498,0.001942778847053184,10,5000,47,full
0.01,8,-1.269581570084094,75,True,True,True,False,50.44412434971815,0.0019427824722949248,10,5000,47,full
0.01,9,-1.2610997687638894,82,True,True,True,False,37.31408068468281,0.0013467046734100543,10,5000,47,full
0.001,0,-1.2610997681998255,73,True,True,True,False,37.31454312161152,0.0013467206899877616,10,5000,47,full
0.001,1,-1.2695815709143112,48,True,True,True,False,50.44362899927076,0.0019427430823975972,10,5000,47,full
0.001,2,-1.2695815704949738,65,True,True,True,False,50.444213415092484,0.0019427895800068898,10,5000,47,full
0.001,3,-1.2695815702860695,64,True,True,True,False,50.44416837473478,0.0019427859859259859,10,5000,47,full
0.001,4,-1.2695815701014224,74,True,True,True,False,50.44412809234441,0.001942782769387804,10,5000,47,full
0.001,5,-1.2695815704251554,63,True,True,True,False,50.444198492947045,0.0019427883913222797,10,5000,47,full
0.001,6,-1.2695815703155695,69,True,True,True,False,50.44417465032848,0.0019427864840833242,10,5000,47,full
0.001,7,-1.2695815698808086,70,True,True,True,False,50.44407888722952,0.001942778843800639,10,5000,47,full
0.001,8,-1.2695815699942914,75,True,True,True,False,50.44410465063547,0.0019427809003722122,10,5000,47,full
0.001,9,-1.2610997679834084,83,True,True,True,True,37.31475097313379,0.0013467278764622117,10,5000,47,full
0.0001,0,-1.2610997681803755,73,True,True,True,False,37.314561036558416,0.0013467213101156878,10,5000,47,full
0.0001,1,-1.26958157105447,48,True,True,True,False,50.44370256018402,0.0019427489495607794,10,5000,47,full
0.0001,2,-1.2695815704970763,65,True,True,True,False,50.444213859945975,0.0019427896155030785,10,5000,47,full
0.0001,3,-1.26958157028484,64,True,True,True,False,50.44416812137897,0.0019427859657097164,10,5000,47,full
0.0001,4,-1.2695815701006643,74,True,True,True,False,50.44412790700572,0.0019427827545994223,10,5000,47,full
0.0001,5,-1.2695815704393232,63,True,True,True,False,50.44420156519646,0.0019427886364636552,10,5000,47,full
0.0001,6,-1.2695815703038595,69,True,True,True,False,50.444172114882264,0.001942786281772825,10,5000,47,full
0.0001,7,-1.2695815698807567,70,True,True,True,False,50.44407888654484,0.0019427788437474077,10,5000,47,full
0.0001,8,-1.2695815699853172,75,True,True,True,False,50.44410267878193,0.00194278074302686,10,5000,47,full
0.0001,9,-1.2610997679911777,83,True,True,True,False,37.31474303349644,0.0013467276016212257,10,5000,47,full
0.01,0,-1.2930421448967786,70,True,True,True,False,50.94565593643674,0.00194579652654901,10,5000,48,full
0.01,1,-1.2930421446852016,70,True,True,True,False,50.94561272483796,0.0019457928335455653,10,5000,48,full
0.01,2,-1.2930421443655893,72,True,True,True,False,50.94554677515852,0.0019457871977960391,10,5000,48,full
0.01,3,-1.284548641157379,74,True,True,True,False,38.22088900266208,0.001352989286435579,10,5000,48,full
0.01,4,-1.2930421438559248,68,True,True,True,False,50.94543930171326,0.001945778013654536,10,5000,48,full
0.01,5,-1.2930421444148348,69,True,True,True,False,50.945556905261746,0.0019457880628179468,10,5000,48,full
0.01,6,-1.2930421519681914,87,True,True,True,False,50.940189371417524,0.0019453328539430922,10,5000,48,full
0.01,7,-1.2845486565295958,112,True,True,True,False,38.23048028320961,0.0013533079978548027,10,5000,48,full
0.01,8,-1.293042144523839,75,True,True,True,False,50.94557957524577,0.0019457900014384403,10,5000,48,full
0.01,9,-1.2930421444777425,68,True,True,True,False,50.94560766515368,0.0019457924164309557,10,5000,48,full
0.001,0,-1.2930421448941785,70,True,True,True,False,50.945655432788165,0.0019457964835861842,10,5000,48,full
0.001,1,-1.2930421446500677,70,True,True,True,False,50.94560549926425,0.0019457922160733853,10,5000,48,full
0.001,2,-1.2930421442993743,72,True,True,True,False,50.94553297886698,0.001945786018813384,10,5000,48,full
0.001,3,-1.2845486411179665,74,True,True,True,False,38.220927263534925,0.0013529905579679556,10,5000,48,full
0.001,4,-1.2930421451337002,67,True,True,True,False,50.94570377811201,0.001945800615022071,10,5000,48,full
0.001,5,-1.293042144331508,69,True,True,True,False,50.9455395528924,0.0019457865799925444,10,5000,48,full
0.001,6,-1.2930421527989449,86,True,True,True,False,50.94008451387638,0.0019453239410664686,10,5000,48,full
0.001,7,-1.284548656983157,110,True,True,True,False,38.23058635103057,0.0013533115219931454,10,5000,48,full
0.001,8,-1.293042144476171,75,True,True,True,False,50.94556971247356,0.001945789158595605,10,5000,48,full
0.001,9,-1.2930421444723916,68,True,True,True,False,50.945606029850666,0.0019457922764724547,10,5000,48,full
0.0001,0,-1.2930421448942826,70,True,True,True,False,50.94565544593281,0.0019457964847172996,10,5000,48,full
0.0001,1,-1.293042144646507,70,True,True,True,False,50.94560476671332,0.0019457921534703259,10,5000,48,full
0.0001,2,-1.293042144292543,72,True,True,True,False,50.94553155153802,0.0019457858968374806,10,5000,48,full
0.0001,3,-1.284548641113961,74,True,True,True,True,38.22093121884004,0.0013529906894158635,10,5000,48,full
0.0001,4,-1.2930421451262077,67,True,True,True,False,50.94570227239335,0.0019458004863459053,10,5000,48,full
0.0001,5,-1.2930421443230735,69,True,True,True,False,50.945537799853554,0.0019457864301894046,10,5000,48,full
0.0001,6,-1.2930421527115075,86,True,True,True,False,50.94009556213225,0.001945324880209042,10,5000,48,full
0.0001,7,-1.2845486567371587,110,True,True,True,False,38.23052898703707,0.0013533096160558576,10,5000,48,full
0.0001,8,-1.2930421444710734,75,True,True,True,False,50.945568656470016,0.0019457890683520992,10,5000,48,full
0.0001,9,-1.2930421444718891,68,True,True,True,False,50.94560585590381,0.0019457922615872957,10,5000,48,full
0.01,0,-1.2779279812857611,116,True,True,True,False,50.12301933940998,0.002001500920378519,10,5000,49,full
0.01,1,-1.27792872059656,69,True,True,True,False,50.12912794860463,0.0020020362432054675,10,5000,49,full
0.01,2,-1.2779279727510633,77,True,True,True,False,50.11842507573169,0.0020010947611664126,10,5000,49,full
0.01,3,-1.2779287199510312,71,True,True,True,False,50.129095459378114,0.002002033354599163,10,5000,49,full
0.01,4,-1.2779287196158389,68,True,True,True,False,50.128909209637015,0.002002016783763709,10,5000,49,full
0.01,5,-1.2779279810823088,95,True,True,True,False,50.12305384807751,0.0020015040220793395,10,5000,49,full
0.01,6,-1.2779279815741034,119,True,True,True,False,50.12303639543958,0.002001502412037243,10,5000,49,full
0.01,7,-1.268375924319668,82,True,True,True,True,37.31564979757552,0.001382928174569601,10,5000,49,full
0.01,8,-1.2779287192130666,63,True,True,True,False,50.12903817878457,0.002002028264004109,10,5000,49,full
0.01,9,-1.2779279730970188,83,True,True,True,False,50.11827216194224,0.00200108120702383,10,5000,49,full
0.001,0,-1.2779279805620543,116,True,True,True,False,50.12297551878186,0.0020014970887520162,10,5000,49,full
0.001,1,-1.277928720565233,69,True,True,True,False,50.129121032175256,0.0020020356278948877,10,5000,49,full
0.001,2,-1.2683759246091342,86,True,True,True,False,37.315355356837195,0.00138291739028851,10,5000,49,full
0.001,3,-1.27792871773925,72,True,True,True,False,50.12892853497503,0.002002018509377372,10,5000,49,full
0.001,4,-1.2779287196007896,68,True,True,True,False,50.12890594661737,0.0020020164934874294,10,5000,49,full
0.001,5,-1.2779279810729964,95,True,True,True,False,50.12305330405108,0.0020015039745414783,10,5000,49,full
0.001,6,-1.27792798062736,120,True,True,True,False,50.12297943395926,0.0020014974308623784,10,5000,49,full
0.001,7,-1.2683759249908375,81,True,True,True,False,37.3150253135988,0.0013829053023852965,10,5000,49,full
0.001,8,-1.2779287191613904,63,True,True,True,False,50.12903374583413,0.0020020278697264905,10,5000,49,full
0.001,9,-1.2779279729391175,83,True,True,True,False,50.118340458861645,0.002001087260769772,10,5000,49,full
0.0001,0,-1.2779279804890595,116,True,True,True,False,50.12297094324718,0.002001496688615342,10,5000,49,full
0.0001,1,-1.2779287205619256,69,True,True,True,False,50.12912030246773,0.002002035562978259,10,5000,49,full
0.0001,2,-1.268375924644662,86,True,True,True,False,37.3153222733531,0.0013829161785772304,10,5000,49,full
0.0001,3,-1.2779287174763265,72,True,True,True,False,50.12894570814014,0.00200202003819711,10,5000,49,full
0.0001,4,-1.2779287195993003,68,True,True,True,False,50.1289056248524,0.0020020164648634903,10,5000,49,full
0.0001,5,-1.2779279810720408,95,True,True,True,False,50.123053248102224,0.00200150396965302,10,5000,49,full
0.0001,6,-1.277927980672911,120,True,True,True,False,50.12298226020463,0.0020014976780080543,10,5000,49,full
0.0001,7,-1.2683759414964528,91,True,True,True,False,37.325320003069585,0.0013832822938381116,10,5000,49,full
0.0001,8,-1.2779287191560138,63,True,True,True,False,50.12903329576766,0.002002027829697132,10,5000,49,full
0.0001,9,-1.2779279729226356,83,True,True,True,False,50.11834773970713,0.0020010879061351607,10,5000,49,full
0.01,0,-1.2702474344824812,99,True,True,True,False,51.046715027724765,0.001995084704314503,10,5000,50,full
0.01,1,-1.2563509865959392,73,True,True,True,False,38.05456408214789,0.0013635120997003741,10,5000,50,full
0.01,2,-1.2702474259143677,72,True,True,True,False,51.041092060901065,0.001994550495445709,10,5000,50,full
0.01,3,-1.2702498877525845,72,True,True,True,False,51.05621224052311,0.0019959577764594185,10,5000,50,full
0.01,4,-1.270247433554023,119,True,True,True,False,51.04654640244496,0.001995068738889888,10,5000,50,full
0.01,5,-1.270247434342501,93,True,True,True,False,51.0467504494442,0.001995088288483045,10,5000,50,full
0.01,6,-1.2563509862453273,74,True,True,True,False,38.054987029821376,0.0013635268280606054,10,5000,50,full
0.01,7,-1.2702474342020407,107,True,True,True,False,51.04664778437001,0.0019950782759138885,10,5000,50,full
0.01,8,-1.2702474259888923,60,True,True,True,False,51.041059970438205,0.00199454756564614,10,5000,50,full
0.01,9,-1.2563509864147533,59,True,True,True,False,38.05476874916199,0.001363519230486533,10,5000,50,full
0.001,0,-1.2702474344405195,99,True,True,True,False,51.04670894551214,0.0019950841333705336,10,5000,50,full
0.001,1,-1.2563509866741709,73,True,True,True,False,38.05448294234111,0.0013635092742814627,10,5000,50,full
0.001,2,-1.270247435082752,56,True,True,True,False,51.04709034697475,0.001995121795344549,10,5000,50,full
0.001,3,-1.270249887710935,72,True,True,True,False,51.0562034315002,0.0019959569336042518,10,5000,50,full
0.001,4,-1.2702474334939566,119,True,True,True,False,51.046537343878526,0.0019950678894128998,10,5000,50,full
0.001,5,-1.2702474345219228,93,True,True,True,False,51.04677637472827,0.001995090717622982,10,5000,50,full
0.001,6,-1.2563509862332336,74,True,True,True,False,38.0550039401674,0.0013635274168803642,10,5000,50,full
0.001,7,-1.270247434286978,107,True,True,True,False,51.04665961702599,0.001995079384555627,10,5000,50,full
0.001,8,-1.2702474264132506,62,True,True,True,False,51.04084061051884,0.0019945266230800155,10,5000,50,full
0.001,9,-1.2563509861636297,63,True,True,True,True,38.05510639786464,0.0013635309836400778,10,5000,50,full
0.0001,0,-1.2702474344364787,99,True,True,True,False,51.04670836067988,0.001995084078463866,10,5000,50,full
0.0001,1,-1.2563509866828546,73,True,True,True,False,38.05447413953297,0.0013635089677520144,10,5000,50,full
0.0001,2,-1.2702474363513017,58,True,True,True,False,51.04733877802484,0.001995145395670867,10,5000,50,full
0.0001,3,-1.2702498877065649,72,True,True,True,False,51.056202514100846,0.001995956845826546,10,5000,50,full
0.0001,4,-1.2702474334868983,119,True,True,True,False,51.04653629363944,0.0019950677909227276,10,5000,50,full
0.0001,5,-1.2702474345410384,93,True,True,True,False,51.04677909781727,0.0019950909727389403,10,5000,50,full
0.0001,6,-1.256350986231993,74,True,True,True,False,38.05500577426371,0.0013635274807437985,10,5000,50,full
0.0001,7,-1.2702474342958974,107,True,True,True,False,51.04666085237616,0.001995079500292853,10,5000,50,full
0.0001,8,-1.2702474266597426,62,True,True,True,False,51.040726126649844,0.0019945157233924116,10,5000,50,full
0.0001,9,-1.2702474340440797,114,True,True,True,False,51.04661930370336,0.0019950755791055914,10,5000,50,full
0.01,0,-1.2700297334700288,67,True,True,True,False,37.6921788765053,0.0013539909400281428,10,5000,51,full
0.01,1,-1.2849148165390605,122,True,True,True,False,51.26285056352744,0.0019964517851470535,10,5000,51,full
0.01,2,-1.2849161220214345,68,True,True,True,False,51.270939073929405,0.0019971136334750164,10,5000,51,full
0.01,3,-1.2849161210438949,72,True,True,True,False,51.270802649515666,0.001997102225650262,10,5000,51,full
0.01,4,-1.2849161209099789,80,True,True,True,False,51.270876238073896,0.0019971083813255163,10,5000,51,full
0.01,5,-1.284914815968652,133,True,True,True,False,51.262791375733094,0.001996446919524927,10,5000,51,full
0.01,6,-1.284914816986192,95,True,True,True,False,51.26294053024282,0.0019964592729844544,10,5000,51,full
0.01,7,-1.2849148177137797,80,True,True,True,False,51.26325356859761,0.001996485511013877,10,5000,51,full
0.01,8,-1.270029747041001,76,True,True,True,False,37.70056628681083,0.0013542961439691388,10,5000,51,full
0.01,9,-1.2700297472374051,99,True,True,True,False,37.700615417169224,0.0013542979313312623,10,5000,51,full
0.001,0,-1.2700297334438542,67,True,True,True,False,37.69221447872763,0.0013539922358171488,10,5000,51,full
0.001,1,-1.28491481643095,122,True,True,True,False,51.262839877141246,0.001996450907278103,10,5000,51,full
0.001,2,-1.2849161219840535,68,True,True,True,False,51.27093225920033,0.001997113063586359,10,5000,51,full
0.001,3,-1.2849161210356175,72,True,True,True,False,51.270800460249106,0.0019971020425636403,10,5000,51,full
0.001,4,-1.2849161207741928,80,True,True,True,False,51.27086085652368,0.0019971070951789543,10,5000,51,full
0.001,5,-1.2849148166565645,133,True,True,True,False,51.26286076305547,0.001996452620302495,10,5000,51,full
0.001,6,-1.2849148160292736,91,True,True,True,False,51.26287055524971,0.001996453581159904,10,5000,51,full
0.001,7,-1.2849148169335047,79,True,True,True,False,51.26319720028718,0.0019964809344814377,10,5000,51,full
0.001,8,-1.270029747100818,76,True,True,True,False,37.70058127395116,0.0013542966892084371,10,5000,51,full
0.001,9,-1.2700297472307487,99,True,True,True,False,37.700613771518036,0.0013542978714617664,10,5000,51,full
0.0001,0,-1.2700297334411985,67,True,True,True,True,37.69221815506686,0.0013539923696219169,10,5000,51,full
0.0001,1,-1.2849148164200785,122,True,True,True,False,51.26283878845263,0.0019964508178404927,10,5000,51,full
0.0001,2,-1.2849161219803509,68,True,True,True,False,51.27093159440775,0.0019971130079964243,10,5000,51,full
0.0001,3,-1.284916121034635,72,True,True,True,False,51.270800226420015,0.0019971020230062646,10,5000,51,full
0.0001,4,-1.2849161207584052,80,True,True,True,False,51.270859169427546,0.0019971069541145194,10,5000,51,full
0.0001,5,-1.2849148167330557,133,True,True,True,False,51.262868139976575,0.001996453226212867,10,5000,51,full
0.0001,6,-1.2849148165887234,90,True,True,True,False,51.26293898448578,0.001996459225645654,10,5000,51,full
0.0001,7,-1.284914816717069,79,True,True,True,False,51.26317137796386,0.0019964788075793696,10,5000,51,full
0.0001,8,-1.2700297471068682,76,True,True,True,False,37.700582793039345,0.001354296744473917,10,5000,51,full
0.0001,9,-1.2700297472302227,99,True,True,True,False,37.70061364595686,0.0013542978668934765,10,5000,51,full
0.01,0,-1.1222073504127634,98,True,True,True,True,40.10097905446384,0.001221338278031422,10,500,42,full
0.01,1,-1.1395809449311145,74,True,True,True,False,55.04651766594129,0.0019777736497977386,10,500,42,full
0.01,2,-1.1395806879958352,38,True,True,True,False,55.036995263461236,0.00197647880964842,10,500,42,full
0.01,3,-1.1395809494439462,66,True,True,True,False,55.046606603592366,0.0019777860402288264,10,500,42,full
0.01,4,-1.1395809376198545,72,True,True,True,False,55.04637202998405,0.0019777533833751555,10,500,42,full
0.01,5,-1.1395809400614998,70,True,True,True,False,55.046420886787054,0.0019777601807029577,10,500,42,full
0.01,6,-1.1395809399377332,63,True,True,True,False,55.04641839877536,0.001977759827682381,10,500,42,full
0.01,7,-1.1395809414216405,65,True,True,True,False,55.046448015904105,0.001977763959563069,10,500,42,full
0.01,8,-1.1395809500428737,61,True,True,True,False,55.04661837311142,0.0019777876881204273,10,500,42,full
0.01,9,-1.1395809396052212,55,True,True,True,False,55.0464122318402,0.001977759164237079,10,500,42,full
0.001,0,-1.1395806742436294,51,True,True,True,False,55.03581855913394,0.001976290658361932,10,500,42,full
0.001,1,-1.1395809448195144,74,True,True,True,False,55.0465154573903,0.0019777733422536954,10,500,42,full
0.001,2,-1.1395806922787017,37,True,True,True,False,55.03703162206679,0.001976493719673372,10,500,42,full
0.001,3,-1.1395809493614555,66,True,True,True,False,55.04660498483752,0.001977785814811635,10,500,42,full
0.001,4,-1.1395809494508427,71,True,True,True,False,55.04660676903107,0.001977786074225064,10,500,42,full
0.001,5,-1.139580939888167,70,True,True,True,False,55.04641742502678,0.0019777596986626086,10,500,42,full
0.001,6,-1.1395809423280892,63,True,True,True,False,55.04646603476123,0.0019777664604285136,10,500,42,full
0.001,7,-1.1395809414504932,65,True,True,True,False,55.046448590651,0.001977764039549342,10,500,42,full
0.001,8,-1.1395809500558527,61,True,True,True,False,55.04661862730074,0.0019777877234600496,10,500,42,full
0.001,9,-1.1395809428693482,55,True,True,True,False,55.04647728041155,0.0019777682222264594,10,500,42,full
0.0001,0,-1.139580674252491,50,True,True,True,False,55.035853689316745,0.001976295497779162,10,500,42,full
0.0001,1,-1.1395809448079806,74,True,True,True,False,55.04651522911023,0.001977773310465134,10,500,42,full
0.0001,2,-1.1395806927568102,37,True,True,True,False,55.03714196342252,0.0019765089637869297,10,500,42,full
0.0001,3,-1.1395809493534588,66,True,True,True,False,55.04660482787702,0.0019777857929531443,10,500,42,full
0.0001,4,-1.1395809491664834,71,True,True,True,False,55.04660118731275,0.0019777852967943353,10,500,42,full
0.0001,5,-1.1395809398702743,70,True,True,True,False,55.04641706747073,0.0019777596488759156,10,500,42,full
0.0001,6,-1.1395809426839738,63,True,True,True,False,55.04647310855648,0.0019777674453988845,10,500,42,full
0.0001,7,-1.1395809414534506,65,True,True,True,False,55.04644864940707,0.0019777640477266997,10,500,42,full
0.0001,8,-1.139580950059001,61,True,True,True,False,55.0466186891814,0.0019777877320709177,10,500,42,full
0.0001,9,-1.1395809432134003,55,True,True,True,False,55.046484113665464,0.001977769173785253,10,500,42,full
0.01,0,-1.055400716523065,78,True,True,True,False,58.79299502140919,0.0016975347471127917,10,500,43,full
0.01,1,-1.055400707139697,74,True,True,True,False,58.7925192069498,0.0016975150758226309,10,500,43,full
0.01,2,-1.055400715338707,74,True,True,True,False,58.792935308566484,0.0016975322781693817,10,500,43,full
0.01,3,-1.0554007191992603,71,True,True,True,False,58.79312956239155,0.0016975403099936174,10,500,43,full
0.01,4,-1.0554007130844545,81,True,True,True,False,58.7928213936095,0.001697527568465244,10,500,43,full
0.01,5,-1.0554007077352634,77,True,True,True,False,58.79254958339096,0.001697516331401809,10,500,43,full
0.01,6,-1.055400715131953,71,True,True,True,False,58.7929248874586,0.0016975318474163456,10,500,43,full
0.01,7,-1.055400709081375,77,True,True,True,False,58.79261818382109,0.0016975191673613181,10,500,43,full
0.01,8,-1.0346059151803126,65,True,True,True,False,42.29299893765084,0.0011822083673474724,10,500,43,full
0.01,9,-1.0554007138220045,70,True,True,True,False,58.79285870462435,0.0016975291110287655,10,500,43,full
0.001,0,-1.0554007161287298,78,True,True,True,False,58.792975153347165,0.0016975339256431324,10,500,43,full
0.001,1,-1.0554007206702372,73,True,True,True,False,58.79320332132149,0.001697543360063591,10,500,43,full
0.001,2,-1.0554007148116054,74,True,True,True,False,58.792908704058455,0.001697531178202515,10,500,43,full
0.001,3,-1.0554007191932335,71,True,True,True,False,58.79312926001442,0.001697540297492265,10,500,43,full
0.001,4,-1.055400712700436,81,True,True,True,False,58.79280195031806,0.001697526764612949,10,500,43,full
0.001,5,-1.055400707193788,77,True,True,True,False,58.79252195211917,0.0016975151891513508,10,500,43,full
0.001,6,-1.0554007151761837,71,True,True,True,False,58.7929271193365,0.0016975319396926422,10,500,43,full
0.001,7,-1.055400708906496,77,True,True,True,False,58.79260927961405,0.0016975187992588523,10,500,43,full
0.001,8,-1.0346059144825857,65,True,True,True,False,42.292054119723765,0.001182184487781064,10,500,43,full
0.001,9,-1.0554007135284038,70,True,True,True,False,58.79284385598168,0.0016975284971253767,10,500,43,full
0.0001,0,-1.05540071608796,78,True,True,True,False,58.79297309848431,0.0016975338406826955,10,500,43,full
0.0001,1,-1.055400720446787,73,True,True,True,False,58.79319213001732,0.0016975428973076154,10,500,43,full
0.0001,2,-1.0554007147573066,74,True,True,True,False,58.79290596201524,0.001697531064831555,10,500,43,full
0.0001,3,-1.0554007191919879,71,True,True,True,False,58.793129197059436,0.0016975402948887165,10,500,43,full
0.0001,4,-1.055400712660088,81,True,True,True,False,58.79279990677956,0.0016975266801261266,10,500,43,full
0.0001,5,-1.0554007071393874,77,True,True,True,False,58.79251917493699,0.0016975150743446488,10,500,43,full
0.0001,6,-1.055400715181376,71,True,True,True,False,58.79292738140878,0.001697531950528223,10,500,43,full
0.0001,7,-1.0554007088883584,77,True,True,True,False,58.79260835602672,0.0016975187610774696,10,500,43,full
0.0001,8,-1.034605914426987,65,True,True,True,True,42.291958286766075,0.0011821820658295483,10,500,43,full
0.0001,9,-1.0554007134988743,70,True,True,True,False,58.792842362378195,0.0016975284353740712,10,500,43,full
0.01,0,-1.0365681405307619,106,True,True,True,False,57.46748818384551,0.0015883492152976232,10,500,44,full
0.01,1,-1.0365681412769416,104,True,True,True,False,57.46753295920146,0.0015883508716004794,10,500,44,full
0.01,2,-1.0365681401327664,105,True,True,True,False,57.467464292790794,0.001588348331539637,10,500,44,full
0.01,3,-1.0365681389210992,107,True,True,True,False,57.46739152005032,0.0015883456396114503,10,500,44,full
0.01,4,-1.0365681398840805,101,True,True,True,False,57.46744936103556,0.0015883477791970762,10,500,44,full
0.01,5,-1.0365681375509819,99,True,True,True,False,57.4673091611566,0.0015883425931176372,10,500,44,full
0.01,6,-1.0365681457416607,105,True,True,True,False,57.467800417568846,0.0015883607654577495,10,500,44,full
0.01,7,-1.013581541180663,66,True,True,True,False,42.84818145656365,0.0010992303811419443,10,500,44,full
0.01,8,-1.0365681521227217,102,True,True,True,False,57.468181336197524,0.0015883748570887615,10,500,44,full
0.01,9,-1.0365681525406867,100,True,True,True,False,57.468206231947164,0.0015883757781023366,10,500,44,full
0.001,0,-1.0365681403434603,106,True,True,True,False,57.46747694103633,0.0015883487994131998,10,500,44,full
0.001,1,-1.036568138345783,104,True,True,True,False,57.467356946032666,0.001588344360697411,10,500,44,full
0.001,2,-1.036568138908302,105,True,True,True,False,57.467390750951196,0.001588345611160907,10,500,44,full
0.001,3,-1.036568138712173,107,True,True,True,False,57.46737896578321,0.0015883451752209342,10,500,44,full
0.001,4,-1.0365681401753588,101,True,True,True,False,57.4674668495905,0.0015883484261171794,10,500,44,full
0.001,5,-1.0365681374979454,99,True,True,True,False,57.46730597184813,0.0015883424751438084,10,500,44,full
0.001,6,-1.036568141436332,105,True,True,True,False,57.46754252108822,0.0015883512253093211,10,500,44,full
0.001,7,-1.0135815408543685,66,True,True,True,False,42.847588473328166,0.0010992184856346817,10,500,44,full
0.001,8,-1.036568151876761,102,True,True,True,False,57.46816668239679,0.0015883743149741217,10,500,44,full
0.001,9,-1.0365681525933075,100,True,True,True,False,57.46820936584815,0.0015883758940413123,10,500,44,full
0.0001,0,-1.0365681403233002,106,True,True,True,False,57.467475731066486,0.0015883487546545438,10,500,44,full
0.0001,1,-1.0365681379886234,104,True,True,True,False,57.46733547588568,0.001588343566505934,10,500,44,full
0.0001,2,-1.036568138784432,105,True,True,True,False,57.46738330811385,0.0015883453358451053,10,500,44,full
0.0001,3,-1.0365681386905852,107,True,True,True,False,57.467377668663666,0.0015883451272391625,10,500,44,full
0.0001,4,-1.0365681402041955,101,True,True,True,False,57.46746858086064,0.0015883484901584356,10,500,44,full
0.0001,5,-1.0365681374923836,99,True,True,True,False,57.467305637252714,0.001588342462766896,10,500,44,full
0.0001,6,-1.0365681405631557,105,True,True,True,False,57.467490128294784,0.0015883492872274436,10,500,44,full
0.0001,7,-1.0135815408286306,66,True,True,True,True,42.84752834410845,0.001099217279418183,10,500,44,full
0.0001,8,-1.036568151851843,102,True,True,True,False,57.46816519776375,0.0015883742600511334,10,500,44,full
0.0001,9,-1.0365681526028723,100,True,True,True,False,57.46820993557066,0.001588375915118105,10,500,44,full
0.01,0,-1.081578250614973,43,True,True,True,False,44.618069036150736,0.0010805188384706964,10,500,45,full
0.01,1,-1.1051464898864292,139,True,True,True,False,58.78658305927351,0.001439482135476493,10,500,45,full
0.01,2,-1.1051465038850208,139,True,True,True,False,58.78743382333754,0.0014395070139357866,10,500,45,full
0.01,3,-1.1051464900039483,138,True,True,True,False,58.786590224980976,0.0014394823450151737,10,500,45,full
0.01,4,-1.0815787937852868,93,True,True,True,False,44.6600596820711,0.0010815220092490585,10,500,45,full
0.01,5,-1.1051465023287985,136,True,True,True,False,58.787339519262325,0.0014395042561911318,10,500,45,full
0.01,6,-1.0815787883713743,90,True,True,True,False,44.65982927096469,0.0010815164067730083,10,500,45,full
0.01,7,-1.1051464904893329,131,True,True,True,False,58.78661981607943,0.001439483210312697,10,500,45,full
0.01,8,-1.1051464924964938,140,True,True,True,False,58.786742109648564,0.001439486786415298,10,500,45,full
0.01,9,-1.0815782337732043,57,True,True,True,True,44.61235550856876,0.0010803630105308325,10,500,45,full
0.001,0,-1.0815782516412904,43,True,True,True,False,44.61848760670889,0.0010805289257527265,10,500,45,full
0.001,1,-1.105146493230436,139,True,True,True,False,58.78678679931926,0.0014394880932340087,10,500,45,full
0.001,2,-1.1051465036364205,139,True,True,True,False,58.78741876333125,0.001439506573533347,10,500,45,full
0.001,3,-1.105146500511551,140,True,True,True,False,58.787229310505296,0.0014395010333633643,10,500,45,full
0.001,4,-1.0815787850767262,93,True,True,True,False,44.659688502139026,0.0010815129839805472,10,500,45,full
0.001,5,-1.1051465017431386,136,True,True,True,False,58.78730401135002,0.0014395032178331135,10,500,45,full
0.001,6,-1.081578789347587,90,True,True,True,False,44.65987090055853,0.0010815174189995956,10,500,45,full
0.001,7,-1.105146493794815,131,True,True,True,False,58.786821153639586,0.0014394890978288934,10,500,45,full
0.001,8,-1.105146489075835,140,True,True,True,False,58.78653362404809,0.0014394806899049348,10,500,45,full
0.001,9,-1.0815782337795101,57,True,True,True,False,44.612268025227934,0.0010803608868481145,10,500,45,full
0.0001,0,-1.0815782517260262,43,True,True,True,False,44.618520981320536,0.0010805297284564332,10,500,45,full
0.0001,1,-1.105146494190884,139,True,True,True,False,58.78684525714106,0.001439489802668679,10,500,45,full
0.0001,2,-1.1051465036103323,139,True,True,True,False,58.78741718298167,0.0014395065273183954,10,500,45,full
0.0001,3,-1.105146498134348,140,True,True,True,False,58.78708500129436,0.0014394968133671102,10,500,45,full
0.0001,4,-1.0815787841645532,93,True,True,True,False,44.659649453570346,0.0010815120345179726,10,500,45,full
0.0001,5,-1.105146501679547,136,True,True,True,False,58.78730015545821,0.0014395031050750465,10,500,45,full
0.0001,6,-1.081578789461275,90,True,True,True,False,44.65987574659209,0.0010815175368308276,10,500,45,full
0.0001,7,-1.105146494107878,131,True,True,True,False,58.78684020637439,0.0014394896549725937,10,500,45,full
0.0001,8,-1.1051464887156865,140,True,True,True,False,58.78651165340894,0.001439480047445632,10,500,45,full
0.0001,9,-1.081578233779703,57,True,True,True,False,44.612265892838785,0.0010803608350810354,10,500,45,full
0.01,0,-1.157736872809376,138,True,True,True,False,55.52055567984972,0.0014034801346153962,10,500,46,full
0.01,1,-1.1577368680718,151,True,True,True,False,55.52027566280384,0.0014034737324788436,10,500,46,full
0.01,2,-1.1577368612670558,146,True,True,True,False,55.51987225228093,0.001403464509176764,10,500,46,full
0.01,3,-1.1453773661791204,104,True,True,True,False,43.775634140334745,0.0011444582335847734,10,500,46,full
0.01,4,-1.1577368725223818,146,True,True,True,False,55.52056601493558,0.0014034803696833776,10,500,46,full
0.01,5,-1.1453768711379586,86,True,True,True,True,43.73919996987883,0.0011434284958101698,10,500,46,full
0.01,6,-1.1577368584436445,145,True,True,True,False,55.519705605195256,0.0014034606990301702,10,500,46,full
0.01,7,-1.157736875521464,149,True,True,True,False,55.520715670234274,0.001403483792542676,10,500,46,full
0.01,8,-1.1577368742006413,144,True,True,True,False,55.520637886802675,0.001403482014142513,10,500,46,full
0.01,9,-1.1453773635453297,118,True,True,True,False,43.77553790031913,0.0011444555144817623,10,500,46,full
0.001,0,-1.1577368726156456,138,True,True,True,False,55.52054424277822,0.0014034798731253646,10,500,46,full
0.001,1,-1.157736867946186,151,True,True,True,False,55.52026822889761,0.0014034735625153704,10,500,46,full
0.001,2,-1.1577368610859315,146,True,True,True,False,55.51986149530144,0.0014034642632375575,10,500,46,full
0.001,3,-1.1453773658412771,102,True,True,True,False,43.77562180986743,0.0011444578852081136,10,500,46,full
0.001,4,-1.1577368718637764,146,True,True,True,False,55.52052697402508,0.001403479477083085,10,500,46,full
0.001,5,-1.1453768713087225,87,True,True,True,False,43.74008387352274,0.0011434534832629659,10,500,46,full
0.001,6,-1.1577368583960959,145,True,True,True,False,55.51970232466633,0.0014034606240461442,10,500,46,full
0.001,7,-1.157736873278975,149,True,True,True,False,55.52058339856274,0.0014034807683601768,10,500,46,full
0.001,8,-1.157736874036047,144,True,True,True,False,55.5206281793246,0.0014034817921963032,10,500,46,full
0.001,9,-1.1453773544889418,111,True,True,True,False,43.775204982456856,0.0011444461083887963,10,500,46,full
0.0001,0,-1.1577368725890405,138,True,True,True,False,55.52054267212797,0.0014034798372143408,10,500,46,full
0.0001,1,-1.1577368679324342,151,True,True,True,False,55.52026741505545,0.0014034735439079835,10,500,46,full
0.0001,2,-1.1577368610667007,146,True,True,True,False,55.51986035294446,0.0014034642371196647,10,500,46,full
0.0001,3,-1.1453773625742214,102,True,True,True,False,43.775502350181824,0.0011444545100710456,10,500,46,full
0.0001,4,-1.1577368717938845,146,True,True,True,False,55.520522825532716,0.001403479382235331,10,500,46,full
0.0001,5,-1.1453768711798318,87,True,True,True,False,43.73976557724398,0.0011434444852251081,10,500,46,full
0.0001,6,-1.157736858388552,145,True,True,True,False,55.51970183881686,0.001403460612940302,10,500,46,full
0.0001,7,-1.1577368730285926,149,True,True,True,False,55.52056862033638,0.0014034804304792305,10,500,46,full
0.0001,8,-1.1577368740178786,144,True,True,True,False,55.520627108196976,0.001403481767706405,10,500,46,full
0.0001,9,-1.1453773602878274,110,True,True,True,False,43.77541851051273,0.0011444521413119494,10,500,46,full
0.01,0,-1.1892936281939888,56,True,True,True,False,47.851804418766314,0.001097382700254895,10,500,47,full
0.01,1,-1.2085000111204838,130,True,True,True,False,58.004943143759306,0.0013516110154345891,10,500,47,full
0.01,2,-1.2085000125748164,130,True,True,True,False,58.005026401680844,0.0013516134561418539,10,500,47,full
0.01,3,-1.208500016014416,134,True,True,True,False,58.005223054898906,0.0013516192209362375,10,500,47,full
0.01,4,-1.2085000117008828,131,True,True,True,False,58.004976378434975,0.0013516119897129706,10,500,47,full
0.01,5,-1.2085000208599812,131,True,True,True,False,58.005499480862085,0.0013516273239977776,10,500,47,full
0.01,6,-1.2085000162714954,117,True,True,True,False,58.00523773867237,0.0013516196513786208,10,500,47,full
0.01,7,-1.2085000252096814,131,True,True,True,False,58.00574701358754,0.001351634579863466,10,500,47,full
0.01,8,-1.1892940944434756,93,True,True,True,False,47.89372438137606,0.001098156132740689,10,500,47,full
0.01,9,-1.2085000251286035,122,True,True,True,False,58.00574240508033,0.0013516344447775525,10,500,47,full
0.001,0,-1.1892936279357496,56,True,True,True,False,47.8511240806774,0.001097370137959971,10,500,47,full
0.001,1,-1.2085000101586887,130,True,True,True,False,58.00488804722554,0.0013516094002657237,10,500,47,full
0.001,2,-1.2085000125152114,130,True,True,True,False,58.00502299083887,0.0013516133561534552,10,500,47,full
0.001,3,-1.2085000153765229,134,True,True,True,False,58.005186611913444,0.001351618152637456,10,500,47,full
0.001,4,-1.208500011432265,131,True,True,True,False,58.00496099816251,0.0013516115388392995,10,500,47,full
0.001,5,-1.2085000194249846,131,True,True,True,False,58.00541769245372,0.001351624926507549,10,500,47,full
0.001,6,-1.2085000167001572,115,True,True,True,False,58.005262218185045,0.001351620368972976,10,500,47,full
0.001,7,-1.2085000253503437,131,True,True,True,False,58.00575500918642,0.0013516348142330107,10,500,47,full
0.001,8,-1.1892940905440748,92,True,True,True,False,47.89354477598774,0.0010981528150764222,10,500,47,full
0.001,9,-1.208500011998978,122,True,True,True,False,58.00499344354566,0.001351612489976478,10,500,47,full
0.0001,0,-1.189293627922589,56,True,True,True,True,47.85105571419056,0.0010973688755623583,10,500,47,full
0.0001,1,-1.2085000100606078,130,True,True,True,False,58.00488242713428,0.0013516092355106413,10,500,47,full
0.0001,2,-1.2085000125092,130,True,True,True,False,58.00502264684736,0.001351613346069351,10,500,47,full
0.0001,3,-1.2085000153086667,134,True,True,True,False,58.005182734359124,0.0013516180389703133,10,500,47,full
0.0001,4,-1.208500011404518,131,True,True,True,False,58.00495940915962,0.0013516114922570363,10,500,47,full
0.0001,5,-1.208500019285252,131,True,True,True,False,58.005409725132466,0.0013516246929566014,10,500,47,full
0.0001,6,-1.208500012267326,115,True,True,True,False,58.005008804171226,0.0013516129402725856,10,500,47,full
0.0001,7,-1.208500025364921,131,True,True,True,False,58.00575583777721,0.0013516348385208372,10,500,47,full
0.0001,8,-1.1892941041321903,91,True,True,True,False,47.894167409187226,0.0010981643163563933,10,500,47,full
0.0001,9,-1.2085000105976098,122,True,True,True,False,58.004913194237055,0.001351610137458451,10,500,47,full
0.01,0,-1.220035903492204,186,True,True,True,False,49.46156439001029,0.001096245871575919,10,500,48,full
0.01,1,-1.2200359046282088,203,True,True,True,False,49.461617152534714,0.001096246790855908,10,500,48,full
0.01,2,-1.2200359108282233,203,True,True,True,False,49.46190405769805,0.001096251789574985,10,500,48,full
0.01,3,-1.2200359034132033,95,True,True,True,False,49.46156071888603,0.0010962458076305952,10,500,48,full
0.01,4,-1.2200359185230996,195,True,True,True,False,49.46225768156771,0.0010962579506576815,10,500,48,full
0.01,5,-1.2200359080192786,194,True,True,True,False,49.461774295357586,0.001096249528754863,10,500,48,full
0.01,6,-1.220035916602907,214,True,True,True,False,49.462169689002465,0.0010962564175921849,10,500,48,full
0.01,7,-1.2200354091740249,81,True,True,True,False,49.41542298470082,0.0010954410795907053,10,500,48,full
0.01,8,-1.220035410962603,54,True,True,True,False,49.41833918068671,0.0010954920382312406,10,500,48,full
0.01,9,-1.2200359147015758,216,True,True,True,False,49.46208239673996,0.001096254896727035,10,500,48,full
0.001,0,-1.2200359184582437,185,True,True,True,False,49.46225471235404,0.001096257898924056,10,500,48,full
0.001,1,-1.220035905981313,203,True,True,True,False,49.461679919980035,0.0010962478844552806,10,500,48,full
0.001,2,-1.2200359109364571,203,True,True,True,False,49.46190905014615,0.0010962518765580832,10,500,48,full
0.001,3,-1.2200359044844102,95,True,True,True,False,49.46161047773012,0.0010962466745837456,10,500,48,full
0.001,4,-1.2200359041589004,196,True,True,True,False,49.46159536288297,0.0010962464112205745,10,500,48,full
0.001,5,-1.2200359074676794,194,True,True,True,False,49.46174877057406,0.0010962490840378638,10,500,48,full
0.001,6,-1.2200359154967897,214,True,True,True,False,49.46211892587995,0.001096255533166599,10,500,48,full
0.001,7,-1.2200354091737253,81,True,True,True,True,49.41542638811468,0.0010954411390127704,10,500,48,full
0.001,8,-1.2200354109338714,54,True,True,True,False,49.41831695246821,0.001095491649764404,10,500,48,full
0.001,9,-1.2200359066583706,217,True,True,True,False,49.46171129473936,0.0010962484310888686,10,500,48,full
0.0001,0,-1.2200359183756235,185,True,True,True,False,49.462250929449375,0.0010962578330174005,10,500,48,full
0.0001,1,-1.2200359061172719,203,True,True,True,False,49.46168622197162,0.001096247994254761,10,500,48,full
0.0001,2,-1.220035910939935,203,True,True,True,False,49.461909210693875,0.0010962518793549052,10,500,48,full
0.0001,3,-1.220035904608031,95,True,True,True,False,49.461616216585334,0.0010962467745725289,10,500,48,full
0.0001,4,-1.2200359042564146,196,True,True,True,False,49.46159989114784,0.001096246490116915,10,500,48,full
0.0001,5,-1.2200359074046276,194,True,True,True,False,49.46174585216998,0.0010962490331906873,10,500,48,full
0.0001,6,-1.2200359153813527,214,True,True,True,False,49.46211362509335,0.0010962554408135,10,500,48,full
0.0001,7,-1.2200354091737329,81,True,True,True,False,49.415426237162066,0.001095441136377135,10,500,48,full
0.0001,8,-1.2200354109245266,54,True,True,True,False,49.41830959394338,0.0010954915212598591,10,500,48,full
0.0001,9,-1.22003590744841,217,True,True,True,False,49.46174787841205,0.0010962490684841293,10,500,48,full
0.01,0,-1.292207426927581,86,True,True,True,False,63.140240650784854,0.0014381216177701158,10,500,49,full
0.01,1,-1.292207421889319,84,True,True,True,False,63.13984115695482,0.0014381118487064252,10,500,49,full
0.01,2,-1.2922074282618161,89,True,True,True,False,63.14034592055834,0.0014381241920964289,10,500,49,full
0.01,3,-1.292207429761043,74,True,True,True,False,63.140463984855955,0.0014381270794429726,10,500,49,full
0.01,4,-1.2922074236772725,85,True,True,True,False,63.13998328805527,0.0014381153242546978,10,500,49,full
0.01,5,-1.2781251257493904,62,True,True,True,False,49.053169252220776,0.0011310326286044208,10,500,49,full
0.01,6,-1.2922074200604041,87,True,True,True,False,63.13969535558809,0.0014381082834920025,10,500,49,full
0.01,7,-1.2922074281081193,85,True,True,True,False,63.14033380424635,0.0014381238957927635,10,500,49,full
0.01,8,-1.2922074232616427,86,True,True,True,False,63.13995028361913,0.0014381145171855686,10,500,49,full
0.01,9,-1.2922074247864226,87,True,True,True,False,63.140071257401026,0.0014381174754163207,10,500,49,full
0.001,0,-1.292207426948631,86,True,True,True,False,63.14024231315028,0.001438121658421808,10,500,49,full
0.001,1,-1.2922074210194263,84,True,True,True,False,63.139771860664695,0.0014381101542243675,10,500,49,full
0.001,2,-1.2922074280780274,89,True,True,True,False,63.14033143282175,0.0014381238378030556,10,500,49,full
0.001,3,-1.2922074203159801,75,True,True,True,False,63.13971577786835,0.0014381087829186568,10,500,49,full
0.001,4,-1.2922074238452803,85,True,True,True,False,63.139996623390836,0.001438115650348847,10,500,49,full
0.001,5,-1.2781251257443902,62,True,True,True,False,49.053124493178366,0.0011310318681938003,10,500,49,full
0.001,6,-1.2922074193912458,87,True,True,True,False,63.13964190378587,0.0014381069764779404,10,500,49,full
0.001,7,-1.2922074271570192,85,True,True,True,False,63.14025876730349,0.0014381220607967832,10,500,49,full
0.001,8,-1.2922074221870172,86,True,True,True,False,63.13986484912028,0.0014381124280480374,10,500,49,full
0.001,9,-1.2922074239904238,87,True,True,True,False,63.140008139550154,0.0014381159319571744,10,500,49,full
0.0001,0,-1.2922074269512265,86,True,True,True,False,63.14024251801785,0.0014381216634319772,10,500,49,full
0.0001,1,-1.2922074209308012,84,True,True,True,False,63.13976479548464,0.0014381099814623102,10,500,49,full
0.0001,2,-1.2922074280590023,89,True,True,True,False,63.140329933174804,0.001438123801128805,10,500,49,full
0.0001,3,-1.292207420898736,75,True,True,True,False,63.139762262084986,0.0014381099195720718,10,500,49,full
0.0001,4,-1.2922074238631232,85,True,True,True,False,63.139998039045814,0.0014381156849667647,10,500,49,full
0.0001,5,-1.2781251257441923,62,True,True,True,True,49.05312246733215,0.0011310318337765285,10,500,49,full
0.0001,6,-1.2922074193281472,87,True,True,True,False,63.13963686060621,0.0014381068531618742,10,500,49,full
0.0001,7,-1.2922074270567807,85,True,True,True,False,63.14025085344897,0.001438121867268019,10,500,49,full
0.0001,8,-1.292207422075987,86,True,True,True,False,63.13985601422304,0.0014381122120089198,10,500,49,full
0.0001,9,-1.292207423907093,87,True,True,True,False,63.140001527100345,0.0014381157702599552,10,500,49,full
0.01,0,-1.3174314532892095,77,True,True,True,True,66.77952027294552,0.0014346330747782446,10,500,50,full
0.01,1,-1.3174314618444098,79,True,True,True,False,66.77989643261972,0.0014346498378810873,10,500,50,full
0.01,2,-1.3174314642227913,80,True,True,True,False,66.78000015765893,0.0014346544607800275,10,500,50,full
0.01,3,-1.3174314592547918,79,True,True,True,False,66.77978307995576,0.001434644786186091,10,500,50,full
0.01,4,-1.3174314673509737,79,True,True,True,False,66.78013602679702,0.00143466051640954,10,500,50,full
0.01,5,-1.317431462710446,92,True,True,True,False,66.7799342419778,0.0014346515228870435,10,500,50,full
0.01,6,-1.3174314572060168,82,True,True,True,False,66.77969309086913,0.0014346407759406852,10,500,50,full
0.01,7,-1.3174314534574627,84,True,True,True,False,66.7795277166064,0.0014346334064182214,10,500,50,full
0.01,8,-1.3174314548925306,77,True,True,True,False,66.77959113863898,0.0014346362326414814,10,500,50,full
0.01,9,-1.3174314603664818,75,True,True,True,False,66.77983179648395,0.0014346469573610408,10,500,50,full
0.001,0,-1.3174314533617908,77,True,True,True,False,66.77952348467188,0.0014346332178951722,10,500,50,full
0.001,1,-1.3174314648103806,79,True,True,True,False,66.7800257246707,0.001434655600182067,10,500,50,full
0.001,2,-1.3174314644419574,80,True,True,True,False,66.78000969724702,0.0014346548859490355,10,500,50,full
0.001,3,-1.3174314580382656,79,True,True,True,False,66.77972967846797,0.00143464240636717,10,500,50,full
0.001,4,-1.3174314672011402,79,True,True,True,False,66.7801295330588,0.0014346602269764974,10,500,50,full
0.001,5,-1.3174314629187451,92,True,True,True,False,66.77994332907579,0.0014346519278783598,10,500,50,full
0.001,6,-1.3174314677483272,85,True,True,True,False,66.78015324178311,0.001434661283741727,10,500,50,full
0.001,7,-1.317431454502419,84,True,True,True,False,66.77957391056039,0.0014346354648805148,10,500,50,full
0.001,8,-1.3174314549106123,77,True,True,True,False,66.77959193702175,0.0014346362682187406,10,500,50,full
0.001,9,-1.3174314598353736,75,True,True,True,False,66.7798085331234,0.0014346459206101476,10,500,50,full
0.0001,0,-1.3174314533702394,77,True,True,True,False,66.77952385852217,0.0014346332345549246,10,500,50,full
0.0001,1,-1.3174314651039323,79,True,True,True,False,66.78003849041065,0.0014346561691410864,10,500,50,full
0.0001,2,-1.3174314644670768,80,True,True,True,False,66.78001079033898,0.0014346549346670374,10,500,50,full
0.0001,3,-1.3174314579128503,79,True,True,True,False,66.7797241676783,0.001434642160782998,10,500,50,full
0.0001,4,-1.3174314671849805,79,True,True,True,False,66.78012883269125,0.0014346601957615057,10,500,50,full
0.0001,5,-1.3174314629404946,92,True,True,True,False,66.779944277633,0.0014346519701531589,10,500,50,full
0.0001,6,-1.3174314566029317,82,True,True,True,False,66.77966654810153,0.0014346395931019134,10,500,50,full
0.0001,7,-1.3174314546033237,84,True,True,True,False,66.77957836758961,0.0014346356634933545,10,500,50,full
0.0001,8,-1.3174314549142458,77,True,True,True,False,66.77959209731607,0.0014346362753622844,10,500,50,full
0.0001,9,-1.3174314597794214,75,True,True,True,False,66.77980608137146,0.0014346458113471945,10,500,50,full
0.01,0,-1.3390663432889633,68,True,True,True,False,72.58342912458177,0.0014556062858344751,10,500,51,full
0.01,1,-1.3390663510295375,60,True,True,True,False,72.58377607498555,0.0014556189464246224,10,500,51,full
0.01,2,-1.339066351522161,71,True,True,True,False,72.58379772579417,0.001455619727192304,10,500,51,full
0.01,3,-1.3390660741965352,64,True,True,True,False,72.56155270764326,0.0014548088281191428,10,500,51,full
0.01,4,-1.339066083653558,52,True,True,True,False,72.56144193766183,0.0014548114977240999,10,500,51,full
0.01,5,-1.3384404120831572,86,True,True,True,False,51.46446296141744,0.0010486450086692625,10,500,51,full
0.01,6,-1.339066350898962,74,True,True,True,False,72.58377008036751,0.001455618721366977,10,500,51,full
0.01,7,-1.3384404119377988,61,True,True,True,False,51.46356744003431,0.001048632133679431,10,500,51,full
0.01,8,-1.338440412859837,95,True,True,True,False,51.46052603810583,0.001048588407090204,10,500,51,full
0.01,9,-1.3390663449020965,75,True,True,True,False,72.58350174061135,0.0014556089322728238,10,500,51,full
0.001,0,-1.3390663448438924,68,True,True,True,False,72.58349917925742,0.0014556088409698232,10,500,51,full
0.001,1,-1.339066352190434,60,True,True,True,False,72.58382766397386,0.0014556208280132215,10,500,51,full
0.001,2,-1.3390663515825587,71,True,True,True,False,72.58380040980713,0.0014556198250818783,10,500,51,full
0.001,3,-1.3390660764425424,64,True,True,True,False,72.56232801382342,0.0014548370999539501,10,500,51,full
0.001,4,-1.3390660767493556,55,True,True,True,False,72.56080089586274,0.0014547842372850575,10,500,51,full
0.001,5,-1.3384404119326074,86,True,True,True,False,51.46344731702669,0.0010486304066052844,10,500,51,full
0.001,6,-1.3390663469472666,72,True,True,True,False,72.5835935957404,0.0014556122836045149,10,500,51,full
0.001,7,-1.3384404120703557,54,True,True,True,False,51.464405324846965,0.0010486441810342677,10,500,51,full
0.001,8,-1.3384404119467643,96,True,True,True,False,51.46296275402188,0.0010486234399784452,10,500,51,full
0.001,9,-1.3390663444824016,75,True,True,True,False,72.58348285569883,0.0014556082435485292,10,500,51,full
0.0001,0,-1.339066345075992,68,True,True,True,False,72.58350961881868,0.0014556092217314436,10,500,51,full
0.0001,1,-1.3390663523138382,60,True,True,True,False,72.58383314195274,0.0014556210278103142,10,500,51,full
0.0001,2,-1.3390663515713228,71,True,True,True,False,72.58379991050153,0.001455619806870875,10,500,51,full
0.0001,3,-1.3390660767482616,64,True,True,True,False,72.56242126613992,0.0014548405004003093,10,500,51,full
0.0001,4,-1.3390660810174193,56,True,True,True,False,72.56287554985296,0.0014548591273674779,10,500,51,full
0.0001,5,-1.338440411930962,86,True,True,True,True,51.46334347930651,0.0010486289137167522,10,500,51,full
0.0001,6,-1.33906634680147,72,True,True,True,False,72.58358705823436,0.0014556120450519559,10,500,51,full
0.0001,7,-1.3384404119569062,53,True,True,True,False,51.46376515894195,0.0010486349777664135,10,500,51,full
0.0001,8,-1.3384404119874689,96,True,True,True,False,51.46263717969431,0.0010486187591581626,10,500,51,full
0.0001,9,-1.3390663444364,75,True,True,True,False,72.58348078480695,0.0014556081680242939,10,500,51,full
0.01,0,-1.2391410735441861,78,True,True,True,True,37.56524489382201,0.001252894493991363,20,1000,42,full
0.01,1,-1.245788376411778,71,True,True,True,False,51.04139340617853,0.001857261044943334,20,1000,42,full
0.01,2,-1.245788375921974,69,True,True,True,False,51.04133399362058,0.0018572570169559642,20,1000,42,full
0.01,3,-1.245788377717954,66,True,True,True,False,51.04154966329002,0.001857271636035253,20,1000,42,full
0.01,4,-1.245788375399907,63,True,True,True,False,51.04127022368021,0.0018572526945391935,20,1000,42,full
0.01,5,-1.245788377130266,75,True,True,True,False,51.041479691693695,0.0018572668926175344,20,1000,42,full
0.01,6,-1.2457883748314722,64,True,True,True,False,51.041200198412376,0.001857247947801067,20,1000,42,full
0.01,7,-1.245788375138482,69,True,True,True,False,51.041238088009536,0.0018572505159998344,20,1000,42,full
0.01,8,-1.2457883780446162,65,True,True,True,False,51.04158830564769,0.0018572742556529625,20,1000,42,full
0.01,9,-1.2457883754755832,70,True,True,True,False,51.04127949104523,0.001857253322495338,20,1000,42,full
0.001,0,-1.239141074470485,80,True,True,True,False,37.565347168364056,0.001252897865229263,20,1000,42,full
0.001,1,-1.2457883764409103,71,True,True,True,False,51.04139692546691,0.001857261283487712,20,1000,42,full
0.001,2,-1.2457883758247927,69,True,True,True,False,51.04132215971608,0.0018572562148083636,20,1000,42,full
0.001,3,-1.2457883776167078,66,True,True,True,False,51.04153765272967,0.001857270821890076,20,1000,42,full
0.001,4,-1.2457883754282502,63,True,True,True,False,51.04127369907868,0.0018572529301135595,20,1000,42,full
0.001,5,-1.2457883771076652,75,True,True,True,False,51.04147698924071,0.0018572667094304263,20,1000,42,full
0.001,6,-1.245788374990378,64,True,True,True,False,51.0412198348933,0.0018572492788244096,20,1000,42,full
0.001,7,-1.2457883751308874,69,True,True,True,False,51.04123715278654,0.001857250452607793,20,1000,42,full
0.001,8,-1.2457883780549395,65,True,True,True,False,51.04158952284486,0.0018572743381633256,20,1000,42,full
0.001,9,-1.2457883754038646,70,True,True,True,False,51.041270698379535,0.0018572527265031539,20,1000,42,full
0.0001,0,-1.2391410753007857,80,True,True,True,False,37.56543829421273,0.001252900869008302,20,1000,42,full
0.0001,1,-1.24578837644392,71,True,True,True,False,51.04139728890396,0.0018572613081225364,20,1000,42,full
0.0001,2,-1.2457883758147668,69,True,True,True,False,51.04132093481395,0.001857256131779985,20,1000,42,full
0.0001,3,-1.2457883776062313,66,True,True,True,False,51.04153640905971,0.0018572707375859132,20,1000,42,full
0.0001,4,-1.2457883754314352,63,True,True,True,False,51.041274090622686,0.0018572529566544423,20,1000,42,full
0.0001,5,-1.2457883771052418,75,True,True,True,False,51.04147670123488,0.0018572666899080415,20,1000,42,full
0.0001,6,-1.2457883750060141,64,True,True,True,False,51.041221763439374,0.0018572494095484638,20,1000,42,full
0.0001,7,-1.2457883751301138,69,True,True,True,False,51.04123705603138,0.001857250446050094,20,1000,42,full
0.0001,8,-1.245788378056127,65,True,True,True,False,51.04158966424612,0.0018572743477468085,20,1000,42,full
0.0001,9,-1.245788375396426,70,True,True,True,False,51.041269787942504,0.00185725266479101,20,1000,42,full
0.01,0,-1.2396336013907536,89,True,True,True,True,37.79776352825566,0.0012696912987202537,20,1000,43,full
0.01,1,-1.245664976289118,66,True,True,True,False,51.24261213723413,0.001852616670172013,20,1000,43,full
0.01,2,-1.2456649760094465,66,True,True,True,False,51.24257624214847,0.0018526145026184209,20,1000,43,full
0.01,3,-1.2456649767863834,60,True,True,True,False,51.242675484081694,0.001852620493667366,20,1000,43,full
0.01,4,-1.239633680815985,84,True,True,True,False,37.817602827719114,0.0012703358837997023,20,1000,43,full
0.01,5,-1.2456649740791423,52,True,True,True,False,51.24232536578578,0.001852599366140515,20,1000,43,full
0.01,6,-1.2456649742634702,66,True,True,True,False,51.24234905191677,0.0018526007866985516,20,1000,43,full
0.01,7,-1.2456649738144974,65,True,True,True,False,51.24228967177343,0.001852597201809082,20,1000,43,full
0.01,8,-1.2456649752352784,70,True,True,True,False,51.24247621546187,0.0018526084636708918,20,1000,43,full
0.01,9,-1.2456649761363803,67,True,True,True,False,51.242592526544705,0.0018526154856110266,20,1000,43,full
0.001,0,-1.2396336014438332,89,True,True,True,False,37.79772572417705,0.0012696900717837393,20,1000,43,full
0.001,1,-1.245664976030505,66,True,True,True,False,51.242578983844744,0.0018526146686430108,20,1000,43,full
0.001,2,-1.2456649760741447,66,True,True,True,False,51.24258455264093,0.0018526150043658464,20,1000,43,full
0.001,3,-1.2456649768354588,60,True,True,True,False,51.24268171762092,0.001852620870008604,20,1000,43,full
0.001,4,-1.2396336823800067,84,True,True,True,False,37.81776828540458,0.0012703412654269518,20,1000,43,full
0.001,5,-1.2456649759326142,52,True,True,True,False,51.24256701227109,0.0018526139546239777,20,1000,43,full
0.001,6,-1.2456649742507784,66,True,True,True,False,51.24234737979207,0.0018526006857502858,20,1000,43,full
0.001,7,-1.24566497382462,65,True,True,True,False,51.24229101420175,0.0018525972828524414,20,1000,43,full
0.001,8,-1.2456649751501263,70,True,True,True,False,51.242465146359926,0.001852607795411457,20,1000,43,full
0.001,9,-1.2456649761144134,67,True,True,True,False,51.242589708750295,0.001852615315493683,20,1000,43,full
0.0001,0,-1.2396336014493596,89,True,True,True,False,37.7977218200491,0.0012696899450747737,20,1000,43,full
0.0001,1,-1.2456649760040812,66,True,True,True,False,51.242575588448844,0.001852614463656476,20,1000,43,full
0.0001,2,-1.245664976081391,66,True,True,True,False,51.24258548353489,0.0018526150605689842,20,1000,43,full
0.0001,3,-1.2456649768395647,60,True,True,True,False,51.24268224074447,0.0018526209015914425,20,1000,43,full
0.0001,4,-1.2396336825424978,84,True,True,True,False,37.817785385325244,0.0012703418216196694,20,1000,43,full
0.0001,5,-1.245664976110627,52,True,True,True,False,51.242589879030234,0.0018526153351273416,20,1000,43,full
0.0001,6,-1.2456649742495356,66,True,True,True,False,51.24234721693107,0.0018526006759176244,20,1000,43,full
0.0001,7,-1.2456649738257681,65,True,True,True,False,51.242291167283604,0.0018525972920944696,20,1000,43,full
0.0001,8,-1.245664975141195,70,True,True,True,False,51.24246398490427,0.0018526077252931622,20,1000,43,full
0.0001,9,-1.2456649761121275,67,True,True,True,False,51.24258941601184,0.001852615297819978,20,1000,43,full
0.01,0,-1.2485426809259874,74,True,True,True,False,51.904516928000305,0.0018124015838364327,20,1000,44,full
0.01,1,-1.2400087200506904,80,True,True,True,False,37.92650932276803,0.0012420995419771261,20,1000,44,full
0.01,2,-1.2485426822727754,63,True,True,True,False,51.904670613986426,0.0018124120461991426,20,1000,44,full
0.01,3,-1.2400087215403672,80,True,True,True,False,37.926675857269494,0.0012421046431107191,20,1000,44,full
0.01,4,-1.2485426807299997,69,True,True,True,False,51.904494327191294,0.0018124000452997451,20,1000,44,full
0.01,5,-1.2485426820106449,69,True,True,True,False,51.904640926513515,0.001812410025284282,20,1000,44,full
0.01,6,-1.2485426807879207,65,True,True,True,False,51.90450102688239,0.0018124005016387547,20,1000,44,full
0.01,7,-1.240008650038808,77,True,True,True,False,37.907777795865556,0.0012415263005292278,20,1000,44,full
0.01,8,-1.2485426823942516,65,True,True,True,False,51.904684401393716,0.0018124129859587424,20,1000,44,full
0.01,9,-1.2485426823761674,70,True,True,True,False,51.904682295815576,0.0018124128414491608,20,1000,44,full
0.001,0,-1.2485426808925078,74,True,True,True,False,51.90451307116557,0.0018124013212766849,20,1000,44,full
0.001,1,-1.2400087203421182,80,True,True,True,False,37.92654203669823,0.0012421005440328035,20,1000,44,full
0.001,2,-1.2485426823431487,63,True,True,True,False,51.90467856657336,0.0018124125875972343,20,1000,44,full
0.001,3,-1.2400087187950535,81,True,True,True,False,37.92636760431985,0.0012420952010610052,20,1000,44,full
0.001,4,-1.2485426808996138,69,True,True,True,False,51.90451389299451,0.0018124013772722138,20,1000,44,full
0.001,5,-1.248542681996853,69,True,True,True,False,51.90463936215919,0.001812409918785344,20,1000,44,full
0.001,6,-1.2485426807302316,65,True,True,True,False,51.90449436794842,0.0018124000483241652,20,1000,44,full
0.001,7,-1.2400086499616827,77,True,True,True,False,37.907832830894726,0.001241527983245182,20,1000,44,full
0.001,8,-1.2485426824676038,65,True,True,True,False,51.904692678261306,0.001812413549429132,20,1000,44,full
0.001,9,-1.2485426823380188,70,True,True,True,False,51.90467798624756,0.001812412548063208,20,1000,44,full
0.0001,0,-1.2485426808889486,74,True,True,True,False,51.904512659631116,0.0018124012932615912,20,1000,44,full
0.0001,1,-1.2400087203712171,80,True,True,True,False,37.92654529870731,0.001242100643951007,20,1000,44,full
0.0001,2,-1.2485426823496066,63,True,True,True,False,51.90467929793889,0.0018124126373878849,20,1000,44,full
0.0001,3,-1.2400087189055642,81,True,True,True,False,37.92638012675498,0.0012420955846277953,20,1000,44,full
0.0001,4,-1.2485426809182516,69,True,True,True,False,51.90451603877348,0.00181240152334962,20,1000,44,full
0.0001,5,-1.2485426819955148,69,True,True,True,False,51.90463921019537,0.0018124099084407717,20,1000,44,full
0.0001,6,-1.2485426807245428,65,True,True,True,False,51.90449371046445,0.0018124000035632292,20,1000,44,full
0.0001,7,-1.2400086499538234,77,True,True,True,True,37.9078385126473,0.0012415281569668091,20,1000,44,full
0.0001,8,-1.2485426824751553,65,True,True,True,False,51.90469353118432,0.001812413607493369,20,1000,44,full
0.0001,9,-1.2485426823344088,70,True,True,True,False,51.904677580259516,0.0018124125204244737,20,1000,44,full
0.01,0,-1.2678736707140348,84,True,True,True,False,38.00309923985788,0.0012516302085435718,20,1000,45,full
0.01,1,-1.2764844144410352,54,True,True,True,False,52.597543723883206,0.0018213752696624602,20,1000,45,full
0.01,2,-1.2764844145649266,70,True,True,True,False,52.59755789342031,0.001821376275508917,20,1000,45,full
0.01,3,-1.276484413119828,65,True,True,True,False,52.5973927717248,0.0018213645979719855,20,1000,45,full
0.01,4,-1.2764844149860017,65,True,True,True,False,52.597605183308154,0.0018213796166945267,20,1000,45,full
0.01,5,-1.2764844145417933,68,True,True,True,False,52.59755515090043,0.0018213760784953174,20,1000,45,full
0.01,6,-1.267873605977385,56,True,True,True,False,37.98499850720465,0.0012510842342668943,20,1000,45,full
0.01,7,-1.276484414710893,63,True,True,True,False,52.59757425634959,0.0018213774300554967,20,1000,45,full
0.01,8,-1.2764844153536317,64,True,True,True,False,52.597646284046036,0.0018213825220392123,20,1000,45,full
0.01,9,-1.2678736059379143,64,True,True,True,False,37.98500985144463,0.001251084525212807,20,1000,45,full
0.001,0,-1.2678736703646454,84,True,True,True,False,38.0030584414492,0.0012516289769150246,20,1000,45,full
0.001,1,-1.2764844151027144,54,True,True,True,False,52.59761821201821,0.0018213805366355414,20,1000,45,full
0.001,2,-1.2764844132502176,70,True,True,True,False,52.59740792197832,0.0018213656717585107,20,1000,45,full
0.001,3,-1.2764844132116047,65,True,True,True,False,52.597403364244734,0.0018213653469507545,20,1000,45,full
0.001,4,-1.2764844149753993,65,True,True,True,False,52.597603992439474,0.0018213795324884489,20,1000,45,full
0.001,5,-1.2764844144784733,68,True,True,True,False,52.5975479967568,0.0018213755726486493,20,1000,45,full
0.001,6,-1.2678736053113195,57,True,True,True,False,37.985517016611944,0.0012510998482079328,20,1000,45,full
0.001,7,-1.2764844152078734,63,True,True,True,False,52.59763004075217,0.0018213813744845293,20,1000,45,full
0.001,8,-1.2764844152259007,64,True,True,True,False,52.59763201699564,0.0018213815132507483,20,1000,45,full
0.001,9,-1.267873605960787,64,True,True,True,False,37.9849936262937,0.00125108403612603,20,1000,45,full
0.0001,0,-1.2678736703282836,84,True,True,True,False,38.00305419086652,0.0012516288485978635,20,1000,45,full
0.0001,1,-1.2764844151708115,54,True,True,True,False,52.59762583459034,0.0018213810756230388,20,1000,45,full
0.0001,2,-1.27648441312202,70,True,True,True,False,52.59739313168514,0.0018213646260284056,20,1000,45,full
0.0001,3,-1.276484413222787,65,True,True,True,False,52.597404655590964,0.0018213654382585377,20,1000,45,full
0.0001,4,-1.2764844149744041,65,True,True,True,False,52.59760387995917,0.001821379524534705,20,1000,45,full
0.0001,5,-1.276484414466695,68,True,True,True,False,52.59754666317429,0.0018213754783558424,20,1000,45,full
0.0001,6,-1.2678736052865218,72,True,True,True,True,37.98552548495623,0.0012511000685701073,20,1000,45,full
0.0001,7,-1.2764844152566606,63,True,True,True,False,52.597635494978434,0.0018213817601464624,20,1000,45,full
0.0001,8,-1.276484415212873,64,True,True,True,False,52.597630560708126,0.0018213814102808455,20,1000,45,full
0.0001,9,-1.2678736059619529,64,True,True,True,False,37.984992794855806,0.0012510840110638403,20,1000,45,full
0.01,0,-1.2682714086659024,63,True,True,True,False,51.784824395144526,0.0017987549063489465,20,1000,46,full
0.01,1,-1.2682714088589468,70,True,True,True,False,51.78483535089319,0.0017987555557475738,20,1000,46,full
0.01,2,-1.268271409209374,49,True,True,True,False,51.784634883871256,0.0017987436837111205,20,1000,46,full
0.01,3,-1.2682714114963627,58,True,True,True,False,51.78476257563005,0.001798751180612821,20,1000,46,full
0.01,4,-1.2682714122353413,60,True,True,True,False,51.78479730176949,0.001798753233502115,20,1000,46,full
0.01,5,-1.2682714117841705,68,True,True,True,False,51.78464858075065,0.0017987443817204622,20,1000,46,full
0.01,6,-1.2682714119463059,62,True,True,True,False,51.7845829981492,0.0017987404729302465,20,1000,46,full
0.01,7,-1.2682714111607862,63,True,True,True,False,51.784483567356524,0.0017987345640431735,20,1000,46,full
0.01,8,-1.2682714122469458,65,True,True,True,False,51.78454013733094,0.0017987379143346118,20,1000,46,full
0.01,9,-1.268271412551879,68,True,True,True,False,51.78473582187626,0.0017987495654776934,20,1000,46,full
0.001,0,-1.2682714080704494,63,True,True,True,False,51.78474242505945,0.0017987500338662982,20,1000,46,full
0.001,1,-1.2682714088614873,70,True,True,True,False,51.7848357694908,0.0017987555806379004,20,1000,46,full
0.001,2,-1.2682714100575474,50,True,True,True,False,51.784794567641484,0.0017987531560406734,20,1000,46,full
0.001,3,-1.268271411722796,58,True,True,True,False,51.78479048555893,0.001798752839252809,20,1000,46,full
0.001,4,-1.2682714121951755,60,True,True,True,False,51.78479298558047,0.001798752977074777,20,1000,46,full
0.001,5,-1.2682714120183294,68,True,True,True,False,51.78467687452579,0.0017987460630252516,20,1000,46,full
0.001,6,-1.2682714118036686,62,True,True,True,False,51.78456652644299,0.0017987394942645912,20,1000,46,full
0.001,7,-1.2682714111469202,63,True,True,True,False,51.78448212665809,0.0017987344784737148,20,1000,46,full
0.001,8,-1.2682714122608647,65,True,True,True,False,51.78454150618228,0.0017987379956264352,20,1000,46,full
0.001,9,-1.2682714124452794,68,True,True,True,False,51.78472382061445,0.0017987488524170245,20,1000,46,full
0.0001,0,-1.2682714080095776,63,True,True,True,True,51.7847339987934,0.001798749532993382,20,1000,46,full
0.0001,1,-1.2682714088617333,70,True,True,True,False,51.78483580866432,0.0017987555829671621,20,1000,46,full
0.0001,2,-1.2682714104049508,50,True,True,True,False,51.78484256824922,0.0017987560090980633,20,1000,46,full
0.0001,3,-1.2682714117460725,58,True,True,True,False,51.78479334996909,0.00179875300948004,20,1000,46,full
0.0001,4,-1.2682714121913456,60,True,True,True,False,51.78479257365456,0.0017987529526027658,20,1000,46,full
0.0001,5,-1.2682714120427925,68,True,True,True,False,51.78467983223395,0.0017987462387831128,20,1000,46,full
0.0001,6,-1.2682714117889757,62,True,True,True,False,51.78456483011341,0.0017987393934778655,20,1000,46,full
0.0001,7,-1.2682714111462936,63,True,True,True,False,51.78448206539534,0.0017987344748348138,20,1000,46,full
0.0001,8,-1.268271412262356,65,True,True,True,False,51.78454165252568,0.0017987380043172233,20,1000,46,full
0.0001,9,-1.2682714124346022,68,True,True,True,False,51.784722628029,0.0017987487815614123,20,1000,46,full
0.01,0,-1.2150870252307047,72,True,True,True,False,51.396679291009725,0.0017653433428151887,20,1000,47,full
0.01,1,-1.2150870240143379,75,True,True,True,False,51.396519189475,0.0017653340825408703,20,1000,47,full
0.01,2,-1.2150870231505713,69,True,True,True,False,51.39640384309486,0.0017653274115491634,20,1000,47,full
0.01,3,-1.2150870246175725,69,True,True,True,False,51.396598949302934,0.0017653386961231543,20,1000,47,full
0.01,4,-1.2150870244533898,71,True,True,True,False,51.39657732054704,0.0017653374452316236,20,1000,47,full
0.01,5,-1.215087022490503,63,True,True,True,False,51.396314756417574,0.001765322260032507,20,1000,47,full
0.01,6,-1.2150870253787582,70,True,True,True,False,51.39669861149323,0.0017653444605737068,20,1000,47,full
0.01,7,-1.200993538257781,73,True,True,True,True,37.60511659989382,0.0012120698756981942,20,1000,47,full
0.01,8,-1.2009936072355194,111,True,True,True,False,37.62197204881565,0.001212555345435057,20,1000,47,full
0.01,9,-1.215087023226955,71,True,True,True,False,51.396414128747196,0.001765328006813932,20,1000,47,full
0.001,0,-1.2150870252172692,72,True,True,True,False,51.39667753801115,0.0017653432414226579,20,1000,47,full
0.001,1,-1.2150870239600788,75,True,True,True,False,51.3965119865027,0.001765333665942961,20,1000,47,full
0.001,2,-1.215087023138374,69,True,True,True,False,51.3964022037271,0.0017653273167345543,20,1000,47,full
0.001,3,-1.2150870246150216,69,True,True,True,False,51.396598613191905,0.001765338676680387,20,1000,47,full
0.001,4,-1.215087024438322,71,True,True,True,False,51.396575331387965,0.001765337330180409,20,1000,47,full
0.001,5,-1.215087022762293,63,True,True,True,False,51.396351566806416,0.0017653243889728884,20,1000,47,full
0.001,6,-1.215087025263098,70,True,True,True,False,51.39668353620001,0.0017653435886281334,20,1000,47,full
0.001,7,-1.2009935385765287,73,True,True,True,False,37.604751060576376,0.0012120593567548756,20,1000,47,full
0.001,8,-1.2009936070121792,110,True,True,True,False,37.6219471032562,0.001212554626330732,20,1000,47,full
0.001,9,-1.215087023187846,71,True,True,True,False,51.39640887409274,0.0017653277029027953,20,1000,47,full
0.0001,0,-1.2150870252159442,72,True,True,True,False,51.39667736484488,0.0017653432314065928,20,1000,47,full
0.0001,1,-1.2150870238631313,75,True,True,True,False,51.39649909881407,0.0017653329205550184,20,1000,47,full
0.0001,2,-1.2150870231371071,69,True,True,True,False,51.39640203294751,0.0017653273068569527,20,1000,47,full
0.0001,3,-1.2150870246110363,69,True,True,True,False,51.39659808944102,0.0017653386463871701,20,1000,47,full
0.0001,4,-1.2150870244367733,71,True,True,True,False,51.396575127629504,0.001765337318394162,20,1000,47,full
0.0001,5,-1.2150870227894042,63,True,True,True,False,51.396355230230334,0.0017653246008481362,20,1000,47,full
0.0001,6,-1.21508702525121,70,True,True,True,False,51.396681985142585,0.001765343498917124,20,1000,47,full
0.0001,7,-1.2009935386152184,73,True,True,True,False,37.60471192510536,0.0012120582305962864,20,1000,47,full
0.0001,8,-1.2009936066400164,110,True,True,True,False,37.62190544461326,0.0012125534254436494,20,1000,47,full
0.0001,9,-1.2150870231835846,71,True,True,True,False,51.39640830091029,0.0017653276697523223,20,1000,47,full
0.01,0,-1.2297296809233995,67,True,True,True,False,49.91675682822812,0.001790979365880384,20,1000,48,full
0.01,1,-1.22972965173882,39,True,True,True,False,49.90882361337401,0.0017904307808283455,20,1000,48,full
0.01,2,-1.2297296807246225,67,True,True,True,False,49.91673302728319,0.0017909777022534648,20,1000,48,full
0.01,3,-1.2297296498943437,64,True,True,True,False,49.907988056595634,0.0017903670124776317,20,1000,48,full
0.01,4,-1.2297296822357995,60,True,True,True,False,49.916912250249005,0.0017909902318699014,20,1000,48,full
0.01,5,-1.2297296792822707,66,True,True,True,False,49.916558066681816,0.0017909654735094246,20,1000,48,full
0.01,6,-1.2297296808362805,65,True,True,True,False,49.9167464165374,0.0017909786383406936,20,1000,48,full
0.01,7,-1.2297296799929436,72,True,True,True,False,49.91664480810658,0.001790971536685154,20,1000,48,full
0.01,8,-1.218577150776647,74,True,True,True,True,36.80062725236504,0.0012117250467267814,20,1000,48,full
0.01,9,-1.2297296790909753,62,True,True,True,False,49.916534571524465,0.0017909638317551851,20,1000,48,full
0.001,0,-1.2297296807216216,67,True,True,True,False,49.91673267029913,0.0017909776773481663,20,1000,48,full
0.001,1,-1.2297296501140795,51,True,True,True,False,49.90786398568982,0.001790358451334445,20,1000,48,full
0.001,2,-1.2297296804791136,67,True,True,True,False,49.9167035318793,0.0017909756406716349,20,1000,48,full
0.001,3,-1.2297296496536376,64,True,True,True,False,49.90819001060466,0.0017903811038467929,20,1000,48,full
0.001,4,-1.2297296792143206,61,True,True,True,False,49.916549812071096,0.0017909648983254096,20,1000,48,full
0.001,5,-1.229729679101095,66,True,True,True,False,49.91653579682338,0.0017909639170132208,20,1000,48,full
0.001,6,-1.2297296808339448,65,True,True,True,False,49.916746136803724,0.001790978618787605,20,1000,48,full
0.001,7,-1.2297296800644777,72,True,True,True,False,49.91665348138949,0.0017909721429015858,20,1000,48,full
0.001,8,-1.2185771510598715,74,True,True,True,False,36.80042349028648,0.0012117194640464586,20,1000,48,full
0.001,9,-1.2297296790851482,62,True,True,True,False,49.91653385278432,0.0017909637815146007,20,1000,48,full
0.0001,0,-1.229729680700907,67,True,True,True,False,49.91673018520337,0.0017909775036507914,20,1000,48,full
0.0001,1,-1.2297296501024744,52,True,True,True,False,49.907862251126154,0.0017903583030364025,20,1000,48,full
0.0001,2,-1.2297296804542068,67,True,True,True,False,49.916700533596995,0.001790975431106317,20,1000,48,full
0.0001,3,-1.229729651088448,63,True,True,True,False,49.907283411998314,0.0017903178508313332,20,1000,48,full
0.0001,4,-1.2297296792413912,61,True,True,True,False,49.91655313642327,0.0017909651306690644,20,1000,48,full
0.0001,5,-1.229729679082589,66,True,True,True,False,49.91653351765951,0.0017909637577176606,20,1000,48,full
0.0001,6,-1.229729680833701,65,True,True,True,False,49.91674610794581,0.001790978616770687,20,1000,48,full
0.0001,7,-1.2297296800722393,72,True,True,True,False,49.9166544199506,0.0017909722085017443,20,1000,48,full
0.0001,8,-1.2185771510901846,74,True,True,True,False,36.80040269419667,0.0012117188942795164,20,1000,48,full
0.0001,9,-1.2297296790846721,62,True,True,True,False,49.91653379391371,0.0017909637773993665,20,1000,48,full
0.01,0,-1.2423613069170627,63,True,True,True,False,51.27851008785551,0.0017943257052501365,20,1000,49,full
0.01,1,-1.2423613076402464,67,True,True,True,False,51.27859160903652,0.0017943316744354577,20,1000,49,full
0.01,2,-1.2423613088328367,70,True,True,True,False,51.278724031774786,0.0017943413725615058,20,1000,49,full
0.01,3,-1.2423613078371754,64,True,True,True,False,51.27861369660516,0.0017943332933402646,20,1000,49,full
0.01,4,-1.2423613089483025,62,True,True,True,False,51.27873674589178,0.0017943423044115621,20,1000,49,full
0.01,5,-1.2423613064009649,64,True,True,True,True,51.27845125994378,0.0017943213964200782,20,1000,49,full
0.01,6,-1.242361309280536,78,True,True,True,False,51.278773068809315,0.0017943449629852309,20,1000,49,full
0.01,7,-1.2423613084739191,60,True,True,True,False,51.27868490612919,0.0017943385201339343,20,1000,49,full
0.01,8,-1.2423613078458404,61,True,True,True,False,51.27861464567409,0.0017943333623203466,20,1000,49,full
0.01,9,-1.2423613083587952,70,True,True,True,False,51.278671671612244,0.001794337537210256,20,1000,49,full
0.001,0,-1.2423613069758062,63,True,True,True,False,51.27851675043545,0.0017943261931849155,20,1000,49,full
0.001,1,-1.2423613074117656,67,True,True,True,False,51.27856594644231,0.001794329794964833,20,1000,49,full
0.001,2,-1.2423613087934586,70,True,True,True,False,51.27871969654937,0.0017943410550461689,20,1000,49,full
0.001,3,-1.242361307851888,64,True,True,True,False,51.27861534176776,0.0017943334138345083,20,1000,49,full
0.001,4,-1.2423613086982515,62,True,True,True,False,51.278709234663744,0.0017943402894830096,20,1000,49,full
0.001,5,-1.2423613096261605,63,True,True,True,False,51.278810825669304,0.001794347731178483,20,1000,49,full
0.001,6,-1.2423613093743786,78,True,True,True,False,51.278783313559856,0.0017943457133182167,20,1000,49,full
0.001,7,-1.2423613068364678,60,True,True,True,False,51.278501340800375,0.00179432507627166,20,1000,49,full
0.001,8,-1.2423613078437465,61,True,True,True,False,51.27861441324635,0.0017943333453062408,20,1000,49,full
0.001,9,-1.2423613080732905,70,True,True,True,False,51.27863996041526,0.0017943352147187389,20,1000,49,full
0.0001,0,-1.2423613069819606,63,True,True,True,False,51.278517447125246,0.0017943262442078416,20,1000,49,full
0.0001,1,-1.2423613073799373,67,True,True,True,False,51.2785623621135,0.0017943295324576636,20,1000,49,full
0.0001,2,-1.2423613087894385,70,True,True,True,False,51.27871925375163,0.0017943410226150826,20,1000,49,full
0.0001,3,-1.2423613078534352,64,True,True,True,False,51.27861551358888,0.0017943334264194264,20,1000,49,full
0.0001,4,-1.2423613086728773,62,True,True,True,False,51.278706436366804,0.0017943400845348689,20,1000,49,full
0.0001,5,-1.2423613096198391,63,True,True,True,False,51.27881013993849,0.001794347680953982,20,1000,49,full
0.0001,6,-1.2423613093840569,78,True,True,True,False,51.27878436733263,0.001794345790496558,20,1000,49,full
0.0001,7,-1.2423613066655121,60,True,True,True,False,51.2784818911591,0.0017943236518696668,20,1000,49,full
0.0001,8,-1.2423613078434994,61,True,True,True,False,51.278614384615764,0.001794333343209497,20,1000,49,full
0.0001,9,-1.2423613080437172,70,True,True,True,False,51.2786366648638,0.0017943349733568613,20,1000,49,full
0.01,0,-1.2561426237861228,66,True,True,True,False,51.954704487053796,0.0017877522142615153,20,1000,50,full
0.01,1,-1.2561426047373851,69,True,True,True,False,51.948767841459095,0.001787248555698324,20,1000,50,full
0.01,2,-1.2561426230100623,65,True,True,True,False,51.954652262775745,0.0017877477973553858,20,1000,50,full
0.01,3,-1.256142623615368,63,True,True,True,False,51.95470497447614,0.001787752264246221,20,1000,50,full
0.01,4,-1.2480361033093113,67,True,True,True,False,38.14940728889546,0.001188838149925681,20,1000,50,full
0.01,5,-1.2561426213558253,73,True,True,True,False,51.95449970005804,0.0017877348679781766,20,1000,50,full
0.01,6,-1.2561426219769045,62,True,True,True,False,51.95471540252416,0.0017877532429470256,20,1000,50,full
0.01,7,-1.2561426207257096,70,True,True,True,False,51.95455549092372,0.0017877396552080872,20,1000,50,full
0.01,8,-1.2561426202215435,65,True,True,True,False,51.95480986416215,0.0017877613797427016,20,1000,50,full
0.01,9,-1.2561426225672525,62,True,True,True,False,51.95454037427502,0.001787738276551436,20,1000,50,full
0.001,0,-1.2561426235660746,66,True,True,True,False,51.95468594687243,0.0017877506435079547,20,1000,50,full
0.001,1,-1.256142604734878,69,True,True,True,False,51.94876816206987,0.0017872485830832516,20,1000,50,full
0.001,2,-1.256142622731927,65,True,True,True,False,51.954624048088995,0.0017877454043816322,20,1000,50,full
0.001,3,-1.2561426234087831,63,True,True,True,False,51.954685928662435,0.0017877506497085388,20,1000,50,full
0.001,4,-1.2480361033082954,67,True,True,True,False,38.14940821442767,0.0011888381740061615,20,1000,50,full
0.001,5,-1.256142621138337,73,True,True,True,False,51.954484466263146,0.0017877335794946984,20,1000,50,full
0.001,6,-1.2561426207710922,62,True,True,True,False,51.95459456132774,0.0017877429944813832,20,1000,50,full
0.001,7,-1.2561426206165183,70,True,True,True,False,51.95454597788104,0.0017877388492135546,20,1000,50,full
0.001,8,-1.2561426202826769,65,True,True,True,False,51.954815839706015,0.001787761886548399,20,1000,50,full
0.001,9,-1.256142622448895,62,True,True,True,False,51.95453115847329,0.0017877374963626374,20,1000,50,full
0.0001,0,-1.2561426235437119,66,True,True,True,False,51.954684058860664,0.0017877504835543362,20,1000,50,full
0.0001,1,-1.2561426047291,69,True,True,True,False,51.94876972609883,0.0017872487158419543,20,1000,50,full
0.0001,2,-1.2561426227038452,65,True,True,True,False,51.954621186765635,0.0017877451617008824,20,1000,50,full
0.0001,3,-1.256142623387837,63,True,True,True,False,51.954683990888746,0.0017877504854421303,20,1000,50,full
0.0001,4,-1.2480361033073402,67,True,True,True,True,38.14940909566669,0.001188838196935174,20,1000,50,full
0.0001,5,-1.256142621114937,73,True,True,True,False,51.954482831961194,0.0017877334412687183,20,1000,50,full
0.0001,6,-1.2561426206481205,62,True,True,True,False,51.954581928676795,0.0017877419230504271,20,1000,50,full
0.0001,7,-1.2561426206052737,70,True,True,True,False,51.954545000190144,0.0017877387663806793,20,1000,50,full
0.0001,8,-1.2561426202889265,65,True,True,True,False,51.95481644883157,0.0017877619382093229,20,1000,50,full
0.0001,9,-1.2561426224364605,62,True,True,True,False,51.95453018904258,0.001787737414292066,20,1000,50,full
0.01,0,-1.2625262611594381,60,True,True,True,False,53.48842521966207,0.0017127496618181705,20,1000,51,full
0.01,1,-1.2625262901783516,59,True,True,True,False,53.49491701121119,0.0017133332414782485,20,1000,51,full
0.01,2,-1.2625262904343826,61,True,True,True,False,53.49494108545526,0.0017133354010021502,20,1000,51,full
0.01,3,-1.2625262906288253,62,True,True,True,False,53.49495937629293,0.0017133370464158797,20,1000,51,full
0.01,4,-1.2625262901669145,68,True,True,True,False,53.49491579900537,0.0017133331246243718,20,1000,51,full
0.01,5,-1.2625262914331772,67,True,True,True,False,53.49503449710018,0.001713343808382984,20,1000,51,full
0.01,6,-1.2625262898273408,61,True,True,True,False,53.49488356816341,0.001713330225115121,20,1000,51,full
0.01,7,-1.2625262927015979,65,True,True,True,False,53.49515097181504,0.001713354290434351,20,1000,51,full
0.01,8,-1.2625262904087173,61,True,True,True,False,53.494938717780606,0.0017133351911179156,20,1000,51,full
0.01,9,-1.262526290189153,71,True,True,True,False,53.494917902222745,0.0017133333137615025,20,1000,51,full
0.001,0,-1.2625262610079515,60,True,True,True,False,53.48852206571145,0.001712758359779283,20,1000,51,full
0.001,1,-1.2625262902470247,59,True,True,True,False,53.49492350950005,0.0017133338262643098,20,1000,51,full
0.001,2,-1.262526292719052,62,True,True,True,False,53.495152542855294,0.001713354430888917,20,1000,51,full
0.001,3,-1.2625262905900518,62,True,True,True,False,53.49495573056543,0.0017133367183341484,20,1000,51,full
0.001,4,-1.2625262901156393,68,True,True,True,False,53.4949109406392,0.0017133326874195728,20,1000,51,full
0.001,5,-1.2625262913847066,67,True,True,True,False,53.495030000967205,0.0017133434037491118,20,1000,51,full
0.001,6,-1.2625262930341714,60,True,True,True,False,53.495181136550336,0.001713357005450257,20,1000,51,full
0.001,7,-1.2625262927972383,65,True,True,True,False,53.4951596605047,0.0017133550723946998,20,1000,51,full
0.001,8,-1.2625262901851861,61,True,True,True,False,53.494917598905765,0.0017133332907328161,20,1000,51,full
0.001,9,-1.2625262900193241,71,True,True,True,False,53.4949018044228,0.0017133318651006034,20,1000,51,full
0.0001,0,-1.2625262609927335,60,True,True,True,True,53.48853246759383,0.0017127592940095995,20,1000,51,full
0.0001,1,-1.2625262902541483,59,True,True,True,False,53.49492418446842,0.0017133338870069213,20,1000,51,full
0.0001,2,-1.2625262927065524,62,True,True,True,False,53.495151405987244,0.0017133543285723861,20,1000,51,full
0.0001,3,-1.2625262905860124,62,True,True,True,False,53.49495535216198,0.0017133366842812176,20,1000,51,full
0.0001,4,-1.2625262901103198,68,True,True,True,False,53.49491043781299,0.0017133326421697862,20,1000,51,full
0.0001,5,-1.2625262913795707,67,True,True,True,False,53.49502952267009,0.0017133433607050793,20,1000,51,full
0.0001,6,-1.2625262925038214,67,True,True,True,False,53.49513293936229,0.001713352666229899,20,1000,51,full
0.0001,7,-1.2625262928063974,65,True,True,True,False,53.49516049267184,0.0017133551472881257,20,1000,51,full
0.0001,8,-1.2625262898905194,64,True,True,True,False,53.494889543674816,0.0017133307605999343,20,1000,51,full
0.0001,9,-1.26252629000114,71,True,True,True,False,53.494900076919855,0.0017133317096411898,20,1000,51,full
0.01,0,-1.2515530760560165,85,True,True,True,False,37.94024699969479,0.0013590645044319965,20,2000,42,full
0.01,1,-1.2515530538283446,85,True,True,True,False,37.93077972901145,0.001358612695862033,20,2000,42,full
0.01,2,-1.2606163594724362,77,True,True,True,False,49.90762534349726,0.0019666429689168476,20,2000,42,full
0.01,3,-1.2606163580093006,88,True,True,True,False,49.90738868759091,0.001966624809324576,20,2000,42,full
0.01,4,-1.260616358784668,77,True,True,True,False,49.90751409471885,0.0019666345166434603,20,2000,42,full
0.01,5,-1.2515530532781738,79,True,True,True,True,37.93107596009756,0.0013586268331756918,20,2000,42,full
0.01,6,-1.2606163580122858,87,True,True,True,False,49.90738988698701,0.001966624969827659,20,2000,42,full
0.01,7,-1.2606163578172234,83,True,True,True,False,49.907352282398314,0.001966621930592903,20,2000,42,full
0.01,8,-1.260616358993121,86,True,True,True,False,49.907551696027795,0.0019666372434188574,20,2000,42,full
0.01,9,-1.2606163465578386,81,True,True,True,False,49.90058991425623,0.0019661083675317874,20,2000,42,full
0.001,0,-1.2515530762215887,95,True,True,True,False,37.94027170879,0.001359065683625897,20,2000,42,full
0.001,1,-1.2515530538164972,85,True,True,True,False,37.9307856822146,0.0013586129799688733,20,2000,42,full
0.001,2,-1.2606163594625306,77,True,True,True,False,49.90762376409334,0.0019666428488124177,20,2000,42,full
0.001,3,-1.2606163582172543,88,True,True,True,False,49.90742320236886,0.0019666274197614494,20,2000,42,full
0.001,4,-1.2606163587318093,77,True,True,True,False,49.90750542912924,0.001966633858340041,20,2000,42,full
0.001,5,-1.2515530535266537,79,True,True,True,False,37.93093679680197,0.0013586201918650317,20,2000,42,full
0.001,6,-1.2606163580164276,87,True,True,True,False,49.907390582086435,0.0019666250217417417,20,2000,42,full
0.001,7,-1.2606163577578817,83,True,True,True,False,49.90734250573569,0.00196662119326402,20,2000,42,full
0.001,8,-1.2606163590628083,86,True,True,True,False,49.90756297816771,0.0019666380980125284,20,2000,42,full
0.001,9,-1.2606163462805373,81,True,True,True,False,49.900700157142765,0.0019661167450513014,20,2000,42,full
0.0001,0,-1.2515530767275456,96,True,True,True,False,37.94034669621736,0.0013590692622697693,20,2000,42,full
0.0001,1,-1.2515530538153115,85,True,True,True,False,37.9307862900448,0.0013586130089767888,20,2000,42,full
0.0001,2,-1.2606163594616702,77,True,True,True,False,49.907623633575795,0.001966642838885357,20,2000,42,full
0.0001,3,-1.2606163582396432,88,True,True,True,False,49.907426899518754,0.0019666276993545563,20,2000,42,full
0.0001,4,-1.2606163587264811,77,True,True,True,False,49.90750455040101,0.0019666337915859467,20,2000,42,full
0.0001,5,-1.2515530535539878,79,True,True,True,False,37.93092206250989,0.0013586194886986895,20,2000,42,full
0.0001,6,-1.2606163580166114,87,True,True,True,False,49.90739061581308,0.001966625024221599,20,2000,42,full
0.0001,7,-1.260616357751453,83,True,True,True,False,49.90734144537428,0.0019666211132904655,20,2000,42,full
0.0001,8,-1.2606163590687072,86,True,True,True,False,49.907563931816036,0.0019666381702658576,20,2000,42,full
0.0001,9,-1.260616346251874,81,True,True,True,False,49.90071190724357,0.0019661176379591567,20,2000,42,full
0.01,0,-1.2615242885382567,59,True,True,True,False,50.46563829457352,0.0019631489691359144,20,2000,43,full
0.01,1,-1.261524297041195,91,True,True,True,False,50.47186392264565,0.0019635810010693467,20,2000,43,full
0.01,2,-1.2615242977115615,84,True,True,True,False,50.472002363164215,0.0019635906434530273,20,2000,43,full
0.01,3,-1.2615242973076508,82,True,True,True,False,50.47187783994182,0.001963581909343835,20,2000,43,full
0.01,4,-1.2615254323634784,85,True,True,True,False,50.47886974569598,0.001964048333931995,20,2000,43,full
0.01,5,-1.2615242965508113,88,True,True,True,False,50.47171741026528,0.001963570736666586,20,2000,43,full
0.01,6,-1.2615254327980632,74,True,True,True,False,50.47897772105606,0.001964055868935393,20,2000,43,full
0.01,7,-1.261524297195983,101,True,True,True,False,50.471711635800176,0.0019635701464248896,20,2000,43,full
0.01,8,-1.252608999821694,85,True,True,True,True,38.36004388637816,0.0013542747533319525,20,2000,43,full
0.01,9,-1.2615242958898565,106,True,True,True,False,50.47153398160377,0.0019635579125529016,20,2000,43,full
0.001,0,-1.261524288733351,60,True,True,True,False,50.46556419283984,0.001963143812077883,20,2000,43,full
0.001,1,-1.2615242970745282,91,True,True,True,False,50.47186696301832,0.001963581206949474,20,2000,43,full
0.001,2,-1.2615242976907601,84,True,True,True,False,50.47199933159008,0.001963590434131354,20,2000,43,full
0.001,3,-1.2615242972826777,82,True,True,True,False,50.47187565699155,0.001963581761641748,20,2000,43,full
0.001,4,-1.261525432340951,85,True,True,True,False,50.478865731907476,0.0019640480538784004,20,2000,43,full
0.001,5,-1.261524297123249,88,True,True,True,False,50.47177486523545,0.001963574649696649,20,2000,43,full
0.001,6,-1.2615254311313093,75,True,True,True,False,50.47868599328759,0.001964035514547534,20,2000,43,full
0.001,7,-1.2615242974859175,101,True,True,True,False,50.4717369679891,0.0019635718661065553,20,2000,43,full
0.001,8,-1.2526089999382828,85,True,True,True,False,38.35997086883953,0.0013542714599969116,20,2000,43,full
0.001,9,-1.2615242967440206,106,True,True,True,False,50.471614472654615,0.0019635633815482455,20,2000,43,full
0.0001,0,-1.2615242889066358,60,True,True,True,False,50.46550040601511,0.001963139372888343,20,2000,43,full
0.0001,1,-1.2615242970782024,91,True,True,True,False,50.47186729691301,0.0019635812295650617,20,2000,43,full
0.0001,2,-1.2615242976886543,84,True,True,True,False,50.47199901958043,0.0019635904125859015,20,2000,43,full
0.0001,3,-1.261524297280426,82,True,True,True,False,50.4718754545851,0.001963581747930534,20,2000,43,full
0.0001,4,-1.2615254323385627,85,True,True,True,False,50.478865310274855,0.0019640480244601873,20,2000,43,full
0.0001,5,-1.2615242971807388,88,True,True,True,False,50.47178045237886,0.001963575030067724,20,2000,43,full
0.0001,6,-1.2615254311368265,75,True,True,True,False,50.478687062905365,0.0019640355891803666,20,2000,43,full
0.0001,7,-1.2615242975168757,101,True,True,True,False,50.47173962927084,0.001963572046730962,20,2000,43,full
0.0001,8,-1.252608999951199,85,True,True,True,False,38.359962938501056,0.0013542711023114755,20,2000,43,full
0.0001,9,-1.2615242968305673,106,True,True,True,False,50.47162222493114,0.0019635639079391737,20,2000,43,full
0.01,0,-1.2833936970094546,85,True,True,True,False,50.639973405038674,0.00198000950987135,20,2000,44,full
0.01,1,-1.283393697472439,76,True,True,True,False,50.64007196590275,0.0019800174300947143,20,2000,44,full
0.01,2,-1.2833936976148879,66,True,True,True,False,50.64016146980951,0.001980024639510517,20,2000,44,full
0.01,3,-1.2833936978906406,88,True,True,True,False,50.640124724148194,0.0019800216598138995,20,2000,44,full
0.01,4,-1.28339369742012,79,True,True,True,False,50.64004581903903,0.001980015324739104,20,2000,44,full
0.01,5,-1.2833936981743466,76,True,True,True,False,50.64017251391983,0.0019800254971338595,20,2000,44,full
0.01,6,-1.2833936980005791,79,True,True,True,False,50.64014347621321,0.00198002316559968,20,2000,44,full
0.01,7,-1.283393698003633,80,True,True,True,False,50.640170322082824,0.0019800253304354037,20,2000,44,full
0.01,8,-1.2833936973491038,72,True,True,True,False,50.64003234936728,0.0019800142429226546,20,2000,44,full
0.01,9,-1.2833936980904723,82,True,True,True,False,50.64015849831829,0.0019800243717268363,20,2000,44,full
0.001,0,-1.2833936980924836,85,True,True,True,False,50.640158776065235,0.001980024393977029,20,2000,44,full
0.001,1,-1.2833936974245006,76,True,True,True,False,50.640063692105784,0.001980016765734755,20,2000,44,full
0.001,2,-1.2833936961793266,67,True,True,True,True,50.639913972927864,0.0019800047667782976,20,2000,44,full
0.001,3,-1.283393697914551,88,True,True,True,False,50.64012876826902,0.001980021984531876,20,2000,44,full
0.001,4,-1.2833936973231685,79,True,True,True,False,50.640029128584125,0.0019800139846048123,20,2000,44,full
0.001,5,-1.2833936982379859,76,True,True,True,False,50.64018317361893,0.001980026353041673,20,2000,44,full
0.001,6,-1.2833936978784575,79,True,True,True,False,50.64012284956241,0.001980021509407467,20,2000,44,full
0.001,7,-1.28339369808902,79,True,True,True,False,50.640177408737436,0.00198002589691847,20,2000,44,full
0.001,8,-1.2833936976243285,72,True,True,True,False,50.64007954011836,0.001980018032034449,20,2000,44,full
0.001,9,-1.283393698051302,82,True,True,True,False,50.64015191213705,0.001980023842897519,20,2000,44,full
0.0001,0,-1.2833936981688079,85,True,True,True,False,50.6401715957046,0.0019800254233158987,20,2000,44,full
0.0001,1,-1.2833936974195854,76,True,True,True,False,50.640062837607964,0.0019800166971211813,20,2000,44,full
0.0001,2,-1.283393696209544,67,True,True,True,False,50.63991897202848,0.0019800051680671647,20,2000,44,full
0.0001,3,-1.2833936979169596,88,True,True,True,False,50.64012918050398,0.001980022017631803,20,2000,44,full
0.0001,4,-1.2833936973131528,79,True,True,True,False,50.640027404109745,0.001980013846140299,20,2000,44,full
0.0001,5,-1.283393698244565,76,True,True,True,False,50.64018427858849,0.0019800264417662848,20,2000,44,full
0.0001,6,-1.283393697865981,79,True,True,True,False,50.64012073734809,0.001980021339810585,20,2000,44,full
0.0001,7,-1.2833936979215639,79,True,True,True,False,50.640148313154654,0.001980023560370884,20,2000,44,full
0.0001,8,-1.2833936976527125,72,True,True,True,False,50.640084382849466,0.0019800184208735847,20,2000,44,full
0.0001,9,-1.2833936980471639,82,True,True,True,False,50.640151213958546,0.001980023786838414,20,2000,44,full
0.01,0,-1.2849648611252225,76,True,True,True,False,51.38267028573322,0.0019476773459903439,20,2000,45,full
0.01,1,-1.284964861876707,72,True,True,True,False,51.3826962899581,0.001947679402757146,20,2000,45,full
0.01,2,-1.2849648628101633,71,True,True,True,False,51.38279513614575,0.0019476872300244108,20,2000,45,full
0.01,3,-1.2849648621266756,70,True,True,True,False,51.3827104405924,0.0019476805229833682,20,2000,45,full
0.01,4,-1.2849648628643464,78,True,True,True,False,51.382804385855955,0.0019476879623216896,20,2000,45,full
0.01,5,-1.2849648615010838,77,True,True,True,False,51.382563601978894,0.001947668891531889,20,2000,45,full
0.01,6,-1.2849648625757217,81,True,True,True,False,51.38275435492457,0.001947683999698458,20,2000,45,full
0.01,7,-1.2849648616826503,70,True,True,True,False,51.38259633086408,0.0019476714839663917,20,2000,45,full
0.01,8,-1.2849648619400829,74,True,True,True,False,51.38264796428395,0.0019476755735217325,20,2000,45,full
0.01,9,-1.2725323747881925,77,True,True,True,True,38.60960580901455,0.0013354431271775536,20,2000,45,full
0.001,0,-1.2849648610269504,76,True,True,True,False,51.38265213176832,0.0019476759081178718,20,2000,45,full
0.001,1,-1.284964861829962,72,True,True,True,False,51.38268799752494,0.0019476787459650619,20,2000,45,full
0.001,2,-1.2849648621019958,71,True,True,True,False,51.382671174404535,0.0019476774118187682,20,2000,45,full
0.001,3,-1.2849648621138396,70,True,True,True,False,51.38270865483279,0.0019476803815589943,20,2000,45,full
0.001,4,-1.284964862867256,78,True,True,True,False,51.38280487841056,0.001947688001333382,20,2000,45,full
0.001,5,-1.2849648613884757,77,True,True,True,False,51.38254316171411,0.0019476672726110931,20,2000,45,full
0.001,6,-1.2849648625640258,81,True,True,True,False,51.382752315916214,0.0019476838382020978,20,2000,45,full
0.001,7,-1.2849648615878666,70,True,True,True,False,51.382579256648704,0.0019476701316388102,20,2000,45,full
0.001,8,-1.2849648618943597,74,True,True,True,False,51.38263997433654,0.0019476749406961312,20,2000,45,full
0.001,9,-1.2725323750379274,77,True,True,True,False,38.609420526023804,0.0013354358338359368,20,2000,45,full
0.0001,0,-1.2849648610167652,76,True,True,True,False,51.38265024162017,0.0019476757584093217,20,2000,45,full
0.0001,1,-1.2849648618252556,72,True,True,True,False,51.38268715718424,0.0019476786794071,20,2000,45,full
0.0001,2,-1.2849648620152716,71,True,True,True,False,51.38265578799955,0.0019476761931664693,20,2000,45,full
0.0001,3,-1.2849648621125476,70,True,True,True,False,51.38270847383874,0.0019476803672233145,20,2000,45,full
0.0001,4,-1.2849648628675427,78,True,True,True,False,51.38280493099022,0.001947688005498177,20,2000,45,full
0.0001,5,-1.284964861545601,68,True,True,True,False,51.38257467702545,0.0019476697691730397,20,2000,45,full
0.0001,6,-1.2849648625628431,81,True,True,True,False,51.382752106786874,0.0019476838216383628,20,2000,45,full
0.0001,7,-1.2849648615781786,70,True,True,True,False,51.38257750325393,0.0019476699927656917,20,2000,45,full
0.0001,8,-1.284964861889713,74,True,True,True,False,51.38263916252995,0.0019476748764008336,20,2000,45,full
0.0001,9,-1.2725323750662842,77,True,True,True,False,38.60940062780153,0.001335435050572832,20,2000,45,full
0.01,0,-1.3043715090499937,74,True,True,True,False,51.32622642392022,0.0019611730575576536,20,2000,46,full
0.01,1,-1.304371509287494,82,True,True,True,False,51.326273492993174,0.0019611767365301327,20,2000,46,full
0.01,2,-1.3043715117369856,68,True,True,True,False,51.32616386580536,0.001961168082746306,20,2000,46,full
0.01,3,-1.3043715113354444,71,True,True,True,False,51.326193245137745,0.0019611703940059597,20,2000,46,full
0.01,4,-1.304371509935084,65,True,True,True,False,51.326314659980724,0.0019611799436215042,20,2000,46,full
0.01,5,-1.3043715100117093,72,True,True,True,False,51.32597162571263,0.001961153076619124,20,2000,46,full
0.01,6,-1.304371510331689,68,True,True,True,False,51.325982898356905,0.0019611539506441023,20,2000,46,full
0.01,7,-1.3043715117139882,70,True,True,True,False,51.32618772345925,0.001961169950977513,20,2000,46,full
0.01,8,-1.2930395790819167,160,True,True,True,True,38.597099652183694,0.0013402010158982795,20,2000,46,full
0.01,9,-1.3043715104698403,83,True,True,True,False,51.32648734355035,0.001961193451340183,20,2000,46,full
0.001,0,-1.3043715088586174,74,True,True,True,False,51.326188152595094,0.0019611700658472924,20,2000,46,full
0.001,1,-1.3043715092678454,82,True,True,True,False,51.326269608415174,0.001961176432866642,20,2000,46,full
0.001,2,-1.3043715117991976,68,True,True,True,False,51.32617542682393,0.001961168986279233,20,2000,46,full
0.001,3,-1.3043715113338066,71,True,True,True,False,51.32619286084833,0.0019611703639563775,20,2000,46,full
0.001,4,-1.3043715098864797,65,True,True,True,False,51.326305506748604,0.0019611792281379946,20,2000,46,full
0.001,5,-1.3043715102847255,72,True,True,True,False,51.326020058843994,0.0019611568614602477,20,2000,46,full
0.001,6,-1.3043715106100686,68,True,True,True,False,51.3260228626109,0.001961157072148707,20,2000,46,full
0.001,7,-1.3043715116268593,70,True,True,True,False,51.32617409957127,0.0019611688865179976,20,2000,46,full
0.001,8,-1.3043715160180376,114,True,True,True,False,51.319988136369496,0.0019606871322658333,20,2000,46,full
0.001,9,-1.30437151048741,83,True,True,True,False,51.32649018713849,0.0019611936735565117,20,2000,46,full
0.0001,0,-1.3043715088396914,74,True,True,True,False,51.326184353635924,0.0019611697688786925,20,2000,46,full
0.0001,1,-1.3043715092657682,82,True,True,True,False,51.32626920021942,0.001961176400955882,20,2000,46,full
0.0001,2,-1.3043715118053907,68,True,True,True,False,51.32617658058199,0.0019611690764495615,20,2000,46,full
0.0001,3,-1.304371511333663,71,True,True,True,False,51.32619282607912,0.001961170361236063,20,2000,46,full
0.0001,4,-1.3043715098813968,65,True,True,True,False,51.32630454405395,0.0019611791528859434,20,2000,46,full
0.0001,5,-1.3043715103118203,72,True,True,True,False,51.32602483995729,0.001961157235084758,20,2000,46,full
0.0001,6,-1.3043715106300853,68,True,True,True,False,51.326025791333045,0.0019611573009176895,20,2000,46,full
0.0001,7,-1.3043715116180683,70,True,True,True,False,51.32617272582268,0.0019611687791840316,20,2000,46,full
0.0001,8,-1.3043715157429523,113,True,True,True,False,51.320041369753035,0.00196069128578498,20,2000,46,full
0.0001,9,-1.3043715104890847,83,True,True,True,False,51.32649044815002,0.0019611936939530217,20,2000,46,full
0.01,0,-1.2881675771115781,76,True,True,True,False,51.34575020124775,0.0019232496815872364,20,2000,47,full
0.01,1,-1.2881675773156462,69,True,True,True,False,51.34579018951087,0.0019232527052552941,20,2000,47,full
0.01,2,-1.2881675769439183,72,True,True,True,False,51.34571710201131,0.0019232471778961367,20,2000,47,full
0.01,3,-1.2881675758546367,72,True,True,True,False,51.34549852392585,0.0019232306510585746,20,2000,47,full
0.01,4,-1.2762531290715728,85,True,True,True,True,38.64223507462632,0.001311792691126763,20,2000,47,full
0.01,5,-1.2881675764014577,70,True,True,True,False,51.34560870738451,0.0019232389820270474,20,2000,47,full
0.01,6,-1.2881675762457758,69,True,True,True,False,51.34557717220451,0.0019232365976546975,20,2000,47,full
0.01,7,-1.2881675767628489,69,True,True,True,False,51.345682390677446,0.0019232445544187977,20,2000,47,full
0.01,8,-1.2881675764178173,75,True,True,True,False,51.345612237445344,0.0019232392490955543,20,2000,47,full
0.01,9,-1.2762531292259303,77,True,True,True,False,38.6420916003914,0.0013117873251992857,20,2000,47,full
0.001,0,-1.2881675764949505,76,True,True,True,False,51.34562755378953,0.001923240407368417,20,2000,47,full
0.001,1,-1.288167577420049,69,True,True,True,False,51.34581053157747,0.0019232542434999727,20,2000,47,full
0.001,2,-1.2881675769455094,72,True,True,True,False,51.34571741598308,0.0019232472016376667,20,2000,47,full
0.001,3,-1.2881675761472908,71,True,True,True,False,51.34555860008711,0.0019232351938670833,20,2000,47,full
0.001,4,-1.2762531294182613,85,True,True,True,False,38.641929778094294,0.00131178127264841,20,2000,47,full
0.001,5,-1.2881675764125466,70,True,True,True,False,51.34561094127999,0.0019232391509474017,20,2000,47,full
0.001,6,-1.2881675763223723,69,True,True,True,False,51.345592708655275,0.0019232377724531415,20,2000,47,full
0.001,7,-1.2881675767337455,69,True,True,True,False,51.345676584836404,0.0019232441153923402,20,2000,47,full
0.001,8,-1.288167576298037,75,True,True,True,False,51.34558799764455,0.0019232374161500534,20,2000,47,full
0.001,9,-1.2762531292292325,77,True,True,True,False,38.64208868834268,0.0013117872162839875,20,2000,47,full
0.0001,0,-1.2881675764367315,76,True,True,True,False,51.34561582623891,0.0019232395205737451,20,2000,47,full
0.0001,1,-1.288167577431067,69,True,True,True,False,51.34581267636424,0.0019232544056862965,20,2000,47,full
0.0001,2,-1.288167576945699,72,True,True,True,False,51.34571745000396,0.0019232472042104755,20,2000,47,full
0.0001,3,-1.2881675758830033,71,True,True,True,False,51.345504339674626,0.001923231090842417,20,2000,47,full
0.0001,4,-1.276253129462594,85,True,True,True,False,38.64189463540179,0.0013117799582689424,20,2000,47,full
0.0001,5,-1.2881675764136797,70,True,True,True,False,51.34561117299685,0.0019232391684687272,20,2000,47,full
0.0001,6,-1.2881675763311373,69,True,True,True,False,51.34559448614386,0.001923237906858428,20,2000,47,full
0.0001,7,-1.288167576730755,69,True,True,True,False,51.34567598128313,0.0019232440697517707,20,2000,47,full
0.0001,8,-1.2881675762860112,75,True,True,True,False,51.345585556355964,0.0019232372315478173,20,2000,47,full
0.0001,9,-1.2762531292296442,77,True,True,True,False,38.642088306312516,0.0013117872019961436,20,2000,47,full
0.01,0,-1.2994568699331017,70,True,True,True,False,50.2746757315064,0.0019528049251381699,20,2000,48,full
0.01,1,-1.2994568692946586,63,True,True,True,False,50.27455060503019,0.0019527943122960238,20,2000,48,full
0.01,2,-1.2994568698624123,64,True,True,True,False,50.27466206577196,0.0019528037661419612,20,2000,48,full
0.01,3,-1.289019968296803,73,True,True,True,False,38.03964044335372,0.0012999759053735449,20,2000,48,full
0.01,4,-1.2994568692094253,69,True,True,True,False,50.27453361180061,0.001952792870094491,20,2000,48,full
0.01,5,-1.299456869587366,66,True,True,True,False,50.27460835329225,0.0019527992092751413,20,2000,48,full
0.01,6,-1.2994568777484325,92,True,True,True,False,50.270416426287255,0.0019524439194938722,20,2000,48,full
0.01,7,-1.2890199683450818,78,True,True,True,False,38.039599224662346,0.0012999743379724224,20,2000,48,full
0.01,8,-1.2890199914298726,95,True,True,True,False,38.04915262824177,0.0013003376455754502,20,2000,48,full
0.01,9,-1.299456870011666,75,True,True,True,False,50.27469093315939,0.0019528062135703826,20,2000,48,full
0.001,0,-1.2994568698246431,70,True,True,True,False,50.27465468765764,0.0019528031401037124,20,2000,48,full
0.001,1,-1.2994568692851538,63,True,True,True,False,50.27454872429189,0.001952794152759153,20,2000,48,full
0.001,2,-1.2994568698821725,64,True,True,True,False,50.27466589704188,0.0019528040911260967,20,2000,48,full
0.001,3,-1.289019968259187,73,True,True,True,False,38.03967336579708,0.0012999771571976446,20,2000,48,full
0.001,4,-1.299456869197527,69,True,True,True,False,50.27453123706371,0.0019527926686595848,20,2000,48,full
0.001,5,-1.2994568695508462,66,True,True,True,False,50.27460118005659,0.0019527986008215916,20,2000,48,full
0.001,6,-1.299456876902313,93,True,True,True,False,50.2705333016834,0.0019524538198225393,20,2000,48,full
0.001,7,-1.2890199683466723,78,True,True,True,False,38.03959786645746,0.0012999742863292313,20,2000,48,full
0.001,8,-1.2890199914512184,95,True,True,True,False,38.049156177614634,0.0013003377805756878,20,2000,48,full
0.001,9,-1.2994568699811953,75,True,True,True,False,50.27468504778249,0.0019528057143415403,20,2000,48,full
0.0001,0,-1.2994568698135263,70,True,True,True,False,50.274652528938255,0.0019528029569927214,20,2000,48,full
0.0001,1,-1.2994568692842141,63,True,True,True,False,50.27454852902754,0.001952794136193266,20,2000,48,full
0.0001,2,-1.2994568698843054,64,True,True,True,False,50.27466631242634,0.0019528041263611393,20,2000,48,full
0.0001,3,-1.2890199682553358,73,True,True,True,True,38.03967676195374,0.0012999772863309194,20,2000,48,full
0.0001,4,-1.2994568691963422,69,True,True,True,False,50.27453099770426,0.0019527926483567676,20,2000,48,full
0.0001,5,-1.2994568695470636,66,True,True,True,False,50.27460044101405,0.0019527985381343502,20,2000,48,full
0.0001,6,-1.2994568770124053,93,True,True,True,False,50.270518085447335,0.001952452530882227,20,2000,48,full
0.0001,7,-1.2890199683465728,78,True,True,True,False,38.0395979588939,0.0012999742898434723,20,2000,48,full
0.0001,8,-1.2890199914557077,95,True,True,True,False,38.0491569218277,0.0013003378088806005,20,2000,48,full
0.0001,9,-1.2994568699780136,75,True,True,True,False,50.274684432415654,0.0019528056621434982,20,2000,48,full
0.01,0,-1.2852975244510778,64,True,True,True,False,50.68890570178401,0.0019724069184911953,20,2000,49,full
0.01,1,-1.285297524770225,71,True,True,True,False,50.68896470757848,0.0019724122461479026,20,2000,49,full
0.01,2,-1.2852975250707799,60,True,True,True,False,50.68901973227379,0.0019724172222520533,20,2000,49,full
0.01,3,-1.2852975242133995,68,True,True,True,False,50.6888610755438,0.0019724028881756726,20,2000,49,full
0.01,4,-1.285297523941291,65,True,True,True,False,50.688809689210835,0.001972398247602816,20,2000,49,full
0.01,5,-1.2747089671017031,79,True,True,True,False,38.18114751827887,0.0013007322969068092,20,2000,49,full
0.01,6,-1.2852975240623912,73,True,True,True,False,50.688830715880165,0.001972400146771607,20,2000,49,full
0.01,7,-1.2747089905918687,95,True,True,True,False,38.191426684719964,0.00130113171223522,20,2000,49,full
0.01,8,-1.2852975245437899,63,True,True,True,False,50.68892296813035,0.001972408478259166,20,2000,49,full
0.01,9,-1.2852975241926685,69,True,True,True,False,50.688852551393055,0.001972402118855916,20,2000,49,full
0.001,0,-1.2852975244374234,64,True,True,True,False,50.68890315628342,0.0019724066886272562,20,2000,49,full
0.001,1,-1.2852975246991891,71,True,True,True,False,50.688951617327234,0.001972411064086812,20,2000,49,full
0.001,2,-1.2852975252026844,60,True,True,True,False,50.68904369507572,0.0019724193860676665,20,2000,49,full
0.001,3,-1.2852975242027525,68,True,True,True,False,50.688859070607876,0.0019724027071299313,20,2000,49,full
0.001,4,-1.2852975238749107,65,True,True,True,False,50.688797040583225,0.0019723971054519747,20,2000,49,full
0.001,5,-1.274708966457086,80,True,True,True,True,38.18166817786426,0.001300752525891278,20,2000,49,full
0.001,6,-1.2852975240329674,73,True,True,True,False,50.68882515867841,0.0019723996449583997,20,2000,49,full
0.001,7,-1.2747089905442135,95,True,True,True,False,38.19141873701771,0.0013011314033785923,20,2000,49,full
0.001,8,-1.2852975245732114,63,True,True,True,False,50.688928420389125,0.0019724089705842936,20,2000,49,full
0.001,9,-1.285297524095992,69,True,True,True,False,50.6888343874927,0.0019724004786599012,20,2000,49,full
0.0001,0,-1.285297524436013,64,True,True,True,False,50.688902899761324,0.001972406665461576,20,2000,49,full
0.0001,1,-1.2852975246917788,71,True,True,True,False,50.688950251131544,0.001972410940718497,20,2000,49,full
0.0001,2,-1.28529752521645,60,True,True,True,False,50.689046188000596,0.0019724196111754956,20,2000,49,full
0.0001,3,-1.285297524201703,68,True,True,True,False,50.68885887225444,0.0019724026892189465,20,2000,49,full
0.0001,4,-1.285297523868236,65,True,True,True,False,50.688795768900626,0.0019723969906216463,20,2000,49,full
0.0001,5,-1.2747089664873943,80,True,True,True,False,38.18163958806957,0.001300751415097583,20,2000,49,full
0.0001,6,-1.2852975240299174,73,True,True,True,False,50.68882458054179,0.001972399592752042,20,2000,49,full
0.0001,7,-1.2747089905412965,95,True,True,True,False,38.19141825009597,0.0013011313844560174,20,2000,49,full
0.0001,8,-1.285297524576263,63,True,True,True,False,50.68892899350052,0.0019724090223333024,20,2000,49,full
0.0001,9,-1.2852975240858662,69,True,True,True,False,50.688832482426896,0.0019724003066339943,20,2000,49,full
0.01,0,-1.2886554325318327,72,True,True,True,False,51.301237286160045,0.001966576769902245,20,2000,50,full
0.01,1,-1.2783794455472324,53,True,True,True,False,38.67991796109311,0.001281088693594841,20,2000,50,full
0.01,2,-1.2886554322789319,65,True,True,True,False,51.30123454095029,0.0019665765404359176,20,2000,50,full
0.01,3,-1.2886554316245917,68,True,True,True,False,51.301174992628845,0.0019665712412447753,20,2000,50,full
0.01,4,-1.2783794455865118,68,True,True,True,False,38.679841974951344,0.0012810856426277105,20,2000,50,full
0.01,5,-1.2886554326854518,72,True,True,True,False,51.30125519074649,0.0019665783661778928,20,2000,50,full
0.01,6,-1.2783794450935524,76,True,True,True,False,38.68021351661196,0.0012810990771492316,20,2000,50,full
0.01,7,-1.2886554315915524,71,True,True,True,False,51.30118016392134,0.0019665717072542377,20,2000,50,full
0.01,8,-1.2886554323208435,69,True,True,True,False,51.30144239114453,0.0019665951863338817,20,2000,50,full
0.01,9,-1.2783794455257154,61,True,True,True,False,38.679885609005595,0.0012810872276332293,20,2000,50,full
0.001,0,-1.2886554324859667,72,True,True,True,False,51.30123170029354,0.0019665762717966614,20,2000,50,full
0.001,1,-1.2783794446404213,55,True,True,True,True,38.68066768724343,0.001281115645863995,20,2000,50,full
0.001,2,-1.2886554322069783,65,True,True,True,False,51.30122422372744,0.001966575619586936,20,2000,50,full
0.001,3,-1.2886554333288278,67,True,True,True,False,51.30141420784692,0.001966592590878441,20,2000,50,full
0.001,4,-1.2783794455646493,68,True,True,True,False,38.67985715694469,0.001281086191589487,20,2000,50,full
0.001,5,-1.2886554326463555,72,True,True,True,False,51.30125079127405,0.001966577974062826,20,2000,50,full
0.001,6,-1.2783794452053936,76,True,True,True,False,38.68012312072099,0.0012810958085080926,20,2000,50,full
0.001,7,-1.2886554332725708,70,True,True,True,False,51.30141654226173,0.00196659280392341,20,2000,50,full
0.001,8,-1.2886554322665391,69,True,True,True,False,51.30142539355907,0.0019665936647117054,20,2000,50,full
0.001,9,-1.2783794451765187,61,True,True,True,False,38.68014733888375,0.0012810966914915186,20,2000,50,full
0.0001,0,-1.2886554324812496,72,True,True,True,False,51.30123112223416,0.001966576220249248,20,2000,50,full
0.0001,1,-1.2783794447204337,55,True,True,True,False,38.68058346659125,0.0012811126004687254,20,2000,50,full
0.0001,2,-1.2886554321995436,65,True,True,True,False,51.30122315497637,0.0019665755241990096,20,2000,50,full
0.0001,3,-1.2886554333204765,67,True,True,True,False,51.301412987345074,0.001966592481916198,20,2000,50,full
0.0001,4,-1.2783794455619057,68,True,True,True,False,38.67985907918236,0.0012810862610954472,20,2000,50,full
0.0001,5,-1.2886554326422128,72,True,True,True,False,51.30125032383925,0.001966577932400865,20,2000,50,full
0.0001,6,-1.2783794452171142,76,True,True,True,False,38.68011390170086,0.0012810954751572956,20,2000,50,full
0.0001,7,-1.2886554332617748,70,True,True,True,False,51.30141493129979,0.001966592660088927,20,2000,50,full
0.0001,8,-1.2886554322608332,69,True,True,True,False,51.30142365153514,0.0019665935087760677,20,2000,50,full
0.0001,9,-1.2783794451433657,61,True,True,True,False,38.68017402620893,0.0012810976564799203,20,2000,50,full
0.01,0,-1.285179837508409,69,True,True,True,False,51.12219445539129,0.001957658080260964,20,2000,51,full
0.01,1,-1.2851798412422986,68,True,True,True,False,51.12691434985659,0.001958089305075082,20,2000,51,full
0.01,2,-1.285179841824858,66,True,True,True,False,51.12702446885621,0.0019580993715638097,20,2000,51,full
0.01,3,-1.2851798383699087,80,True,True,True,False,51.12198680400121,0.001957639119802461,20,2000,51,full
0.01,4,-1.2773048324925451,96,True,True,True,False,38.56846077595751,0.0012804751757947812,20,2000,51,full
0.01,5,-1.2773048322895217,79,True,True,True,True,38.56864334792849,0.0012804820371013171,20,2000,51,full
0.01,6,-1.285179841017146,74,True,True,True,False,51.1268710566559,0.001958085346240669,20,2000,51,full
0.01,7,-1.2851798382536554,81,True,True,True,False,51.12201470381814,0.0019576416672430325,20,2000,51,full
0.01,8,-1.2773048328578827,84,True,True,True,False,38.56817095946707,0.0012804642841484604,20,2000,51,full
0.01,9,-1.2851798415286295,75,True,True,True,False,51.12696867392015,0.0019580942696731767,20,2000,51,full
0.001,0,-1.2851798372067302,69,True,True,True,False,51.12227577323913,0.0019576655052941133,20,2000,51,full
0.001,1,-1.285179841232044,68,True,True,True,False,51.12691238959577,0.001958089125871746,20,2000,51,full
0.001,2,-1.285179841865325,66,True,True,True,False,51.12703202315085,0.0019581000621633287,20,2000,51,full
0.001,3,-1.285179837264329,80,True,True,True,False,51.12227562130421,0.001957665491006898,20,2000,51,full
0.001,4,-1.2773048330978476,101,True,True,True,False,38.56800025735856,0.0012804578691235386,20,2000,51,full
0.001,5,-1.2773048328646097,78,True,True,True,False,38.568166037713844,0.0012804640993607232,20,2000,51,full
0.001,6,-1.2851798409879955,74,True,True,True,False,51.12686542939944,0.001958084831811083,20,2000,51,full
0.001,7,-1.2851798379573196,81,True,True,True,False,51.12209006079322,0.0019576485478177493,20,2000,51,full
0.001,8,-1.2773048330326764,84,True,True,True,False,38.56804535705841,0.0012804595639296138,20,2000,51,full
0.001,9,-1.2851798413912519,75,True,True,True,False,51.12694262526648,0.0019580918883942253,20,2000,51,full
0.0001,0,-1.2851798371758305,69,True,True,True,False,51.122284238403886,0.001957666278242983,20,2000,51,full
0.0001,1,-1.2851798412310407,68,True,True,True,False,51.12691219366223,0.0019580891079581664,20,2000,51,full
0.0001,2,-1.2851798418706566,66,True,True,True,False,51.12703301918569,0.0019581001532196643,20,2000,51,full
0.0001,3,-1.2851798371604324,80,True,True,True,False,51.12230432379119,0.001957668111826067,20,2000,51,full
0.0001,4,-1.2773048331881813,102,True,True,True,False,38.56793914526604,0.0012804555724988712,20,2000,51,full
0.0001,5,-1.2773048328135561,78,True,True,True,False,38.56820405282339,0.0012804655279951428,20,2000,51,full
0.0001,6,-1.2851798409851434,74,True,True,True,False,51.12686487480101,0.001958084781110814,20,2000,51,full
0.0001,7,-1.285179837927336,81,True,True,True,False,51.1220977905826,0.0019576492536016333,20,2000,51,full
0.0001,8,-1.2773048330496883,84,True,True,True,False,38.56803349092778,0.0012804591179939387,20,2000,51,full
0.0001,9,-1.2851798413770732,75,True,True,True,False,51.12693992913418,0.001958091641923249,20,2000,51,full
0.01,0,-1.2778345452172453,71,True,True,True,False,50.24373316663605,0.001976681698108893,20,5000,42,full
0.01,1,-1.277834545219569,77,True,True,True,False,50.24373407531529,0.001976681769029758,20,5000,42,full
0.01,2,-1.2778345454548004,71,True,True,True,False,50.24382170239955,0.0019766886020351803,20,5000,42,full
0.01,3,-1.2778345451334285,70,True,True,True,False,50.24370131966371,0.0019766792159778192,20,5000,42,full
0.01,4,-1.2778345450365847,66,True,True,True,True,50.24366393461464,0.001976676300884524,20,5000,42,full
0.01,5,-1.2778345450952162,73,True,True,True,False,50.24368659860201,0.001976678067473025,20,5000,42,full
0.01,6,-1.2778345451979782,67,True,True,True,False,50.243725943136944,0.001976681135953991,20,5000,42,full
0.01,7,-1.2778345454230777,69,True,True,True,False,50.24381004015422,0.0019766876924037697,20,5000,42,full
0.01,8,-1.2778345456379305,65,True,True,True,False,50.24388804573164,0.001976693775005707,20,5000,42,full
0.01,9,-1.277834545080505,70,True,True,True,False,50.24368093453127,0.0019766776264577234,20,5000,42,full
0.001,0,-1.2778345451542683,71,True,True,True,False,50.24370923015711,0.00197667983186759,20,5000,42,full
0.001,1,-1.2778345452012274,77,True,True,True,False,50.2437271308078,0.001976681227590311,20,5000,42,full
0.001,2,-1.2778345454425333,71,True,True,True,False,50.24381719599804,0.0019766882506781014,20,5000,42,full
0.001,3,-1.277834545147173,70,True,True,True,False,50.24370656989533,0.0019766796253270196,20,5000,42,full
0.001,4,-1.277834545639026,65,True,True,True,False,50.243888389241505,0.001976693801182921,20,5000,42,full
0.001,5,-1.2778345450956508,73,True,True,True,False,50.2436867667502,0.0019766780805765337,20,5000,42,full
0.001,6,-1.2778345452439879,67,True,True,True,False,50.2437433556311,0.0019766824935695915,20,5000,42,full
0.001,7,-1.277834545417156,69,True,True,True,False,50.24380787009039,0.0019766875232152983,20,5000,42,full
0.001,8,-1.2778345456373823,65,True,True,True,False,50.24388785101295,0.001976693759822923,20,5000,42,full
0.001,9,-1.2778345450661313,70,True,True,True,False,50.24367537857913,0.0019766771932824205,20,5000,42,full
0.0001,0,-1.277834545147825,71,True,True,True,False,50.24370675765274,0.001976679639095409,20,5000,42,full
0.0001,1,-1.2778345451993114,77,True,True,True,False,50.24372640049932,0.0019766811706515854,20,5000,42,full
0.0001,2,-1.2778345454411388,71,True,True,True,False,50.243816721795646,0.00197668821370566,20,5000,42,full
0.0001,3,-1.2778345451487294,70,True,True,True,False,50.24370717408141,0.0019766796724355207,20,5000,42,full
0.0001,4,-1.2778345456364708,65,True,True,True,False,50.24388746893887,0.0019766937294283075,20,5000,42,full
0.0001,5,-1.27783454509576,73,True,True,True,False,50.24368678690207,0.0019766780821480604,20,5000,42,full
0.0001,6,-1.2778345452489623,67,True,True,True,False,50.243745220885806,0.0019766826390000152,20,5000,42,full
0.0001,7,-1.277834545416484,69,True,True,True,False,50.2438076454603,0.001976687505700853,20,5000,42,full
0.0001,8,-1.2778345456374316,65,True,True,True,False,50.243887839266215,0.0019766937589077624,20,5000,42,full
0.0001,9,-1.2778345450646174,70,True,True,True,False,50.2436748052306,0.0019766771485808486,20,5000,42,full
0.01,0,-1.2762925202854196,73,True,True,True,False,50.31108092060024,0.0019758646347470075,20,5000,43,full
0.01,1,-1.2762925203686426,94,True,True,True,False,50.311051915886864,0.001975862362230662,20,5000,43,full
0.01,2,-1.2762925158996603,70,True,True,True,False,50.3131985123063,0.001976030560295029,20,5000,43,full
0.01,3,-1.2762925159548884,71,True,True,True,False,50.31321868057084,0.0019760321418011138,20,5000,43,full
0.01,4,-1.2667873476169207,98,True,True,True,False,37.630514060874944,0.0013517719807988467,20,5000,43,full
0.01,5,-1.2762925157298384,74,True,True,True,False,50.313135419183254,0.001976025612157268,20,5000,43,full
0.01,6,-1.2762925159542768,63,True,True,True,False,50.31321863208154,0.0019760321400044013,20,5000,43,full
0.01,7,-1.276292516064007,69,True,True,True,False,50.31325827318294,0.0019760352469110954,20,5000,43,full
0.01,8,-1.2667873471725333,80,True,True,True,False,37.63091344834699,0.0013517871309108207,20,5000,43,full
0.01,9,-1.2762925160307825,65,True,True,True,False,50.31324628724541,0.0019760343070222425,20,5000,43,full
0.001,0,-1.2762925200521134,74,True,True,True,False,50.31109395737168,0.001975865653202046,20,5000,43,full
0.001,1,-1.2762925202635749,94,True,True,True,False,50.31106006533501,0.001975862999499797,20,5000,43,full
0.001,2,-1.2762925159240517,70,True,True,True,False,50.313207468979854,0.0019760312626942865,20,5000,43,full
0.001,3,-1.276292515904021,71,True,True,True,False,50.313200057540854,0.0019760306813477926,20,5000,43,full
0.001,4,-1.2667873475861233,98,True,True,True,False,37.63053915727024,0.0013517729327899202,20,5000,43,full
0.001,5,-1.2762925157239102,74,True,True,True,False,50.31313316909489,0.0019760254357001563,20,5000,43,full
0.001,6,-1.276292516002059,63,True,True,True,False,50.31323599840285,0.001976033501885967,20,5000,43,full
0.001,7,-1.2762925160282987,69,True,True,True,False,50.31324538213971,0.0019760342359644227,20,5000,43,full
0.001,8,-1.2667873471519375,80,True,True,True,False,37.63093427821005,0.0013517879210533106,20,5000,43,full
0.001,9,-1.2762925160038507,65,True,True,True,False,50.31323655152902,0.0019760335435228156,20,5000,43,full
0.0001,0,-1.2762925201126922,74,True,True,True,False,50.311089071607995,0.0019758652711095825,20,5000,43,full
0.0001,1,-1.2762925202527533,94,True,True,True,False,50.311060900106106,0.0019758630647764026,20,5000,43,full
0.0001,2,-1.2762925159266407,70,True,True,True,False,50.31320842535078,0.001976031337694226,20,5000,43,full
0.0001,3,-1.2762925158988052,71,True,True,True,False,50.31319814373153,0.001976030531263809,20,5000,43,full
0.0001,4,-1.2667873475824918,98,True,True,True,False,37.63054214654905,0.0013517730461832854,20,5000,43,full
0.0001,5,-1.276292515723285,74,True,True,True,False,50.31313294042246,0.00197602541776875,20,5000,43,full
0.0001,6,-1.2762925160069503,63,True,True,True,False,50.31323775749019,0.0019760336398349115,20,5000,43,full
0.0001,7,-1.276292516024669,69,True,True,True,False,50.31324405374551,0.0019760341317883153,20,5000,43,full
0.0001,8,-1.266787347149882,80,True,True,True,True,37.63093643021755,0.001351788002686183,20,5000,43,full
0.0001,9,-1.2762925160010778,65,True,True,True,False,50.31323554440339,0.0019760334645419902,20,5000,43,full
0.01,0,-1.2832178731133814,73,True,True,True,False,50.14127537380699,0.00197419167619877,20,5000,44,full
0.01,1,-1.2722001697971266,83,True,True,True,False,37.394481972817324,0.001350578150578431,20,5000,44,full
0.01,2,-1.2832178732045674,65,True,True,True,False,50.14130613094396,0.0019741943628130707,20,5000,44,full
0.01,3,-1.28321787275419,76,True,True,True,False,50.141150697338965,0.0019741807858587542,20,5000,44,full
0.01,4,-1.2832178733107769,73,True,True,True,False,50.14134158189668,0.001974197459530893,20,5000,44,full
0.01,5,-1.2832178727096997,72,True,True,True,False,50.14113482065671,0.001974179399158951,20,5000,44,full
0.01,6,-1.2832178729903496,66,True,True,True,False,50.141233378374906,0.0019741880102138367,20,5000,44,full
0.01,7,-1.2832178730678843,64,True,True,True,False,50.14126006889603,0.001974190343753475,20,5000,44,full
0.01,8,-1.2832178730142514,66,True,True,True,False,50.141241541905615,0.0019741887213265055,20,5000,44,full
0.01,9,-1.2832178726994514,70,True,True,True,False,50.14113115948593,0.001974179079411762,20,5000,44,full
0.001,0,-1.283217873095222,73,True,True,True,False,50.14126922853344,0.00197419113941496,20,5000,44,full
0.001,1,-1.2722001697425473,83,True,True,True,False,37.394462439924915,0.0013505774210495385,20,5000,44,full
0.001,2,-1.283217873219444,65,True,True,True,False,50.141311155797986,0.001974194801743504,20,5000,44,full
0.001,3,-1.283217872747558,76,True,True,True,False,50.14114832280814,0.0019741805784490945,20,5000,44,full
0.001,4,-1.283217873300225,73,True,True,True,False,50.14133811669421,0.0019741971568483824,20,5000,44,full
0.001,5,-1.2832178727093395,72,True,True,True,False,50.14113470357052,0.001974179388929207,20,5000,44,full
0.001,6,-1.2832178729792696,66,True,True,True,False,50.14122956263299,0.001974187676865508,20,5000,44,full
0.001,7,-1.2832178727438268,70,True,True,True,False,50.141147004602665,0.0019741804636730443,20,5000,44,full
0.001,8,-1.2832178733101685,64,True,True,True,False,50.141341563556345,0.001974197463581878,20,5000,44,full
0.001,9,-1.2832178726976229,70,True,True,True,False,50.14113048896785,0.001974179020846872,20,5000,44,full
0.0001,0,-1.2832178730933592,73,True,True,True,False,50.141268593047826,0.001974191083903857,20,5000,44,full
0.0001,1,-1.272200169736881,83,True,True,True,True,37.394460414922435,0.0013505773454178802,20,5000,44,full
0.0001,2,-1.283217873220848,65,True,True,True,False,50.14131162576218,0.0019741948427965685,20,5000,44,full
0.0001,3,-1.2832178727468644,76,True,True,True,False,50.14114807665011,0.001974180556948283,20,5000,44,full
0.0001,4,-1.283217873299226,73,True,True,True,False,50.141337752595675,0.001974197125043518,20,5000,44,full
0.0001,5,-1.283217872709332,72,True,True,True,False,50.14113469173886,0.0019741793878972143,20,5000,44,full
0.0001,6,-1.2832178729778816,66,True,True,True,False,50.14122910641908,0.0019741876370109506,20,5000,44,full
0.0001,7,-1.2832178727513843,70,True,True,True,False,50.141149702285674,0.001974180699305624,20,5000,44,full
0.0001,8,-1.2832178730029213,66,True,True,True,False,50.141237650474636,0.001974188381414585,20,5000,44,full
0.0001,9,-1.2832178726974723,70,True,True,True,False,50.1411304727627,0.001974179019429657,20,5000,44,full
0.01,0,-1.2754830867839342,75,True,True,True,False,50.75963511828114,0.0019490634818760148,20,5000,45,full
0.01,1,-1.2754830867360045,69,True,True,True,False,50.75961890735332,0.0019490620801192852,20,5000,45,full
0.01,2,-1.2754830864558502,76,True,True,True,False,50.759521954275534,0.001949053693959479,20,5000,45,full
0.01,3,-1.2754830865471138,64,True,True,True,False,50.75955392475133,0.0019490564597409658,20,5000,45,full
0.01,4,-1.2754830866862652,72,True,True,True,False,50.7596019482521,0.001949060613249224,20,5000,45,full
0.01,5,-1.2754830867278912,71,True,True,True,False,50.75961614467662,0.001949061841265037,20,5000,45,full
0.01,6,-1.27548308616075,84,True,True,True,False,50.756309795540645,0.0019487759804158787,20,5000,45,full
0.01,7,-1.275483086370225,70,True,True,True,False,50.759491661375094,0.001949051074578779,20,5000,45,full
0.01,8,-1.275483086919165,73,True,True,True,False,50.759680496748615,0.001949067407181999,20,5000,45,full
0.01,9,-1.275483086804866,73,True,True,True,False,50.75964214513026,0.0019490640895202618,20,5000,45,full
0.001,0,-1.2754830867497735,75,True,True,True,False,50.759623525570575,0.00194906247919571,20,5000,45,full
0.001,1,-1.2754830867143423,69,True,True,True,False,50.75961153211912,0.0019490614422128332,20,5000,45,full
0.001,2,-1.2754830864548614,76,True,True,True,False,50.75952160836105,0.0019490536640379202,20,5000,45,full
0.001,3,-1.2754830865878488,64,True,True,True,False,50.75956806126278,0.0019490576824223401,20,5000,45,full
0.001,4,-1.2754830866825893,72,True,True,True,False,50.759600664626774,0.0019490605022263584,20,5000,45,full
0.001,5,-1.2754830866892914,71,True,True,True,False,50.75960297493451,0.0019490607021792723,20,5000,45,full
0.001,6,-1.2754830859857742,84,True,True,True,False,50.75636390737004,0.00194878065682789,20,5000,45,full
0.001,7,-1.27548308636483,70,True,True,True,False,50.75948974605815,0.0019490509089209246,20,5000,45,full
0.001,8,-1.2754830869053653,73,True,True,True,False,50.75967590538999,0.0019490670100569315,20,5000,45,full
0.001,9,-1.2754830868048384,73,True,True,True,False,50.75964215186497,0.0019490640901022908,20,5000,45,full
0.0001,0,-1.27548308674606,75,True,True,True,False,50.75962230949152,0.001949062374014682,20,5000,45,full
0.0001,1,-1.2754830867121567,69,True,True,True,False,50.759610786342016,0.0019490613777104306,20,5000,45,full
0.0001,2,-1.2754830864547693,76,True,True,True,False,50.759521575107826,0.0019490536611616338,20,5000,45,full
0.0001,3,-1.2754830865922437,64,True,True,True,False,50.7595695966479,0.0019490578152208872,20,5000,45,full
0.0001,4,-1.275483086682213,72,True,True,True,False,50.759600535810215,0.0019490604910849612,20,5000,45,full
0.0001,5,-1.2754830867889697,71,True,True,True,False,50.75963685682134,0.0019490636327967156,20,5000,45,full
0.0001,6,-1.2754830859676847,84,True,True,True,True,50.756369589039366,0.001948781147846725,20,5000,45,full
0.0001,7,-1.2754830863643125,70,True,True,True,False,50.759489551764325,0.0019490508921151531,20,5000,45,full
0.0001,8,-1.2754830869038816,73,True,True,True,False,50.75967542402003,0.0019490669684236843,20,5000,45,full
0.0001,9,-1.2754830868048217,73,True,True,True,False,50.759642155618614,0.0019490640904261784,20,5000,45,full
0.01,0,-1.2825491325374614,72,True,True,True,False,50.33525054043651,0.00196659722285953,20,5000,46,full
0.01,1,-1.2714142661500585,73,True,True,True,False,37.414370671288914,0.0013530804417659864,20,5000,46,full
0.01,2,-1.2825491327836067,68,True,True,True,False,50.33531257777067,0.001966602608365467,20,5000,46,full
0.01,3,-1.2825491339105348,56,True,True,True,False,50.33441451125731,0.0019665246104063087,20,5000,46,full
0.01,4,-1.28254913219492,74,True,True,True,False,50.33516674342734,0.001966589949172172,20,5000,46,full
0.01,5,-1.2714142662565129,87,True,True,True,False,37.41427347860588,0.0013530768852308785,20,5000,46,full
0.01,6,-1.28254913275338,70,True,True,True,False,50.33530964524094,0.001966602354569628,20,5000,46,full
0.01,7,-1.2825491321498195,72,True,True,True,False,50.3351754074437,0.00196659070448743,20,5000,46,full
0.01,8,-1.28254912978928,71,True,True,True,False,50.33544012497144,0.0019666138280744843,20,5000,46,full
0.01,9,-1.2714142662345,86,True,True,True,False,37.414293129661786,0.001353077603761361,20,5000,46,full
0.001,0,-1.282549132553656,72,True,True,True,False,50.335254705800295,0.0019665975844603873,20,5000,46,full
0.001,1,-1.2714142661796106,73,True,True,True,False,37.41434327495913,0.001353079440062245,20,5000,46,full
0.001,2,-1.282549132140657,69,True,True,True,False,50.33514701466962,0.0019665882356722482,20,5000,46,full
0.001,3,-1.2825491338777022,56,True,True,True,False,50.334729101640306,0.0019665519276640233,20,5000,46,full
0.001,4,-1.2825491321602553,74,True,True,True,False,50.335157748597375,0.0019665891683475285,20,5000,46,full
0.001,5,-1.2714142659927505,88,True,True,True,True,37.414524836388004,0.0013530860759102476,20,5000,46,full
0.001,6,-1.2825491320993079,71,True,True,True,False,50.33514155529935,0.001966587762618963,20,5000,46,full
0.001,7,-1.282549132131162,72,True,True,True,False,50.33516953285659,0.0019665901943642845,20,5000,46,full
0.001,8,-1.282549129781616,71,True,True,True,False,50.33543736220402,0.001966613588078359,20,5000,46,full
0.001,9,-1.2714142661722492,86,True,True,True,False,37.414349799125915,0.001353079675836698,20,5000,46,full
0.0001,0,-1.2825491325551088,72,True,True,True,False,50.33525507521549,0.0019665976165303277,20,5000,46,full
0.0001,1,-1.27141426618272,73,True,True,True,False,37.41434037520046,0.0013530793340367604,20,5000,46,full
0.0001,2,-1.2825491321472744,69,True,True,True,False,50.33514880149466,0.0019665883907904907,20,5000,46,full
0.0001,3,-1.2825491338867714,56,True,True,True,False,50.33475969887356,0.0019665545846964706,20,5000,46,full
0.0001,4,-1.2825491321567961,74,True,True,True,False,50.33515681846307,0.0019665890876050664,20,5000,46,full
0.0001,5,-1.2714142660156318,88,True,True,True,False,37.41450143031323,0.0013530852200898244,20,5000,46,full
0.0001,6,-1.2825491321051228,71,True,True,True,False,50.3351431927795,0.001966587904788174,20,5000,46,full
0.0001,7,-1.2825491321292264,72,True,True,True,False,50.3351689393747,0.00196659014282759,20,5000,46,full
0.0001,8,-1.2825491297807465,71,True,True,True,False,50.33543708203147,0.0019666135637393008,20,5000,46,full
0.0001,9,-1.2714142661659447,86,True,True,True,False,37.41435559195119,0.0013530798876460201,20,5000,46,full
0.01,0,-1.285492523786832,68,True,True,True,False,50.26468862958911,0.0019657325065138512,20,5000,47,full
0.01,1,-1.285492524050314,67,True,True,True,False,50.264777668985666,0.001965740743427521,20,5000,47,full
0.01,2,-1.28549252402549,65,True,True,True,False,50.264769484284166,0.0019657399886084705,20,5000,47,full
0.01,3,-1.285492523671657,75,True,True,True,False,50.26464871966344,0.0019657288139484736,20,5000,47,full
0.01,4,-1.2854925236497625,65,True,True,True,False,50.26464116298554,0.0019657281180581005,20,5000,47,full
0.01,5,-1.285492524154557,70,True,True,True,False,50.264812148981164,0.001965743933988831,20,5000,47,full
0.01,6,-1.2854925236339787,70,True,True,True,False,50.264635538934044,0.0019657275943484576,20,5000,47,full
0.01,7,-1.2854925237608434,72,True,True,True,False,50.264679662410494,0.001965731676544841,20,5000,47,full
0.01,8,-1.2740027474595352,86,True,True,True,False,37.551873983630145,0.0013382167542457881,20,5000,47,full
0.01,9,-1.2854925237928312,80,True,True,True,False,50.264690646582956,0.0019657326923796167,20,5000,47,full
0.001,0,-1.2854925236545196,68,True,True,True,False,50.264642768273575,0.001965728263732612,20,5000,47,full
0.001,1,-1.285492524082513,67,True,True,True,False,50.26478837245241,0.0019657417337085397,20,5000,47,full
0.001,2,-1.2854925240677966,65,True,True,True,False,50.26478358354608,0.001965741293006229,20,5000,47,full
0.001,3,-1.28549252364143,75,True,True,True,False,50.264638183740324,0.0019657278392283184,20,5000,47,full
0.001,4,-1.285492523692434,65,True,True,True,False,50.26465607706268,0.001965729497791271,20,5000,47,full
0.001,5,-1.2854925241603745,70,True,True,True,False,50.264814070984954,0.0019657441118091285,20,5000,47,full
0.001,6,-1.2854925236377617,70,True,True,True,False,50.2646368795331,0.001965727718370157,20,5000,47,full
0.001,7,-1.2854925237369756,72,True,True,True,False,50.26467142142003,0.0019657309141321855,20,5000,47,full
0.001,8,-1.2740027473900857,86,True,True,True,False,37.551939804387615,0.0013382191154645339,20,5000,47,full
0.001,9,-1.2854925237913435,80,True,True,True,False,50.26469016297764,0.0019657326476387074,20,5000,47,full
0.0001,0,-1.2854925236377404,68,True,True,True,False,50.264636902019824,0.001965727721027488,20,5000,47,full
0.0001,1,-1.28549252408578,67,True,True,True,False,50.264789444080314,0.001965741832856547,20,5000,47,full
0.0001,2,-1.2854925240721204,65,True,True,True,False,50.264785007014986,0.0019657414247010747,20,5000,47,full
0.0001,3,-1.2854925236382848,75,True,True,True,False,50.26463707950955,0.001965727737072488,20,5000,47,full
0.0001,4,-1.2854925236968768,65,True,True,True,False,50.26465762453848,0.0019657296409520387,20,5000,47,full
0.0001,5,-1.285492524161012,70,True,True,True,False,50.2648142700856,0.0019657441302292655,20,5000,47,full
0.0001,6,-1.2854925236383927,70,True,True,True,False,50.26463710406399,0.0019657277391429808,20,5000,47,full
0.0001,7,-1.2854925237345105,72,True,True,True,False,50.26467056446738,0.0019657308348520228,20,5000,47,full
0.0001,8,-1.274002747383095,86,True,True,True,True,37.55194649648534,0.0013382193555324547,20,5000,47,full
0.0001,9,-1.2854925237911567,80,True,True,True,False,50.26469009492796,0.001965732641343413,20,5000,47,full
0.01,0,-1.2925600941608753,62,True,True,True,False,50.178148318556346,0.0019547350298817264,20,5000,48,full
0.01,1,-1.292560093911056,71,True,True,True,False,50.178063291653,0.001954727125269308,20,5000,48,full
0.01,2,-1.2925600941523288,71,True,True,True,False,50.178145486657066,0.0019547347667408133,20,5000,48,full
0.01,3,-1.2925600940529687,89,True,True,True,False,50.17534651071248,0.0019544747441630466,20,5000,48,full
0.01,4,-1.2925600939318878,68,True,True,True,False,50.17807049656074,0.0019547277955332936,20,5000,48,full
0.01,5,-1.2925600938735784,68,True,True,True,False,50.17805034189488,0.0019547259215675363,20,5000,48,full
0.01,6,-1.2925600936517747,70,True,True,True,False,50.17797226117202,0.0019547186635625884,20,5000,48,full
0.01,7,-1.292560093927909,73,True,True,True,False,50.17806914822057,0.001954727670017149,20,5000,48,full
0.01,8,-1.2925600936274502,67,True,True,True,False,50.17796368893547,0.0019547178722993954,20,5000,48,full
0.01,9,-1.2925600939963213,68,True,True,True,False,50.17809260765696,0.001954729850380913,20,5000,48,full
0.001,0,-1.2925600935563828,63,True,True,True,True,50.177937921364595,0.001954715470914108,20,5000,48,full
0.001,1,-1.2925600939537742,71,True,True,True,False,50.178078010536744,0.0019547284935559997,20,5000,48,full
0.001,2,-1.2925600941424573,71,True,True,True,False,50.178142167108064,0.001954734458135871,20,5000,48,full
0.001,3,-1.2925600940567967,89,True,True,True,False,50.17534554831857,0.001954474654840871,20,5000,48,full
0.001,4,-1.2925600939266455,68,True,True,True,False,50.178068689845674,0.001954727627575841,20,5000,48,full
0.001,5,-1.2925600938407982,68,True,True,True,False,50.178038928079374,0.0019547248605251673,20,5000,48,full
0.001,6,-1.2925600936466284,70,True,True,True,False,50.17797041123609,0.001954718491590418,20,5000,48,full
0.001,7,-1.2925600939136603,73,True,True,True,False,50.1780642096357,0.00195472721091676,20,5000,48,full
0.001,8,-1.2925600939076307,66,True,True,True,False,50.17806240563477,0.001954727051808591,20,5000,48,full
0.001,9,-1.2925600939811208,68,True,True,True,False,50.178087419066905,0.0019547293680493008,20,5000,48,full
0.0001,0,-1.292560093559962,63,True,True,True,False,50.17793921407908,0.001954715591079681,20,5000,48,full
0.0001,1,-1.2925600939583775,71,True,True,True,False,50.17807959664299,0.0019547286410038574,20,5000,48,full
0.0001,2,-1.2925600941414093,71,True,True,True,False,50.178141818031975,0.00195473442568622,20,5000,48,full
0.0001,3,-1.2925600940573199,89,True,True,True,False,50.175345426196614,0.001954474643505555,20,5000,48,full
0.0001,4,-1.2925600939260702,68,True,True,True,False,50.17806850711507,0.001954727610589316,20,5000,48,full
0.0001,5,-1.292560093837519,68,True,True,True,False,50.1780377765962,0.0019547247534830786,20,5000,48,full
0.0001,6,-1.2925600936460913,70,True,True,True,False,50.17797021572353,0.0019547184734155505,20,5000,48,full
0.0001,7,-1.2925600939121369,73,True,True,True,False,50.178063681105456,0.0019547271617848896,20,5000,48,full
0.0001,8,-1.292560093867378,66,True,True,True,False,50.17804844705852,0.0019547257542374256,20,5000,48,full
0.0001,9,-1.2925600939795936,68,True,True,True,False,50.17808687986694,0.001954729317925174,20,5000,48,full
0.01,0,-1.2812360690947928,69,True,True,True,False,50.03989863063365,0.001963980289566254,20,5000,49,full
0.01,1,-1.2812360689924727,66,True,True,True,False,50.03986163039276,0.0019639769381272236,20,5000,49,full
0.01,2,-1.2812360688104407,67,True,True,True,False,50.03979449782115,0.0019639708565360064,20,5000,49,full
0.01,3,-1.281236069329505,62,True,True,True,False,50.039959908823036,0.0019639858478478055,20,5000,49,full
0.01,4,-1.2812360690602975,68,True,True,True,False,50.03988623343319,0.0019639791666545498,20,5000,49,full
0.01,5,-1.281236075162119,100,True,True,True,False,50.037967109068205,0.001963805091887024,20,5000,49,full
0.01,6,-1.2697570667333877,80,True,True,True,True,37.364889508292265,0.0013158950725647935,20,5000,49,full
0.01,7,-1.2812360691589393,65,True,True,True,False,50.03991977929407,0.0019639822149353685,20,5000,49,full
0.01,8,-1.2812360692304117,70,True,True,True,False,50.03994697243044,0.0019639846682398287,20,5000,49,full
0.01,9,-1.281236068687052,71,True,True,True,False,50.03974794947241,0.0019639666385315334,20,5000,49,full
0.001,0,-1.281236069092177,69,True,True,True,False,50.03989769064307,0.0019639802044123,20,5000,49,full
0.001,1,-1.2812360689925313,66,True,True,True,False,50.03986164977126,0.0019639769398836627,20,5000,49,full
0.001,2,-1.2812360688750548,67,True,True,True,False,50.039818512301544,0.0019639730319558203,20,5000,49,full
0.001,3,-1.2812360692876594,62,True,True,True,False,50.03994005196925,0.0019639840490317624,20,5000,49,full
0.001,4,-1.2812360690780404,68,True,True,True,False,50.039892623235566,0.0019639797455084755,20,5000,49,full
0.001,5,-1.2812360750594531,99,True,True,True,False,50.03797233323616,0.0019638055678442797,20,5000,49,full
0.001,6,-1.2697570667393578,80,True,True,True,False,37.36488391068339,0.0013158948643257305,20,5000,49,full
0.001,7,-1.2812360688222897,65,True,True,True,False,50.03979442379014,0.0019639708592051643,20,5000,49,full
0.001,8,-1.2812360692126894,70,True,True,True,False,50.03994066930312,0.0019639840972347743,20,5000,49,full
0.001,9,-1.2812360692693086,70,True,True,True,False,50.039960686396334,0.001963985910263642,20,5000,49,full
0.0001,0,-1.2812360690919284,69,True,True,True,False,50.039897599131855,0.001963980196123577,20,5000,49,full
0.0001,1,-1.2812360689926592,66,True,True,True,False,50.039861687972675,0.0019639769433442834,20,5000,49,full
0.0001,2,-1.281236068881786,67,True,True,True,False,50.03982100659074,0.001963973257908686,20,5000,49,full
0.0001,3,-1.2812360692829055,62,True,True,True,False,50.0399377150314,0.001963983837326247,20,5000,49,full
0.0001,4,-1.2812360690799225,68,True,True,True,False,50.039893278067865,0.0019639798048301507,20,5000,49,full
0.0001,5,-1.2812360757952064,98,True,True,True,False,50.03793423505114,0.0019638020972177583,20,5000,49,full
0.0001,6,-1.26975706673993,80,True,True,True,False,37.36488346389494,0.0013158948477052376,20,5000,49,full
0.0001,7,-1.2812360687873372,65,True,True,True,False,50.03978091688196,0.001963969635653385,20,5000,49,full
0.0001,8,-1.2812360692107625,70,True,True,True,False,50.03994002303966,0.001963984038687109,20,5000,49,full
0.0001,9,-1.281236069264688,70,True,True,True,False,50.03995903786809,0.0019639857609247504,20,5000,49,full
0.01,0,-1.2822559831660711,68,True,True,True,False,50.402876653948645,0.0019723481520465672,20,5000,50,full
0.01,1,-1.282255982972143,69,True,True,True,False,50.40286041689498,0.0019723466453432127,20,5000,50,full
0.01,2,-1.2822559831536147,64,True,True,True,False,50.402955676835035,0.001972355569086384,20,5000,50,full
0.01,3,-1.282255983360939,70,True,True,True,False,50.402939965875504,0.0019723540762932425,20,5000,50,full
0.01,4,-1.2822559835266607,70,True,True,True,False,50.40287041423753,0.0019723475346901075,20,5000,50,full
0.01,5,-1.2699499732621302,80,True,True,True,True,37.7206009867006,0.00130950558344029,20,5000,50,full
0.01,6,-1.2822559826935043,75,True,True,True,False,50.40277611718498,0.001972338759534683,20,5000,50,full
0.01,7,-1.2822559830948121,72,True,True,True,False,50.40296151510743,0.001972356121327077,20,5000,50,full
0.01,8,-1.2699499787543544,94,True,True,True,False,37.7265656874607,0.0013097273669444877,20,5000,50,full
0.01,9,-1.2699499786557698,89,True,True,True,False,37.72652968680653,0.0013097260283699136,20,5000,50,full
0.001,0,-1.282255983176801,68,True,True,True,False,50.402878750771244,0.001972348347869099,20,5000,50,full
0.001,1,-1.2822559830611795,69,True,True,True,False,50.40287916643776,0.001972348396970125,20,5000,50,full
0.001,2,-1.2822559830998632,64,True,True,True,False,50.40294747205552,0.001972354803775019,20,5000,50,full
0.001,3,-1.282255982654797,71,True,True,True,False,50.40277492024068,0.0019723386505435306,20,5000,50,full
0.001,4,-1.282255983510291,70,True,True,True,False,50.40286704968095,0.0019723472203968155,20,5000,50,full
0.001,5,-1.269949973268163,80,True,True,True,False,37.720594275161666,0.0013095053338837647,20,5000,50,full
0.001,6,-1.2822559826718998,75,True,True,True,False,50.402772064986614,0.0019723383812061714,20,5000,50,full
0.001,7,-1.2822559830744258,72,True,True,True,False,50.40295658142231,0.0019723556600960996,20,5000,50,full
0.001,8,-1.269949978801097,94,True,True,True,False,37.7265826267018,0.0013097279967782427,20,5000,50,full
0.001,9,-1.2699499787239095,89,True,True,True,False,37.72655457703393,0.0013097269538370256,20,5000,50,full
0.0001,0,-1.2822559831778955,68,True,True,True,False,50.40287897092934,0.001972348368432066,20,5000,50,full
0.0001,1,-1.2822559830705127,69,True,True,True,False,50.402881117296026,0.0019723485792296183,20,5000,50,full
0.0001,2,-1.2822559830943396,64,True,True,True,False,50.40294664003058,0.0019723547261698573,20,5000,50,full
0.0001,3,-1.282255982656664,71,True,True,True,False,50.40277536822525,0.001972338692410345,20,5000,50,full
0.0001,4,-1.282255983508565,70,True,True,True,False,50.40286670091864,0.0019723471878135396,20,5000,50,full
0.0001,5,-1.2699499732687896,80,True,True,True,False,37.72059371416837,0.0013095053130239129,20,5000,50,full
0.0001,6,-1.2822559826696445,75,True,True,True,False,50.40277163529913,0.001972338341088961,20,5000,50,full
0.0001,7,-1.2822559830722882,72,True,True,True,False,50.40295607496343,0.001972355612752947,20,5000,50,full
0.0001,8,-1.2699499788072972,94,True,True,True,False,37.72658484543811,0.0013097280792761414,20,5000,50,full
0.0001,9,-1.2699499787303232,89,True,True,True,False,37.726556911000955,0.001309727040619186,20,5000,50,full
0.01,0,-1.2818193163091496,70,True,True,True,False,50.60355420930165,0.0019645092012923688,20,5000,51,full
0.01,1,-1.2818193162362268,69,True,True,True,False,50.60352817640366,0.0019645068831949477,20,5000,51,full
0.01,2,-1.2818193162505702,66,True,True,True,False,50.60353334381957,0.0019645073431766844,20,5000,51,full
0.01,3,-1.270079554473494,67,True,True,True,False,37.669323141197154,0.0013029149591418372,20,5000,51,full
0.01,4,-1.2818193160081008,74,True,True,True,False,50.60344488315853,0.0019644994662978707,20,5000,51,full
0.01,5,-1.2818193157983846,75,True,True,True,False,50.60336626908965,0.001964492466496202,20,5000,51,full
0.01,6,-1.2818193159469498,72,True,True,True,False,50.60342286581538,0.001964497506124858,20,5000,51,full
0.01,7,-1.281819316260988,68,True,True,True,False,50.60353705390262,0.0019645076731320764,20,5000,51,full
0.01,8,-1.2818193161441163,67,True,True,True,False,50.60349417698937,0.001964503855264102,20,5000,51,full
0.01,9,-1.2818193161701583,74,True,True,True,False,50.60350448456254,0.001964504772774169,20,5000,51,full
0.001,0,-1.2818193162945597,70,True,True,True,False,50.60354904815903,0.001964508741738197,20,5000,51,full
0.001,1,-1.281819316232468,69,True,True,True,False,50.60352682718786,0.001964506763052471,20,5000,51,full
0.001,2,-1.281819316234594,66,True,True,True,False,50.603527630037185,0.0019645068344184267,20,5000,51,full
0.001,3,-1.2700795544719021,67,True,True,True,False,37.66932489897222,0.0013029150258079243,20,5000,51,full
0.001,4,-1.2818193159935931,74,True,True,True,False,50.603439580629626,0.0019644989941727045,20,5000,51,full
0.001,5,-1.2818193157769315,75,True,True,True,False,50.60335817856081,0.0019644917461512945,20,5000,51,full
0.001,6,-1.2818193159531561,72,True,True,True,False,50.60342515908014,0.0019644977102961252,20,5000,51,full
0.001,7,-1.281819316228208,68,True,True,True,False,50.60352535930006,0.0019645066318440905,20,5000,51,full
0.001,8,-1.2818193161297138,67,True,True,True,False,50.60348895270224,0.001964503390093191,20,5000,51,full
0.001,9,-1.2818193161601645,74,True,True,True,False,50.60350084107716,0.001964504448357978,20,5000,51,full
0.0001,0,-1.2818193162931026,70,True,True,True,False,50.60354851519889,0.0019645086942845905,20,5000,51,full
0.0001,1,-1.2818193162320666,69,True,True,True,False,50.60352669367196,0.001964506751166109,20,5000,51,full
0.0001,2,-1.2818193162328615,66,True,True,True,False,50.60352704585679,0.0019645067824027133,20,5000,51,full
0.0001,3,-1.2700795544715082,67,True,True,True,True,37.669325283168575,0.0013029150403790406,20,5000,51,full
0.0001,4,-1.281819315992101,74,True,True,True,False,50.60343902276318,0.001964498944502086,20,5000,51,full
0.0001,5,-1.2818193157747204,75,True,True,True,False,50.60335732785664,0.0019644916704080894,20,5000,51,full
0.0001,6,-1.2818193159536801,72,True,True,True,False,50.60342535946108,0.0019644977281364187,20,5000,51,full
0.0001,7,-1.2818193162249132,68,True,True,True,False,50.60352416714522,0.0019645065256943778,20,5000,51,full
0.0001,8,-1.2818193161281692,67,True,True,True,False,50.6034884116948,0.001964503341921775,20,5000,51,full
0.0001,9,-1.2818193161590055,74,True,True,True,False,50.60350045719666,0.001964504414176932,20,5000,51,full
0.01,0,-1.2773498399242618,46,True,True,True,False,58.574963847100825,0.0017376625769768307,20,500,42,full
0.01,1,-1.2695224554513067,101,True,True,True,True,43.9277563765404,0.0011853606465500723,20,500,42,full
0.01,2,-1.2773499315586339,71,True,True,True,False,58.58520932331831,0.0017384534031543758,20,500,42,full
0.01,3,-1.2773499274913769,76,True,True,True,False,58.58500214061914,0.0017384373324205382,20,500,42,full
0.01,4,-1.2773499331322478,67,True,True,True,False,58.58528826031334,0.001738459526375311,20,500,42,full
0.01,5,-1.2773499266964246,75,True,True,True,False,58.5849611207555,0.0017384341522385413,20,500,42,full
0.01,6,-1.2773499316010528,63,True,True,True,False,58.585211458037705,0.0017384535686381726,20,500,42,full
0.01,7,-1.2773499286888321,67,True,True,True,False,58.585063623505874,0.0017384421015040838,20,500,42,full
0.01,8,-1.277349932310405,69,True,True,True,False,58.585247113353226,0.0017384563343263242,20,500,42,full
0.01,9,-1.2773499306551908,73,True,True,True,False,58.58516369610129,0.0017384498635680755,20,500,42,full
0.001,0,-1.2773498399285246,46,True,True,True,False,58.57496183800582,0.0017376624227922405,20,500,42,full
0.001,1,-1.2695224560816505,101,True,True,True,False,43.92733251288587,0.0011853493246552747,20,500,42,full
0.001,2,-1.2773499307106477,71,True,True,True,False,58.58516650799616,0.0017384500819748916,20,500,42,full
0.001,3,-1.2773499270188313,76,True,True,True,False,58.58497776744385,0.0017384354420805484,20,500,42,full
0.001,4,-1.2773499329797273,67,True,True,True,False,58.58528063769894,0.0017384589350449603,20,500,42,full
0.001,5,-1.2773499276247458,74,True,True,True,False,58.58500903737098,0.001738437869105503,20,500,42,full
0.001,6,-1.2773499313045529,63,True,True,True,False,58.5851965130046,0.0017384524093353982,20,500,42,full
0.001,7,-1.2773499285623637,67,True,True,True,False,58.585057150073226,0.0017384415994059139,20,500,42,full
0.001,8,-1.277349932324705,69,True,True,True,False,58.585247830836586,0.0017384563899813584,20,500,42,full
0.001,9,-1.2773499291832966,73,True,True,True,False,58.58508888743842,0.0017384440609136407,20,500,42,full
0.0001,0,-1.2773498399281755,46,True,True,True,False,58.574962034867184,0.0017376624380294212,20,500,42,full
0.0001,1,-1.269522456148316,101,True,True,True,False,43.927289762648215,0.0011853481827506656,20,500,42,full
0.0001,2,-1.277349930623134,71,True,True,True,False,58.58516207827135,0.0017384497383684274,20,500,42,full
0.0001,3,-1.2773499269692854,76,True,True,True,False,58.58497520826012,0.0017384352435963486,20,500,42,full
0.0001,4,-1.2773499329643951,67,True,True,True,False,58.58527987113186,0.001738458875578399,20,500,42,full
0.0001,5,-1.2773499270585171,74,True,True,True,False,58.584979845871736,0.001738435605058103,20,500,42,full
0.0001,6,-1.2773499312709462,63,True,True,True,False,58.58519481742913,0.0017384522778082015,20,500,42,full
0.0001,7,-1.2773499285488765,67,True,True,True,False,58.58505645947708,0.001738441545840663,20,500,42,full
0.0001,8,-1.2773499323264883,69,True,True,True,False,58.585247920321116,0.0017384563969247257,20,500,42,full
0.0001,9,-1.2773499290748818,73,True,True,True,False,58.58508335369156,0.0017384436316917014,20,500,42,full
0.01,0,-1.2523950428645598,79,True,True,True,False,60.68686552925297,0.0016506645505797585,20,500,43,full
0.01,1,-1.2523950418741838,77,True,True,True,False,60.686800326210225,0.0016506612728792657,20,500,43,full
0.01,2,-1.2523949435533368,48,True,True,True,False,60.67078463136453,0.0016498582282320061,20,500,43,full
0.01,3,-1.252395041514065,75,True,True,True,False,60.6867765397146,0.0016506600771707643,20,500,43,full
0.01,4,-1.2523950364693617,80,True,True,True,False,60.686438826466045,0.0016506431015048098,20,500,43,full
0.01,5,-1.2523950402721147,56,True,True,True,False,60.686694392932196,0.0016506559507123493,20,500,43,full
0.01,6,-1.2523950385962883,73,True,True,True,False,60.686582252479845,0.001650650310877036,20,500,43,full
0.01,7,-1.252395042967936,76,True,True,True,False,60.686872317449165,0.0016506648918214596,20,500,43,full
0.01,8,-1.252395041356805,62,True,True,True,False,60.686766284629655,0.0016506595636736788,20,500,43,full
0.01,9,-1.2523950376699382,69,True,True,True,False,60.68651998061822,0.0016506471807967585,20,500,43,full
0.001,0,-1.2523950427063009,79,True,True,True,False,60.68685513096644,0.0016506640278636374,20,500,43,full
0.001,1,-1.2523950418219079,77,True,True,True,False,60.68679687577704,0.0016506610994305292,20,500,43,full
0.001,2,-1.252394943290206,48,True,True,True,False,60.67087633092237,0.001649862819032765,20,500,43,full
0.001,3,-1.2523950408538804,75,True,True,True,False,60.68673282376941,0.00165065787964742,20,500,43,full
0.001,4,-1.252395036394633,80,True,True,True,False,60.68643375906312,0.001650642846794152,20,500,43,full
0.001,5,-1.2523950373030621,57,True,True,True,False,60.686495376652275,0.0016506459460523812,20,500,43,full
0.001,6,-1.252395038748375,73,True,True,True,False,60.68659244930769,0.0016506508234324197,20,500,43,full
0.001,7,-1.252395043143321,76,True,True,True,False,60.686883826246024,0.0016506654703649219,20,500,43,full
0.001,8,-1.2523950425235886,62,True,True,True,False,60.68684326201428,0.0016506634332181876,20,500,43,full
0.001,9,-1.2523950386442528,69,True,True,True,False,60.68658547397815,0.0016506504728733555,20,500,43,full
0.0001,0,-1.252395042689955,79,True,True,True,False,60.686854056457925,0.0016506639738497139,20,500,43,full
0.0001,1,-1.252395041816917,77,True,True,True,False,60.68679654613897,0.001650661082860346,20,500,43,full
0.0001,2,-1.2523949432564065,48,True,True,True,True,60.670888387736355,0.0016498634227034008,20,500,43,full
0.0001,3,-1.252395040785534,75,True,True,True,False,60.686728290333214,0.0016506576517607192,20,500,43,full
0.0001,4,-1.252395036386805,80,True,True,True,False,60.68643322811271,0.0016506428201064002,20,500,43,full
0.0001,5,-1.252395037684983,57,True,True,True,False,60.68652113602315,0.001650647240853852,20,500,43,full
0.0001,6,-1.252395038764009,73,True,True,True,False,60.686593497506934,0.0016506508761222212,20,500,43,full
0.0001,7,-1.252395043137834,76,True,True,True,False,60.686883466429215,0.0016506654522780678,20,500,43,full
0.0001,8,-1.2523950426464745,62,True,True,True,False,60.68685134403006,0.00165066383949505,20,500,43,full
0.0001,9,-1.252395038748729,69,True,True,True,False,60.686592477749734,0.0016506508249259533,20,500,43,full
0.01,0,-1.2552835642572027,74,True,True,True,False,60.79607089005318,0.001617789048669509,20,500,44,full
0.01,1,-1.2552835661222113,70,True,True,True,False,60.79617723352707,0.0016177962453071647,20,500,44,full
0.01,2,-1.2552835694287432,71,True,True,True,False,60.79636305783664,0.0016178088217338378,20,500,44,full
0.01,3,-1.2450868732714189,103,True,True,True,False,44.779611493598026,0.001110484504400932,20,500,44,full
0.01,4,-1.2552835665627466,50,True,True,True,False,60.796203374519216,0.0016177980498656903,20,500,44,full
0.01,5,-1.2552835645625624,71,True,True,True,False,60.796088382157144,0.0016177902324631464,20,500,44,full
0.01,6,-1.2552835685055246,73,True,True,True,False,60.796311520838024,0.0016178053337974725,20,500,44,full
0.01,7,-1.255283564299841,74,True,True,True,False,60.79607333455021,0.0016177892141101364,20,500,44,full
0.01,8,-1.2552835652179042,69,True,True,True,False,60.79612581547226,0.0016177927657493663,20,500,44,full
0.01,9,-1.25528356376543,75,True,True,True,False,60.79604265726112,0.0016177871380754056,20,500,44,full
0.001,0,-1.2552835642165783,74,True,True,True,False,60.79606856060803,0.0016177888910279207,20,500,44,full
0.001,1,-1.2552835658732744,70,True,True,True,False,60.796163103946306,0.0016177952890743953,20,500,44,full
0.001,2,-1.2552835688608786,71,True,True,True,False,60.79633138598295,0.0016178066781503335,20,500,44,full
0.001,3,-1.2450868730567626,103,True,True,True,False,44.77980699038796,0.0011104888500788172,20,500,44,full
0.001,4,-1.2552835683346393,51,True,True,True,False,60.79630279931122,0.0016178047685878301,20,500,44,full
0.001,5,-1.25528356453104,71,True,True,True,False,60.79608657817443,0.0016177901103798977,20,500,44,full
0.001,6,-1.2552835680147763,73,True,True,True,False,60.7962840167044,0.0016178034723310652,20,500,44,full
0.001,7,-1.2552835641763498,74,True,True,True,False,60.79606625443299,0.0016177887349742147,20,500,44,full
0.001,8,-1.2552835701733087,68,True,True,True,False,60.79640444460674,0.0016178116231073197,20,500,44,full
0.001,9,-1.2552835636336588,75,True,True,True,False,60.79603507862687,0.0016177866252108767,20,500,44,full
0.0001,0,-1.2552835642123097,74,True,True,True,False,60.79606831616,0.0016177888744845366,20,500,44,full
0.0001,1,-1.2552835658476522,70,True,True,True,False,60.7961616484893,0.0016177951905749185,20,500,44,full
0.0001,2,-1.2552835688038522,71,True,True,True,False,60.79632820024118,0.0016178064625375086,20,500,44,full
0.0001,3,-1.2450868730335927,103,True,True,True,True,44.77982875923178,0.0011104893339795644,20,500,44,full
0.0001,4,-1.2552835691798305,51,True,True,True,False,60.796350042451486,0.0016178079660038338,20,500,44,full
0.0001,5,-1.2552835645279359,71,True,True,True,False,60.79608640004088,0.0016177900983257586,20,500,44,full
0.0001,6,-1.2552835679213383,73,True,True,True,False,60.79627877137777,0.001617803117331065,20,500,44,full
0.0001,7,-1.2552835641635138,74,True,True,True,False,60.79606551799363,0.0016177886851373696,20,500,44,full
0.0001,8,-1.2552835696126305,68,True,True,True,False,60.79637330102058,0.0016178095152448548,20,500,44,full
0.0001,9,-1.2552835636195605,75,True,True,True,False,60.79603426704184,0.0016177865702886136,20,500,44,full
0.01,0,-1.263138674128063,63,True,True,True,True,46.66585009917387,0.0011088793419825739,20,500,45,full
0.01,1,-1.2762060647040079,79,True,True,True,False,63.1961329372807,0.0015662791954230975,20,500,45,full
0.01,2,-1.2762060671559647,78,True,True,True,False,63.19624464989741,0.0015662874361218643,20,500,45,full
0.01,3,-1.2762060641763422,66,True,True,True,False,63.1961086780004,0.0015662774053081111,20,500,45,full
0.01,4,-1.2762060680740308,71,True,True,True,False,63.196286074875644,0.0015662904917636642,20,500,45,full
0.01,5,-1.2762060661781942,65,True,True,True,False,63.19620028734613,0.0015662841634767328,20,500,45,full
0.01,6,-1.2762060655556715,75,True,True,True,False,63.196171913132666,0.0015662820702705895,20,500,45,full
0.01,7,-1.276206062208581,71,True,True,True,False,63.196017592827175,0.001566270686831234,20,500,45,full
0.01,8,-1.2762060630591952,71,True,True,True,False,63.19605710030139,0.0015662736010832801,20,500,45,full
0.01,9,-1.2762060665313328,70,True,True,True,False,63.196216328572106,0.001566285346312441,20,500,45,full
0.001,0,-1.2631386742159176,63,True,True,True,False,46.66575161730319,0.0011088773268933456,20,500,45,full
0.001,1,-1.276206064694311,79,True,True,True,False,63.19613249229237,0.0015662791625952967,20,500,45,full
0.001,2,-1.2762060671235231,78,True,True,True,False,63.19624318203001,0.0015662873278363418,20,500,45,full
0.001,3,-1.2762060645629145,66,True,True,True,False,63.196126449359454,0.0015662787162225246,20,500,45,full
0.001,4,-1.2762060612931494,72,True,True,True,False,63.195974851833135,0.0015662675342022422,20,500,45,full
0.001,5,-1.2762060660542875,65,True,True,True,False,63.1961946481689,0.0015662837474811461,20,500,45,full
0.001,6,-1.2762060654906797,75,True,True,True,False,63.196168945284604,0.0015662818513393166,20,500,45,full
0.001,7,-1.2762060622965443,71,True,True,True,False,63.19602168748192,0.001566270988852763,20,500,45,full
0.001,8,-1.2762060628858365,71,True,True,True,False,63.196049064828436,0.0015662730083682202,20,500,45,full
0.001,9,-1.2762060663466128,70,True,True,True,False,63.19620793711254,0.0015662847272823232,20,500,45,full
0.0001,0,-1.2631386742240798,63,True,True,True,False,46.66574265438308,0.0011088771434979263,20,500,45,full
0.0001,1,-1.2762060646749152,79,True,True,True,False,63.196131601908796,0.0015662790969160419,20,500,45,full
0.0001,2,-1.2762060671199804,78,True,True,True,False,63.196243021605916,0.001566287316002029,20,500,45,full
0.0001,3,-1.2762060646014746,66,True,True,True,False,63.196128220324546,0.0015662788468592285,20,500,45,full
0.0001,4,-1.2762060613207808,72,True,True,True,False,63.195976145514926,0.0015662676296218975,20,500,45,full
0.0001,5,-1.2762060660430805,65,True,True,True,False,63.19619413810005,0.0015662837098534472,20,500,45,full
0.0001,6,-1.2762060654838225,75,True,True,True,False,63.19616863198646,0.0015662818282272536,20,500,45,full
0.0001,7,-1.2762060623058917,71,True,True,True,False,63.19602212230328,0.0015662710209255074,20,500,45,full
0.0001,8,-1.2762060628681497,71,True,True,True,False,63.19604824468044,0.0015662729478728567,20,500,45,full
0.0001,9,-1.2762060663272958,70,True,True,True,False,63.196207059178455,0.0015662846625191006,20,500,45,full
0.01,0,-1.2989422493434475,61,True,True,True,False,62.009565577681066,0.0015837568688728165,20,500,46,full
0.01,1,-1.2989421736324573,69,True,True,True,False,62.01076081426113,0.0015838306017417125,20,500,46,full
0.01,2,-1.298942255448397,60,True,True,True,False,62.009695586574935,0.0015837644238072429,20,500,46,full
0.01,3,-1.2989422708336504,46,True,True,True,False,62.00921254383995,0.0015837354162659867,20,500,46,full
0.01,4,-1.2989422478318657,72,True,True,True,False,62.00947668257291,0.0015837516325518763,20,500,46,full
0.01,5,-1.2896718152516151,91,True,True,True,True,45.28406524372135,0.0011372750311149232,20,500,46,full
0.01,6,-1.2989422518946125,65,True,True,True,False,62.00964275188808,0.0015837613821721604,20,500,46,full
0.01,7,-1.2989422550910894,66,True,True,True,False,62.00970517944299,0.0015837650029357443,20,500,46,full
0.01,8,-1.298942254351503,69,True,True,True,False,62.009561519414184,0.001583756493458472,20,500,46,full
0.01,9,-1.2989422504582702,73,True,True,True,False,62.00950385052148,0.0015837531744273086,20,500,46,full
0.001,0,-1.2989422489350901,61,True,True,True,False,62.00956671930353,0.0015837569476960466,20,500,46,full
0.001,1,-1.298942173459825,69,True,True,True,False,62.010757876239296,0.001583830434469504,20,500,46,full
0.001,2,-1.2989422550115075,60,True,True,True,False,62.0096798829147,0.0015837635030958184,20,500,46,full
0.001,3,-1.298942259394636,48,True,True,True,False,62.009172144075436,0.0015837332823408798,20,500,46,full
0.001,4,-1.2989422554766918,71,True,True,True,False,62.00972200354553,0.0015837659915739666,20,500,46,full
0.001,5,-1.2896718159944043,91,True,True,True,False,45.28352082626452,0.0011372638202078876,20,500,46,full
0.001,6,-1.298942251639158,65,True,True,True,False,62.00963436390089,0.0015837608910297435,20,500,46,full
0.001,7,-1.2989422550136314,66,True,True,True,False,62.00970222978533,0.0015837648298704242,20,500,46,full
0.001,8,-1.2989422543808828,69,True,True,True,False,62.009562324960015,0.001583756540495354,20,500,46,full
0.001,9,-1.2989422498628589,73,True,True,True,False,62.00948681437866,0.0015837521791453625,20,500,46,full
0.0001,0,-1.2989422488924993,61,True,True,True,False,62.009566802094895,0.0015837569537647024,20,500,46,full
0.0001,1,-1.2989421734420121,69,True,True,True,False,62.01075757610356,0.0015838304173906317,20,500,46,full
0.0001,2,-1.2989422549622498,60,True,True,True,False,62.009678140106075,0.0015837634009349855,20,500,46,full
0.0001,3,-1.2989422597958586,48,True,True,True,False,62.00920101399847,0.00158373498457917,20,500,46,full
0.0001,4,-1.2989422554592953,71,True,True,True,False,62.009721515335556,0.001583765963051649,20,500,46,full
0.0001,5,-1.289671816081219,91,True,True,True,False,45.28346206972922,0.0011372626102756583,20,500,46,full
0.0001,6,-1.2989422516127225,65,True,True,True,False,62.00963349610527,0.0015837608402176665,20,500,46,full
0.0001,7,-1.298942255006301,66,True,True,True,False,62.00970194710592,0.001583764813282699,20,500,46,full
0.0001,8,-1.2989422543838847,69,True,True,True,False,62.00956240732205,0.001583756545304507,20,500,46,full
0.0001,9,-1.298942249801234,73,True,True,True,False,62.00948505622058,0.001583752076437354,20,500,46,full
0.01,0,-1.2543052284339302,65,True,True,True,False,64.38960388699044,0.0015293123851299276,20,500,47,full
0.01,1,-1.254305227061522,75,True,True,True,False,64.38949946150386,0.0015293070580416313,20,500,47,full
0.01,2,-1.2543052243932151,67,True,True,True,False,64.3892940300215,0.0015292965775311252,20,500,47,full
0.01,3,-1.2543052233104448,71,True,True,True,False,64.38920975999186,0.001529292278519286,20,500,47,full
0.01,4,-1.254305140654271,73,True,True,True,False,64.37446935418205,0.001528541069929553,20,500,47,full
0.01,5,-1.2543052252617581,65,True,True,True,False,64.38936123320083,0.0015293000057264433,20,500,47,full
0.01,6,-1.2543052284262084,71,True,True,True,False,64.38960330627118,0.0015293123555986065,20,500,47,full
0.01,7,-1.2392077916421187,83,True,True,True,False,47.16426608110549,0.0010753386376019041,20,500,47,full
0.01,8,-1.2543052252555393,72,True,True,True,False,64.38936076012826,0.0015292999817428112,20,500,47,full
0.01,9,-1.239207792601212,84,True,True,True,False,47.163659850485146,0.0010753278137614498,20,500,47,full
0.001,0,-1.2543052263454164,65,True,True,True,False,64.38944462635286,0.001529304260239679,20,500,47,full
0.001,1,-1.254305227003299,75,True,True,True,False,64.38949501287499,0.0015293068310897229,20,500,47,full
0.001,2,-1.2543052242245658,67,True,True,True,False,64.38928093947833,0.0015292959097195418,20,500,47,full
0.001,3,-1.2543052233265317,71,True,True,True,False,64.38921101553093,0.0015292923425705462,20,500,47,full
0.001,4,-1.2543051408895498,73,True,True,True,False,64.37433017243053,0.0015285339836227613,20,500,47,full
0.001,5,-1.2543052254138471,65,True,True,True,False,64.38937296740662,0.001529300604334549,20,500,47,full
0.001,6,-1.2543052282081057,71,True,True,True,False,64.3895867614411,0.0015293115115291157,20,500,47,full
0.001,7,-1.2392077926437028,83,True,True,True,False,47.16363456552673,0.0010753273623125227,20,500,47,full
0.001,8,-1.2543052249647448,72,True,True,True,False,64.38933829462563,0.0015292988356591572,20,500,47,full
0.001,9,-1.2392077912917787,84,True,True,True,False,47.16450781332312,0.0010753429536966047,20,500,47,full
0.0001,0,-1.254305226034989,65,True,True,True,False,64.38942079260048,0.001529303044343956,20,500,47,full
0.0001,1,-1.2543052269974346,75,True,True,True,False,64.38949456421558,0.0015293068082000685,20,500,47,full
0.0001,2,-1.2543052242074944,67,True,True,True,False,64.38927961418423,0.001529295842110539,20,500,47,full
0.0001,3,-1.2543052233279084,71,True,True,True,False,64.38921112322019,0.001529292348065348,20,500,47,full
0.0001,4,-1.2543051409047752,73,True,True,True,False,64.37432154183135,0.0015285335442094545,20,500,47,full
0.0001,5,-1.2543052254297413,65,True,True,True,False,64.38937419277102,0.001529300666846189,20,500,47,full
0.0001,6,-1.2543052281856817,71,True,True,True,False,64.38958505932776,0.0015293114246925591,20,500,47,full
0.0001,7,-1.2392077927581624,83,True,True,True,False,47.163567052460515,0.001075326156938,20,500,47,full
0.0001,8,-1.2543052249358222,72,True,True,True,False,64.38933605765128,0.0015292987215391556,20,500,47,full
0.0001,9,-1.2392077911671702,84,True,True,True,True,47.16459697217699,0.0010753445456279636,20,500,47,full
0.01,0,-1.2618937379888473,66,True,True,True,False,62.08794546177399,0.0015447141914986932,20,500,48,full
0.01,1,-1.2618937372945254,74,True,True,True,False,62.08790530044414,0.0015447109630864762,20,500,48,full
0.01,2,-1.2618937364827478,74,True,True,True,False,62.08785812716229,0.0015447071705496974,20,500,48,full
0.01,3,-1.2477754421978509,116,True,True,True,False,46.28092959402272,0.0010821043112422331,20,500,48,full
0.01,4,-1.261893738362179,68,True,True,True,False,62.08796699434882,0.0015447159227682042,20,500,48,full
0.01,5,-1.261893738741185,77,True,True,True,False,62.08798880850906,0.0015447176768138926,20,500,48,full
0.01,6,-1.2618937405914818,73,True,True,True,False,62.08809459451007,0.001544726181579104,20,500,48,full
0.01,7,-1.2477752290123436,105,True,True,True,False,46.24166586532106,0.001081451614934733,20,500,48,full
0.01,8,-1.247775228229117,81,True,True,True,True,46.24242199227376,0.001081464168588493,20,500,48,full
0.01,9,-1.2618937403280575,80,True,True,True,False,62.088079606263946,0.0015447249767807333,20,500,48,full
0.001,0,-1.2618937383862603,66,True,True,True,False,62.08796837894669,0.0015447160339604415,20,500,48,full
0.001,1,-1.261893737692278,74,True,True,True,False,62.087928331766996,0.0015447128147100275,20,500,48,full
0.001,2,-1.261893735989073,74,True,True,True,False,62.087829326391315,0.0015447048551167127,20,500,48,full
0.001,3,-1.2477754426500864,116,True,True,True,False,46.28096715097134,0.0010821049363650898,20,500,48,full
0.001,4,-1.261893738031042,68,True,True,True,False,62.08794789931842,0.0015447143876000805,20,500,48,full
0.001,5,-1.2618937386344051,77,True,True,True,False,62.08798266907851,0.0015447171832249226,20,500,48,full
0.001,6,-1.2618937402907417,73,True,True,True,False,62.088077476372874,0.0015447248053180613,20,500,48,full
0.001,7,-1.2477752309313934,110,True,True,True,False,46.24028852270064,0.00108142874908263,20,500,48,full
0.001,8,-1.2477752286385417,81,True,True,True,False,46.24200387111511,0.0010814572266236433,20,500,48,full
0.001,9,-1.2618937403677437,80,True,True,True,False,62.08808186655869,0.0015447251585038895,20,500,48,full
0.0001,0,-1.2618937384269993,66,True,True,True,False,62.08797072533799,0.001544716222601582,20,500,48,full
0.0001,1,-1.2618937377342683,74,True,True,True,False,62.087930759945834,0.001544713009926045,20,500,48,full
0.0001,2,-1.2618937359388156,74,True,True,True,False,62.087826389966175,0.001544704619042583,20,500,48,full
0.0001,3,-1.2477754427119423,116,True,True,True,False,46.28097228441069,0.0010821050218098288,20,500,48,full
0.0001,4,-1.2618937379970165,68,True,True,True,False,62.08794593580608,0.0015447142297408507,20,500,48,full
0.0001,5,-1.26189373862219,77,True,True,True,False,62.087981966541925,0.0015447171267431868,20,500,48,full
0.0001,6,-1.2618937402592139,73,True,True,True,False,62.088075679982936,0.0015447246608909341,20,500,48,full
0.0001,7,-1.247775229025463,110,True,True,True,False,46.2416545979913,0.0010814514278697502,20,500,48,full
0.0001,8,-1.2477752286837245,81,True,True,True,False,46.241961106087714,0.0010814565166175046,20,500,48,full
0.0001,9,-1.261893740370306,80,True,True,True,False,62.08808201228164,0.0015447251702197643,20,500,48,full
0.01,0,-1.2950657258463305,74,True,True,True,False,62.46852357194426,0.001575634141947926,20,500,49,full
0.01,1,-1.2950657211405745,74,True,True,True,False,62.46829810559193,0.0015756115751923087,20,500,49,full
0.01,2,-1.295065722558357,74,True,True,True,False,62.46836669204632,0.0015756184401637145,20,500,49,full
0.01,3,-1.2950657247657373,62,True,True,True,False,62.46847237591612,0.0015756290242484464,20,500,49,full
0.01,4,-1.295065724558724,72,True,True,True,False,62.46846248994629,0.0015756280281174543,20,500,49,full
0.01,5,-1.2950657233892464,68,True,True,True,False,62.46840662677393,0.00157562243856302,20,500,49,full
0.01,6,-1.2850023521229414,95,True,True,True,True,47.71381564098487,0.001086228379378182,20,500,49,full
0.01,7,-1.2850023522725849,82,True,True,True,False,47.71365397280157,0.0010862254383230598,20,500,49,full
0.01,8,-1.2950657238801981,61,True,True,True,False,62.46843016391667,0.0015756248010135156,20,500,49,full
0.01,9,-1.295065722357639,79,True,True,True,False,62.46835701462349,0.001575617470961244,20,500,49,full
0.001,0,-1.2950657257729714,74,True,True,True,False,62.468520103883186,0.0015756337948255776,20,500,49,full
0.001,1,-1.2950657250365392,73,True,True,True,False,62.4684852108623,0.0015756303025762652,20,500,49,full
0.001,2,-1.2950657222992574,74,True,True,True,False,62.46835420148195,0.0015756171899971563,20,500,49,full
0.001,3,-1.2950657261686818,62,True,True,True,False,62.46853882821512,0.001575635675443572,20,500,49,full
0.001,4,-1.2950657235708618,72,True,True,True,False,62.46841531981161,0.0015756233068613416,20,500,49,full
0.001,5,-1.2950657233619463,68,True,True,True,False,62.46840531735131,0.0015756223075026627,20,500,49,full
0.001,6,-1.2850023551805991,94,True,True,True,False,47.711528294056656,0.0010861867699763074,20,500,49,full
0.001,7,-1.285002352527061,82,True,True,True,False,47.71340096691892,0.001086220835697379,20,500,49,full
0.001,8,-1.295065723815671,61,True,True,True,False,62.468427078546426,0.0015756244921449308,20,500,49,full
0.001,9,-1.295065721509248,79,True,True,True,False,62.46831599410333,0.0015756133652813438,20,500,49,full
0.0001,0,-1.2950657257657106,74,True,True,True,False,62.46851976048904,0.001575633760454897,20,500,49,full
0.0001,1,-1.2950657246782398,73,True,True,True,False,62.46846817979599,0.0015756285979287958,20,500,49,full
0.0001,2,-1.2950657222723694,74,True,True,True,False,62.46835290404579,0.0015756170601375573,20,500,49,full
0.0001,3,-1.2950657263216248,62,True,True,True,False,62.46854604083386,0.001575636397358253,20,500,49,full
0.0001,4,-1.295065723470996,72,True,True,True,False,62.468410535898485,0.0015756228280415735,20,500,49,full
0.0001,5,-1.2950657233590943,68,True,True,True,False,62.468405180834715,0.0015756222938378727,20,500,49,full
0.0001,6,-1.2850023551469631,94,True,True,True,False,47.71154723357377,0.001086187114490999,20,500,49,full
0.0001,7,-1.2850023525545322,82,True,True,True,False,47.71337504508331,0.0010862203641362595,20,500,49,full
0.0001,8,-1.2950657238098398,61,True,True,True,False,62.468426799789164,0.0015756244642370985,20,500,49,full
0.0001,9,-1.295065721422064,79,True,True,True,False,62.46831176721373,0.0015756129422209218,20,500,49,full
0.01,0,-1.303942918002432,70,True,True,True,False,64.16583905338258,0.0015460683096953688,20,500,50,full
0.01,1,-1.296440233733277,99,True,True,True,False,48.44183604260653,0.0010475613279464567,20,500,50,full
0.01,2,-1.3039429207359232,68,True,True,True,False,64.16592143730007,0.0015460780569765528,20,500,50,full
0.01,3,-1.3039429202975121,70,True,True,True,False,64.16596242349137,0.0015460833576768412,20,500,50,full
0.01,4,-1.296440531491716,142,True,True,True,False,48.50270370375232,0.0010485283260454534,20,500,50,full
0.01,5,-1.2964402326911126,113,True,True,True,False,48.442692938782635,0.0010475749413201509,20,500,50,full
0.01,6,-1.296440232786797,92,True,True,True,False,48.44260881768415,0.0010475736049016886,20,500,50,full
0.01,7,-1.3039428746715418,62,True,True,True,False,64.16612381135768,0.0015461178257883236,20,500,50,full
0.01,8,-1.3039429180347928,75,True,True,True,False,64.16601937664979,0.0015460911515594305,20,500,50,full
0.01,9,-1.30394288708455,69,True,True,True,False,64.1602551850669,0.0015453843555627246,20,500,50,full
0.001,0,-1.3039429180781152,70,True,True,True,False,64.16584180300622,0.0015460686387927234,20,500,50,full
0.001,1,-1.296440231804292,100,True,True,True,False,48.44354375085698,0.0010475884580363902,20,500,50,full
0.001,2,-1.3039429205487263,68,True,True,True,False,64.16591612858922,0.0015460774314207397,20,500,50,full
0.001,3,-1.3039429198155748,70,True,True,True,False,64.16594702144245,0.001546081527253166,20,500,50,full
0.001,4,-1.2964405339698828,143,True,True,True,False,48.502926801569835,0.0010485318704099192,20,500,50,full
0.001,5,-1.2964402313764658,121,True,True,True,True,48.44401507208418,0.0010475959458415892,20,500,50,full
0.001,6,-1.2964402336144527,92,True,True,True,False,48.441927862617526,0.001047562786676216,20,500,50,full
0.001,7,-1.303942873846617,62,True,True,True,False,64.16611927224649,0.001546117556895401,20,500,50,full
0.001,8,-1.3039429175380437,75,True,True,True,False,64.16599961734616,0.0015460887719196117,20,500,50,full
0.001,9,-1.3039428905580168,74,True,True,True,False,64.1598076797168,0.0015453293791405237,20,500,50,full
0.0001,0,-1.3039429180864142,70,True,True,True,False,64.16584209995968,0.0015460686743057385,20,500,50,full
0.0001,1,-1.2964402319827744,100,True,True,True,False,48.443360571795985,0.0010475855478993385,20,500,50,full
0.0001,2,-1.3039429205290798,68,True,True,True,False,64.1659155710726,0.0015460773657263972,20,500,50,full
0.0001,3,-1.3039429197666337,70,True,True,True,False,64.16594545487162,0.0015460813410714295,20,500,50,full
0.0001,4,-1.2964405353450168,143,True,True,True,False,48.50305020717784,0.0010485338309600633,20,500,50,full
0.0001,5,-1.2964402330513933,120,True,True,True,False,48.442382503322946,0.0010475700094811557,20,500,50,full
0.0001,6,-1.2964402337065741,92,True,True,True,False,48.441856561465165,0.001047561653926013,20,500,50,full
0.0001,7,-1.3039428737612102,62,True,True,True,False,64.16611882692547,0.001546117532454379,20,500,50,full
0.0001,8,-1.3039429174866706,75,True,True,True,False,64.16599759622355,0.0015460885286754948,20,500,50,full
0.0001,9,-1.3039428893997282,75,True,True,True,False,64.15995530789166,0.0015453474980135565,20,500,50,full
0.01,0,-1.2965010876789422,65,True,True,True,False,66.00958629304519,0.0014890124549224964,20,500,51,full
0.01,1,-1.2965010891718491,65,True,True,True,False,66.00964422436108,0.00148901933014509,20,500,51,full
0.01,2,-1.296501090500009,62,True,True,True,False,66.00969530704091,0.0014890253872693186,20,500,51,full
0.01,3,-1.292692063410899,78,True,True,True,False,48.93572764676695,0.0010192135662914813,20,500,51,full
0.01,4,-1.2965010920162723,67,True,True,True,False,66.0097531116699,0.001489032234578916,20,500,51,full
0.01,5,-1.2926920628158771,91,True,True,True,False,48.93633758732284,0.0010192233905461578,20,500,51,full
0.01,6,-1.2965010906451273,56,True,True,True,False,66.00970090675884,0.0014890260823484452,20,500,51,full
0.01,7,-1.29650108883409,71,True,True,True,False,66.00963117439997,0.001489017784782539,20,500,51,full
0.01,8,-1.2926924142281462,112,True,True,True,False,49.00515411768368,0.001020331820359537,20,500,51,full
0.01,9,-1.296501089180773,76,True,True,True,False,66.00964457919596,0.0014890193756752427,20,500,51,full
0.001,0,-1.2965010880019479,65,True,True,True,False,66.00959886536242,0.0014890139449665134,20,500,51,full
0.001,1,-1.2965010878733298,65,True,True,True,False,66.00959387927423,0.0014890133593214346,20,500,51,full
0.001,2,-1.296501090101285,62,True,True,True,False,66.00968001297343,0.0014890235733677666,20,500,51,full
0.001,3,-1.2926920630849807,78,True,True,True,False,48.93605339470353,0.0010192188130823529,20,500,51,full
0.001,4,-1.2965010919420512,67,True,True,True,False,66.00975029293194,0.0014890319003238374,20,500,51,full
0.001,5,-1.292692062808342,91,True,True,True,False,48.93634576293872,0.001019223522230624,20,500,51,full
0.001,6,-1.2965010906034709,56,True,True,True,False,66.00969931174141,0.001489025892934459,20,500,51,full
0.001,7,-1.2965010880923804,71,True,True,True,False,66.0096024068993,0.0014890143730324852,20,500,51,full
0.001,8,-1.2926924072565615,113,True,True,True,False,49.00452371008268,0.0010203216664378522,20,500,51,full
0.001,9,-1.2965010890014494,76,True,True,True,False,66.00963765051316,0.0014890185539284046,20,500,51,full
0.0001,0,-1.2965010880778947,65,True,True,True,False,66.00960181813672,0.0014890142950138342,20,500,51,full
0.0001,1,-1.2965010877374992,65,True,True,True,False,66.00958859017803,0.001489012732067002,20,500,51,full
0.0001,2,-1.2965010900610319,62,True,True,True,False,66.00967846652888,0.0014890233899610046,20,500,51,full
0.0001,3,-1.2926920630502081,78,True,True,True,False,48.93608929079947,0.001019219391257914,20,500,51,full
0.0001,4,-1.2965010919343192,67,True,True,True,False,66.00974999935818,0.0014890318655107976,20,500,51,full
0.0001,5,-1.2926920628079708,91,True,True,True,True,48.93634616816475,0.0010192235287576883,20,500,51,full
0.0001,6,-1.2965010905999825,56,True,True,True,False,66.00969917799286,0.0014890258770451593,20,500,51,full
0.0001,7,-1.2965010880161945,71,True,True,True,False,66.0095994447872,0.0014890140217421772,20,500,51,full
0.0001,8,-1.292692407398957,113,True,True,True,False,49.00453664918284,0.0010203218748476872,20,500,51,full
0.0001,9,-1.296501088982742,76,True,True,True,False,66.00963692742788,0.0014890184681685173,20,500,51,full
0.01,0,-1.260224471951564,136,True,True,True,False,38.22236753324726,0.0012440698904864946,50,1000,42,full
0.01,1,-1.2602244716913744,54,True,True,True,True,38.22232996878725,0.0012440690857019785,50,1000,42,full
0.01,2,-1.263230183074889,62,True,True,True,False,49.93601145052721,0.0017970129756849883,50,1000,42,full
0.01,3,-1.2602244731143513,88,True,True,True,False,38.22258786043193,0.0012440780598863463,50,1000,42,full
0.01,4,-1.2632301834624329,64,True,True,True,False,49.93608674711255,0.0017970191388123234,50,1000,42,full
0.01,5,-1.263230183579171,66,True,True,True,False,49.936109102204846,0.0017970209694209282,50,1000,42,full
0.01,6,-1.2632301827332468,66,True,True,True,False,49.935943370860116,0.0017970073988624973,50,1000,42,full
0.01,7,-1.263230182890071,62,True,True,True,False,49.93597476191481,0.0017970099688626728,50,1000,42,full
0.01,8,-1.2632301831962875,60,True,True,True,False,49.936035166941636,0.0017970149151083517,50,1000,42,full
0.01,9,-1.2632301835876973,55,True,True,True,False,49.93611132651107,0.0017970211687567677,50,1000,42,full
0.001,0,-1.2632301829388641,42,True,True,True,False,49.93613578862323,0.0017970281093591955,50,1000,42,full
0.001,1,-1.2602244718544142,58,True,True,True,False,38.222351970586466,0.0012440694577263262,50,1000,42,full
0.001,2,-1.2632301830097785,62,True,True,True,False,49.93599860116999,0.0017970119234506428,50,1000,42,full
0.001,3,-1.260224472995899,88,True,True,True,False,38.222565678709735,0.001244077237420022,50,1000,42,full
0.001,4,-1.2632301832909418,64,True,True,True,False,49.93605360951149,0.0017970164251427017,50,1000,42,full
0.001,5,-1.2632301835752169,66,True,True,True,False,49.93610834867042,0.0017970209077094199,50,1000,42,full
0.001,6,-1.263230183619142,65,True,True,True,False,49.936116805287405,0.0017970216026022819,50,1000,42,full
0.001,7,-1.2632301829078016,62,True,True,True,False,49.935978292419335,0.0017970102579719794,50,1000,42,full
0.001,8,-1.2632301831177444,60,True,True,True,False,49.93601978292577,0.0017970136553121202,50,1000,42,full
0.001,9,-1.2632301836713602,55,True,True,True,False,49.93612724440334,0.00179702247220889,50,1000,42,full
0.0001,0,-1.2632301831001114,49,True,True,True,False,49.936030445804214,0.0017970149415717002,50,1000,42,full
0.0001,1,-1.2602244723992415,58,True,True,True,False,38.22245620841528,0.0012440733226291526,50,1000,42,full
0.0001,2,-1.2632301830031012,62,True,True,True,False,49.935997281235274,0.0017970118153601276,50,1000,42,full
0.0001,3,-1.260224472983377,88,True,True,True,False,38.22256333258083,0.0012440771504289084,50,1000,42,full
0.0001,4,-1.2632301832735613,64,True,True,True,False,49.936050229734384,0.0017970161483715193,50,1000,42,full
0.0001,5,-1.2632301835748234,66,True,True,True,False,49.936108273865166,0.0017970209015835755,50,1000,42,full
0.0001,6,-1.263230183584978,65,True,True,True,False,49.936110292325644,0.001797021069257506,50,1000,42,full
0.0001,7,-1.2632301829096413,62,True,True,True,False,49.9359786586616,0.001797010287963653,50,1000,42,full
0.0001,8,-1.2632301831102066,60,True,True,True,False,49.936018301338855,0.0017970135339862704,50,1000,42,full
0.0001,9,-1.2632301836800925,55,True,True,True,False,49.93612890406255,0.0017970226081112657,50,1000,42,full
0.01,0,-1.2667942041666331,66,True,True,True,False,50.23530464325395,0.001810225409992628,50,1000,43,full
0.01,1,-1.2667942035535436,65,True,True,True,False,50.235174507699234,0.001810215331316599,50,1000,43,full
0.01,2,-1.2667942039831022,53,True,True,True,False,50.23526962086373,0.0018102227813021781,50,1000,43,full
0.01,3,-1.2667942036101747,60,True,True,True,False,50.23518673966998,0.001810216278156418,50,1000,43,full
0.01,4,-1.2667942043120364,68,True,True,True,False,50.235334801264145,0.0018102277463785228,50,1000,43,full
0.01,5,-1.2667942046235405,57,True,True,True,False,50.235398337109665,0.0018102326647476841,50,1000,43,full
0.01,6,-1.2667942038733289,63,True,True,True,False,50.23524302479154,0.0018102206374648578,50,1000,43,full
0.01,7,-1.266794203885215,63,True,True,True,False,50.23524555497036,0.0018102208336813277,50,1000,43,full
0.01,8,-1.2645794128596048,103,True,True,True,True,38.30100142225607,0.0012588318659692563,50,1000,43,full
0.01,9,-1.2667942035737223,53,True,True,True,False,50.23517944885872,0.0018102157283582665,50,1000,43,full
0.001,0,-1.2667942041144442,66,True,True,True,False,50.235293764491615,0.0018102245674538591,50,1000,43,full
0.001,1,-1.2667942035342192,65,True,True,True,False,50.23517031841858,0.001810215006872217,50,1000,43,full
0.001,2,-1.2667942040124953,53,True,True,True,False,50.23527579283229,0.0018102232589569296,50,1000,43,full
0.001,3,-1.2667942035722841,60,True,True,True,False,50.23517855159622,0.001810215644029385,50,1000,43,full
0.001,4,-1.2667942040258615,68,True,True,True,False,50.23527525485846,0.0018102231347356323,50,1000,43,full
0.001,5,-1.2667942034531292,58,True,True,True,False,50.23515263309097,0.001810213635882798,50,1000,43,full
0.001,6,-1.2667942038623814,63,True,True,True,False,50.23524070545179,0.0018102204578412393,50,1000,43,full
0.001,7,-1.2667942038781907,63,True,True,True,False,50.235244067874696,0.0018102207185006689,50,1000,43,full
0.001,8,-1.2645794131677235,103,True,True,True,False,38.30082228935154,0.0012588251806671057,50,1000,43,full
0.001,9,-1.266794203785744,53,True,True,True,False,50.2352249372937,0.0018102192501126674,50,1000,43,full
0.0001,0,-1.2667942041091398,66,True,True,True,False,50.23529265680875,0.0018102244816655204,50,1000,43,full
0.0001,1,-1.266794203532177,65,True,True,True,False,50.23516987961637,0.0018102149728882815,50,1000,43,full
0.0001,2,-1.266794204016021,53,True,True,True,False,50.23527653251689,0.0018102233162051208,50,1000,43,full
0.0001,3,-1.2667942035685853,60,True,True,True,False,50.2351777517064,0.001810215582081197,50,1000,43,full
0.0001,4,-1.2667942039978966,68,True,True,True,False,50.23526937794896,0.001810222679594025,50,1000,43,full
0.0001,5,-1.2667942034565711,58,True,True,True,False,50.2351533820015,0.0018102136938907495,50,1000,43,full
0.0001,6,-1.2667942038612663,63,True,True,True,False,50.23524046623733,0.0018102204393161316,50,1000,43,full
0.0001,7,-1.2667942038773836,63,True,True,True,False,50.235243896675655,0.001810220705238461,50,1000,43,full
0.0001,8,-1.264579413202894,103,True,True,True,False,38.30080253037316,0.001258824443254885,50,1000,43,full
0.0001,9,-1.266794203804779,53,True,True,True,False,50.235228994588475,0.0018102195642364309,50,1000,43,full
0.01,0,-1.2522453860824674,66,True,True,True,False,50.25748734556004,0.0017925530678657364,50,1000,44,full
0.01,1,-1.2522453865994114,64,True,True,True,False,50.25758902276204,0.001792561477654188,50,1000,44,full
0.01,2,-1.2522453863466017,58,True,True,True,False,50.25753971563604,0.001792557399431111,50,1000,44,full
0.01,3,-1.2522453863967742,69,True,True,True,False,50.2575495871013,0.0017925582165242782,50,1000,44,full
0.01,4,-1.252245386701054,66,True,True,True,False,50.257608674833065,0.0017925631041849676,50,1000,44,full
0.01,5,-1.2522453868600578,65,True,True,True,False,50.257639070454736,0.001792565617481226,50,1000,44,full
0.01,6,-1.2522453864971679,60,True,True,True,False,50.257569186899595,0.0017925598372773865,50,1000,44,full
0.01,7,-1.2522453866956165,61,True,True,True,False,50.25760760352657,0.0017925630149309847,50,1000,44,full
0.01,8,-1.2522453869453134,53,True,True,True,False,50.257655882400485,0.0017925670239495668,50,1000,44,full
0.01,9,-1.25224538615638,61,True,True,True,False,50.25750208509185,0.0017925542867559382,50,1000,44,full
0.001,0,-1.2522453860755636,66,True,True,True,False,50.2574859649037,0.0017925529536691256,50,1000,44,full
0.001,1,-1.2522453866389398,64,True,True,True,False,50.25759666144799,0.0017925621094810142,50,1000,44,full
0.001,2,-1.2522453863645164,58,True,True,True,False,50.25754323657122,0.0017925576906592843,50,1000,44,full
0.001,3,-1.2522453861333234,69,True,True,True,False,50.25749752292579,0.0017925539102890506,50,1000,44,full
0.001,4,-1.2522453863563827,66,True,True,True,False,50.25754168433656,0.0017925575634064903,50,1000,44,full
0.001,5,-1.2522453869236554,65,True,True,True,False,50.257651162018234,0.001792566617618527,50,1000,44,full
0.001,6,-1.2522453865056662,60,True,True,True,False,50.25757084227457,0.0017925599741971,50,1000,44,full
0.001,7,-1.2522453868331849,61,True,True,True,False,50.257633955659,0.0017925651945668224,50,1000,44,full
0.001,8,-1.2522453860333933,54,True,True,True,True,50.257477890619946,0.0017925522960067538,50,1000,44,full
0.001,9,-1.252245386107651,61,True,True,True,False,50.25749237049291,0.0017925534832571187,50,1000,44,full
0.0001,0,-1.252245386074846,66,True,True,True,False,50.25748581953618,0.0017925529416452908,50,1000,44,full
0.0001,1,-1.2522453866433305,64,True,True,True,False,50.25759751128299,0.001792562179774123,50,1000,44,full
0.0001,2,-1.2522453863664798,58,True,True,True,False,50.257543620279,0.0017925577223971256,50,1000,44,full
0.0001,3,-1.252245386107728,69,True,True,True,False,50.25749241736159,0.0017925534880082635,50,1000,44,full
0.0001,4,-1.252245386324333,66,True,True,True,False,50.257535383388245,0.0017925570422592358,50,1000,44,full
0.0001,5,-1.2522453869304497,65,True,True,True,False,50.25765245245363,0.0017925667243547368,50,1000,44,full
0.0001,6,-1.2522453865065444,60,True,True,True,False,50.25757101312271,0.0017925599883301065,50,1000,44,full
0.0001,7,-1.2522453868472054,61,True,True,True,False,50.25763662902069,0.00179256541568636,50,1000,44,full
0.0001,8,-1.2522453860555633,54,True,True,True,False,50.257482330769136,0.0017925526631694375,50,1000,44,full
0.0001,9,-1.252245386102769,61,True,True,True,False,50.25749139313808,0.0017925534024202296,50,1000,44,full
0.01,0,-1.2705115587051419,65,True,True,True,False,50.898792518465,0.0017845307978475848,50,1000,45,full
0.01,1,-1.2705115576820574,61,True,True,True,False,50.898578690669815,0.0017845146177836815,50,1000,45,full
0.01,2,-1.2705115581873299,70,True,True,True,False,50.89868601928179,0.0017845227398533515,50,1000,45,full
0.01,3,-1.270511558460496,57,True,True,True,False,50.898742698138506,0.0017845270303394685,50,1000,45,full
0.01,4,-1.270511558045745,59,True,True,True,False,50.8986563666714,0.00178452049781239,50,1000,45,full
0.01,5,-1.2705115579764175,64,True,True,True,False,50.89864165140974,0.0017845193827650773,50,1000,45,full
0.01,6,-1.2705115505808178,69,True,True,True,False,50.89448545244112,0.001784204960304184,50,1000,45,full
0.01,7,-1.2705115577745694,62,True,True,True,False,50.89859862412891,0.0017845161268685572,50,1000,45,full
0.01,8,-1.2705115584578577,59,True,True,True,False,50.89874215633949,0.0017845269892754723,50,1000,45,full
0.01,9,-1.2705115508031162,64,True,True,True,False,50.89431355825464,0.0017841919597560427,50,1000,45,full
0.001,0,-1.2705115586580717,65,True,True,True,False,50.898782965766465,0.0017845300749368168,50,1000,45,full
0.001,1,-1.2705115576455497,61,True,True,True,False,50.89857079843543,0.0017845140205217126,50,1000,45,full
0.001,2,-1.2705115581858462,70,True,True,True,False,50.89868570725992,0.0017845227162371475,50,1000,45,full
0.001,3,-1.2705115585961642,57,True,True,True,False,50.898770487043876,0.0017845291334210233,50,1000,45,full
0.001,4,-1.270511557702794,61,True,True,True,False,50.898583205012805,0.0017845149604358817,50,1000,45,full
0.001,5,-1.2705115579665431,64,True,True,True,False,50.89863955577781,0.0017845192241671313,50,1000,45,full
0.001,6,-1.2705115505768285,69,True,True,True,False,50.89448886120216,0.00178420521810175,50,1000,45,full
0.001,7,-1.2705115577798562,62,True,True,True,False,50.89859976038754,0.0017845162128581568,50,1000,45,full
0.001,8,-1.2705115584040003,59,True,True,True,False,50.898731061844934,0.0017845261496417261,50,1000,45,full
0.001,9,-1.2705115506092584,64,True,True,True,False,50.89446139734304,0.0017842031404288147,50,1000,45,full
0.0001,0,-1.2705115586531466,65,True,True,True,False,50.8987819649832,0.0017845299992015578,50,1000,45,full
0.0001,1,-1.2705115576419819,61,True,True,True,False,50.89857002960228,0.0017845139623386226,50,1000,45,full
0.0001,2,-1.2705115581856519,70,True,True,True,False,50.8986856698937,0.0017845227134107445,50,1000,45,full
0.0001,3,-1.270511558609792,57,True,True,True,False,50.898773266343355,0.0017845293437613345,50,1000,45,full
0.0001,4,-1.2705115580508664,59,True,True,True,False,50.89865744578188,0.0017845205794578688,50,1000,45,full
0.0001,5,-1.2705115579653126,64,True,True,True,False,50.898639296786314,0.0017845192045658174,50,1000,45,full
0.0001,6,-1.2705115505763125,69,True,True,True,True,50.894489303935565,0.0017842052515859583,50,1000,45,full
0.0001,7,-1.2705115577804138,62,True,True,True,False,50.89859987943076,0.0017845162218665335,50,1000,45,full
0.0001,8,-1.2705115583985995,59,True,True,True,False,50.898729943531585,0.0017845260650067416,50,1000,45,full
0.0001,9,-1.2705115505908435,64,True,True,True,False,50.89447680695972,0.0017842043058285157,50,1000,45,full
0.01,0,-1.258431412839172,58,True,True,True,False,51.041241982685655,0.001737485764867147,50,1000,46,full
0.01,1,-1.2584314121393332,66,True,True,True,False,51.04109061239879,0.001737474928529,50,1000,46,full
0.01,2,-1.258431412191258,54,True,True,True,False,51.04110211657612,0.0017374757531754949,50,1000,46,full
0.01,3,-1.25843141214591,60,True,True,True,False,51.04109210259866,0.0017374750362065706,50,1000,46,full
0.01,4,-1.258431412335799,59,True,True,True,False,51.04113381814554,0.0017374780224502866,50,1000,46,full
0.01,5,-1.2584314120343685,64,True,True,True,False,51.04106735522597,0.0017374732646397335,50,1000,46,full
0.01,6,-1.2584314122084588,65,True,True,True,False,51.04110585586715,0.0017374760198232107,50,1000,46,full
0.01,7,-1.258431412691202,58,True,True,True,False,51.04121052811532,0.0017374835133146856,50,1000,46,full
0.01,8,-1.2584314120275966,61,True,True,True,False,51.04106583367331,0.0017374731553879883,50,1000,46,full
0.01,9,-1.2554470121107484,103,True,True,True,False,38.64970467256772,0.0012185573236623642,50,1000,46,full
0.001,0,-1.2584314127918634,58,True,True,True,False,51.041231956324616,0.0017374850471767603,50,1000,46,full
0.001,1,-1.2584314121360272,66,True,True,True,False,51.04108988030065,0.0017374748761239968,50,1000,46,full
0.001,2,-1.2584314122165097,54,True,True,True,False,51.04110767183543,0.001737476150811854,50,1000,46,full
0.001,3,-1.2584314121216977,60,True,True,True,False,51.041086746602794,0.0017374746528169395,50,1000,46,full
0.001,4,-1.2584314123390758,59,True,True,True,False,51.041134531125365,0.001737478073487814,50,1000,46,full
0.001,5,-1.2584314120856899,64,True,True,True,False,51.04107876254274,0.0017374740811846613,50,1000,46,full
0.001,6,-1.2584314119025193,65,True,True,True,False,51.04103784973493,0.0017374711520732802,50,1000,46,full
0.001,7,-1.258431412638457,58,True,True,True,False,51.04119925178543,0.0017374827061306384,50,1000,46,full
0.001,8,-1.2584314119733133,61,True,True,True,False,51.041053723592185,0.0017374722885569978,50,1000,46,full
0.001,9,-1.2554470119694903,103,True,True,True,False,38.64980199045617,0.001218560379875928,50,1000,46,full
0.0001,0,-1.2584314127870877,58,True,True,True,False,51.041230946371165,0.0017374849748858048,50,1000,46,full
0.0001,1,-1.2584314121357012,66,True,True,True,False,51.04108980804986,0.001737474870951427,50,1000,46,full
0.0001,2,-1.2584314122197149,54,True,True,True,False,51.0411083800783,0.001737476201506494,50,1000,46,full
0.0001,3,-1.2584314121192322,60,True,True,True,False,51.04108620381499,0.0017374746139639876,50,1000,46,full
0.0001,4,-1.258431412339439,59,True,True,True,False,51.04113461294164,0.0017374780793445025,50,1000,46,full
0.0001,5,-1.2584314120909292,64,True,True,True,False,51.04107992248497,0.0017374741642151544,50,1000,46,full
0.0001,6,-1.258431411874525,65,True,True,True,False,51.04103155445192,0.0017374707014701448,50,1000,46,full
0.0001,7,-1.2584314126331508,58,True,True,True,False,51.04119811503016,0.0017374826247576807,50,1000,46,full
0.0001,8,-1.2584314119678424,61,True,True,True,False,51.041052497090234,0.0017374722007658004,50,1000,46,full
0.0001,9,-1.2554470119553358,103,True,True,True,True,38.649811947322625,0.001218560692565972,50,1000,46,full
0.01,0,-1.27007206186746,69,True,True,True,False,51.01654232015796,0.0017607133231879314,50,1000,47,full
0.01,1,-1.270072061813001,42,True,True,True,False,51.0165392415824,0.0017607132951140934,50,1000,47,full
0.01,2,-1.2700720628867577,55,True,True,True,False,51.0167850837105,0.0017607296636271315,50,1000,47,full
0.01,3,-1.2700720626520203,64,True,True,True,False,51.01673042497994,0.0017607259825787854,50,1000,47,full
0.01,4,-1.2700720554242653,78,True,True,True,False,51.011686281980644,0.0017603866585410664,50,1000,47,full
0.01,5,-1.2700720620829828,58,True,True,True,False,51.01659501584055,0.001760716870848648,50,1000,47,full
0.01,6,-1.2700720629074815,57,True,True,True,False,51.01678969257657,0.0017607299709579583,50,1000,47,full
0.01,7,-1.2700720554071783,62,True,True,True,False,51.01169819408262,0.0017603874590911353,50,1000,47,full
0.01,8,-1.2676308963419247,79,True,True,True,False,38.6242236771254,0.0012263452318573326,50,1000,47,full
0.01,9,-1.2700720624972557,64,True,True,True,False,51.01669411031902,0.0017607235394237334,50,1000,47,full
0.001,0,-1.270072061868364,69,True,True,True,False,51.01654254364832,0.0017607133382252656,50,1000,47,full
0.001,1,-1.2700720622225998,43,True,True,True,False,51.0166359193134,0.0017607197451924704,50,1000,47,full
0.001,2,-1.2700720628754651,55,True,True,True,False,51.01678248126971,0.0017607294884715743,50,1000,47,full
0.001,3,-1.2700720625987942,64,True,True,True,False,51.01671796259321,0.0017607251439438112,50,1000,47,full
0.001,4,-1.2700720549840518,79,True,True,True,False,51.012047408519855,0.0017604109453764904,50,1000,47,full
0.001,5,-1.2700720622577593,58,True,True,True,False,51.01663714271567,0.0017607197057346025,50,1000,47,full
0.001,6,-1.2700720628531177,57,True,True,True,False,51.016777157711054,0.0017607291274560487,50,1000,47,full
0.001,7,-1.2700720551714608,62,True,True,True,False,51.01187841870763,0.0017603995797776798,50,1000,47,full
0.001,8,-1.2676308953313884,80,True,True,True,True,38.62402654320077,0.0012263385697284103,50,1000,47,full
0.001,9,-1.2700720624642725,64,True,True,True,False,51.01668631748934,0.0017607230150365695,50,1000,47,full
0.0001,0,-1.2700720618684505,69,True,True,True,False,51.01654256208559,0.0017607133394647084,50,1000,47,full
0.0001,1,-1.2700720623624837,43,True,True,True,False,51.01666939511689,0.0017607219975352096,50,1000,47,full
0.0001,2,-1.2700720628743034,55,True,True,True,False,51.016782212499336,0.0017607294703816919,50,1000,47,full
0.0001,3,-1.270072062593262,64,True,True,True,False,51.01671666406919,0.001760725056561558,50,1000,47,full
0.0001,4,-1.2700720549993731,79,True,True,True,False,51.012032424466945,0.0017604099376318876,50,1000,47,full
0.0001,5,-1.2700720622766881,58,True,True,True,False,51.016641675365044,0.0017607200107570423,50,1000,47,full
0.0001,6,-1.270072062847726,57,True,True,True,False,51.01677591304863,0.001760729043700191,50,1000,47,full
0.0001,7,-1.2700720551490703,62,True,True,True,False,51.011897157798245,0.0017604008400530931,50,1000,47,full
0.0001,8,-1.2676308953897402,80,True,True,True,False,38.62403804471157,0.0012263389584216769,50,1000,47,full
0.0001,9,-1.2700720624607413,64,True,True,True,False,51.01668548230307,0.0017607229588364704,50,1000,47,full
0.01,0,-1.27627010843244,68,True,True,True,False,51.28189951611422,0.0017509438159135486,50,1000,48,full
0.01,1,-1.2762701089024557,47,True,True,True,False,51.28200899358906,0.0017509516087428998,50,1000,48,full
0.01,2,-1.2762701082273757,60,True,True,True,False,51.28185248076359,0.0017509405003273246,50,1000,48,full
0.01,3,-1.2762701092526632,64,True,True,True,False,51.28208200750628,0.001750956686091292,50,1000,48,full
0.01,4,-1.276270108461353,57,True,True,True,False,51.28190634084735,0.0017509443018935732,50,1000,48,full
0.01,5,-1.276270108613669,59,True,True,True,False,51.281940680207725,0.0017509467200054012,50,1000,48,full
0.01,6,-1.2762701089012665,61,True,True,True,False,51.282005075987264,0.0017509512633414076,50,1000,48,full
0.01,7,-1.2762701011964903,77,True,True,True,False,51.277396769726046,0.0017506263821291648,50,1000,48,full
0.01,8,-1.2741812846470535,92,True,True,True,True,38.80869350796099,0.0012126139621240406,50,1000,48,full
0.01,9,-1.2762701082408106,64,True,True,True,False,51.2818555322278,0.0017509407143039444,50,1000,48,full
0.001,0,-1.2762701084293133,68,True,True,True,False,51.281898801632046,0.0017509437655256347,50,1000,48,full
0.001,1,-1.2762701083676269,48,True,True,True,False,51.281887264572106,0.0017509430018216165,50,1000,48,full
0.001,2,-1.2762701082276569,60,True,True,True,False,51.28185254918414,0.001750940505150141,50,1000,48,full
0.001,3,-1.2762701092124644,64,True,True,True,False,51.28207326991181,0.0017509560699085656,50,1000,48,full
0.001,4,-1.2762701085279313,57,True,True,True,False,51.281921464415724,0.0017509453682988327,50,1000,48,full
0.001,5,-1.276270108557626,59,True,True,True,False,51.28192801461712,0.0017509458268161284,50,1000,48,full
0.001,6,-1.2762701088887363,61,True,True,True,False,51.28200229693056,0.0017509510673585477,50,1000,48,full
0.001,7,-1.2762701016049305,79,True,True,True,False,51.27709714327753,0.001750605264962844,50,1000,48,full
0.001,8,-1.2741812848625036,92,True,True,True,False,38.80855503723524,0.0012126094727627967,50,1000,48,full
0.001,9,-1.2762701081860335,64,True,True,True,False,51.28184285491053,0.0017509398203076154,50,1000,48,full
0.0001,0,-1.2762701084290387,68,True,True,True,False,51.2818987414078,0.001750943761278244,50,1000,48,full
0.0001,1,-1.2762701084281467,48,True,True,True,False,51.28190110083969,0.0017509439774364818,50,1000,48,full
0.0001,2,-1.276270108227713,60,True,True,True,False,51.281852562519255,0.0017509405060900192,50,1000,48,full
0.0001,3,-1.276270109208325,64,True,True,True,False,51.28207236879166,0.0017509560063594758,50,1000,48,full
0.0001,4,-1.2762701085347805,57,True,True,True,False,51.28192301443798,0.0017509454775981588,50,1000,48,full
0.0001,5,-1.2762701085519723,59,True,True,True,False,51.281926737795615,0.0017509457367744109,50,1000,48,full
0.0001,6,-1.2762701088873922,61,True,True,True,False,51.282001998806685,0.001750951046333048,50,1000,48,full
0.0001,7,-1.2762701011313353,80,True,True,True,False,51.277453659311185,0.0017506303910247345,50,1000,48,full
0.0001,8,-1.2741812848851615,92,True,True,True,False,38.80854085518679,0.0012126090129671503,50,1000,48,full
0.0001,9,-1.2762701081803847,64,True,True,True,False,51.28184154971281,0.0017509397282664833,50,1000,48,full
0.01,0,-1.2870721119948345,63,True,True,True,False,51.577471686757654,0.0017602058507170215,50,1000,49,full
0.01,1,-1.2870721119401969,59,True,True,True,False,51.57745929585361,0.0017602049687680098,50,1000,49,full
0.01,2,-1.2870721051075524,60,True,True,True,False,51.57288299208956,0.0017598788583392995,50,1000,49,full
0.01,3,-1.2870721127874092,58,True,True,True,False,51.57764757429415,0.0017602183906857785,50,1000,49,full
0.01,4,-1.28707211269139,59,True,True,True,False,51.577626707899604,0.0017602169027925063,50,1000,49,full
0.01,5,-1.2861568438330844,93,True,True,True,False,39.16486866845961,0.0012275038131955914,50,1000,49,full
0.01,6,-1.2870721127134284,65,True,True,True,False,51.577631525979676,0.0017602172468121305,50,1000,49,full
0.01,7,-1.2861568429571517,91,True,True,True,True,39.16542849517653,0.0012275225216422424,50,1000,49,full
0.01,8,-1.2870721127707345,58,True,True,True,False,51.57764404759901,0.0017602181411498316,50,1000,49,full
0.01,9,-1.2870721123162123,63,True,True,True,False,51.577544006208555,0.0017602110056467726,50,1000,49,full
0.001,0,-1.2870721120240827,63,True,True,True,False,51.57747833292419,0.0017602063245094701,50,1000,49,full
0.001,1,-1.2870721119758364,59,True,True,True,False,51.57746742421707,0.0017602055482335613,50,1000,49,full
0.001,2,-1.2870721050084724,60,True,True,True,False,51.57295597910996,0.001759884057677939,50,1000,49,full
0.001,3,-1.2870721127505633,58,True,True,True,False,51.57763958572774,0.0017602178211591575,50,1000,49,full
0.001,4,-1.2870721126324474,59,True,True,True,False,51.57761384635539,0.0017602159858729157,50,1000,49,full
0.001,5,-1.2861568431560135,94,True,True,True,False,39.165291145252816,0.001227517931628685,50,1000,49,full
0.001,6,-1.287072112693765,65,True,True,True,False,51.5776272453777,0.0017602169416399275,50,1000,49,full
0.001,7,-1.2861568430892667,91,True,True,True,False,39.16533644920585,0.0012275194456134776,50,1000,49,full
0.001,8,-1.2870721127872273,58,True,True,True,False,51.5776476212276,0.001760218395897288,50,1000,49,full
0.001,9,-1.2870721122468147,63,True,True,True,False,51.57752850623598,0.001760209900664222,50,1000,49,full
0.0001,0,-1.2870721120271262,63,True,True,True,False,51.57747902361096,0.0017602063737481603,50,1000,49,full
0.0001,1,-1.2870721119795274,59,True,True,True,False,51.57746826350002,0.001760205608065638,50,1000,49,full
0.0001,2,-1.2870721049984577,60,True,True,True,False,51.572963645550324,0.0017598846038110543,50,1000,49,full
0.0001,3,-1.2870721127467157,58,True,True,True,False,51.57763874894839,0.0017602177615024918,50,1000,49,full
0.0001,4,-1.2870721126265208,59,True,True,True,False,51.577612551232,0.0017602158935416984,50,1000,49,full
0.0001,5,-1.2861568431986832,94,True,True,True,False,39.16526258387831,0.001227516977155772,50,1000,49,full
0.0001,6,-1.28707211269168,65,True,True,True,False,51.577626790429825,0.001760216909206162,50,1000,49,full
0.0001,7,-1.2861568431028725,91,True,True,True,False,39.16532715739129,0.0012275191350963094,50,1000,49,full
0.0001,8,-1.2870721127889941,58,True,True,True,False,51.577648004230426,0.0017602184231999734,50,1000,49,full
0.0001,9,-1.2870721122397253,63,True,True,True,False,51.57752692233955,0.0017602097877489938,50,1000,49,full
0.01,0,-1.274467758604815,58,True,True,True,False,51.706478909756626,0.00174083688569206,50,1000,50,full
0.01,1,-1.274441431925613,72,True,True,True,False,39.62300777518775,0.0012044013437302202,50,1000,50,full
0.01,2,-1.2744677588423687,55,True,True,True,False,51.70652520885851,0.0017408406098849939,50,1000,50,full
0.01,3,-1.2744677585814304,57,True,True,True,False,51.706474321899016,0.0017408365168249925,50,1000,50,full
0.01,4,-1.2744677520271355,61,True,True,True,False,51.702541571897285,0.0017405202542754889,50,1000,50,full
0.01,5,-1.2744677592540938,63,True,True,True,False,51.706603843340424,0.001740846936385039,50,1000,50,full
0.01,6,-1.2744414320744033,97,True,True,True,False,39.62291263239601,0.0012043982684396184,50,1000,50,full
0.01,7,-1.2744677582513857,57,True,True,True,False,51.706408692129386,0.00174083123884963,50,1000,50,full
0.01,8,-1.2744677591893832,63,True,True,True,False,51.70659158232348,0.0017408459482253491,50,1000,50,full
0.01,9,-1.2744677515302258,63,True,True,True,False,51.70288116322528,0.001740547557683619,50,1000,50,full
0.001,0,-1.2744677586002615,58,True,True,True,False,51.70647801695286,0.0017408368138714266,50,1000,50,full
0.001,1,-1.274441431618568,73,True,True,True,True,39.62321404263761,0.0012044080085344055,50,1000,50,full
0.001,2,-1.2744677588229893,55,True,True,True,False,51.7065214584903,0.0017408403081690814,50,1000,50,full
0.001,3,-1.274467758536469,57,True,True,True,False,51.70646545961395,0.0017408358038756878,50,1000,50,full
0.001,4,-1.2744677518187624,61,True,True,True,False,51.70266781531574,0.0017405304037323443,50,1000,50,full
0.001,5,-1.2744677592302764,63,True,True,True,False,51.70659935091971,0.001740846574986866,50,1000,50,full
0.001,6,-1.2744414320405122,97,True,True,True,False,39.62293401119204,0.0012043989592464082,50,1000,50,full
0.001,7,-1.2744677582652728,57,True,True,True,False,51.706411483900986,0.0017408314634138884,50,1000,50,full
0.001,8,-1.274467759121828,63,True,True,True,False,51.706578770620816,0.001740844917562197,50,1000,50,full
0.001,9,-1.2744677515355582,64,True,True,True,False,51.702881671323844,0.0017405476256492408,50,1000,50,full
0.0001,0,-1.2744677585998223,58,True,True,True,False,51.706477931116225,0.0017408368069663264,50,1000,50,full
0.0001,1,-1.274441431690307,73,True,True,True,False,39.62316450007493,0.001204406407669834,50,1000,50,full
0.0001,2,-1.2744677588210598,55,True,True,True,False,51.706521085014955,0.0017408402781236803,50,1000,50,full
0.0001,3,-1.2744677585319446,57,True,True,True,False,51.70646456765134,0.001740835732120555,50,1000,50,full
0.0001,4,-1.2744677517985883,61,True,True,True,False,51.70268101340519,0.0017405314648124791,50,1000,50,full
0.0001,5,-1.2744677592277258,63,True,True,True,False,51.70659886988767,0.0017408465362894886,50,1000,50,full
0.0001,6,-1.2744414320368531,97,True,True,True,False,39.62293632823179,0.001204399034115638,50,1000,50,full
0.0001,7,-1.2744677582667385,57,True,True,True,False,51.7064117797464,0.0017408314872093338,50,1000,50,full
0.0001,8,-1.2744677591148552,63,True,True,True,False,51.706577443793506,0.0017408448108233603,50,1000,50,full
0.0001,9,-1.2744414523400625,99,True,True,True,False,39.63537010406969,0.0012048008686308038,50,1000,50,full
0.01,0,-1.2960745891968497,55,True,True,True,False,51.21740858545053,0.001777296451128035,50,1000,51,full
0.01,1,-1.296074596610804,58,True,True,True,False,51.221543997263396,0.0017776050381044697,50,1000,51,full
0.01,2,-1.2960745965755467,59,True,True,True,False,51.22153653050027,0.0017776044796109466,50,1000,51,full
0.01,3,-1.2960745956721842,60,True,True,True,False,51.22134007495121,0.0017775898098262388,50,1000,51,full
0.01,4,-1.2960745965420906,62,True,True,True,False,51.221529483075095,0.0017776039540279606,50,1000,51,full
0.01,5,-1.2960745961819402,58,True,True,True,False,51.221452989285716,0.0017775982543868005,50,1000,51,full
0.01,6,-1.2960745959011264,58,True,True,True,False,51.22139114012189,0.0017775936258125442,50,1000,51,full
0.01,7,-1.2960745967331606,58,True,True,True,False,51.22156931582292,0.0017776069213627321,50,1000,51,full
0.01,8,-1.296074596050525,57,True,True,True,False,51.22142381739366,0.0017775960633681506,50,1000,51,full
0.01,9,-1.2960745957045179,63,True,True,True,False,51.221347457115066,0.0017775903637015148,50,1000,51,full
0.001,0,-1.2960745890980085,55,True,True,True,False,51.21749687925924,0.0017773030384820318,50,1000,51,full
0.001,1,-1.2960745966165585,58,True,True,True,False,51.22154520960632,0.0017776051286026216,50,1000,51,full
0.001,2,-1.2960745965687,59,True,True,True,False,51.221535086183486,0.001777604371791183,50,1000,51,full
0.001,3,-1.2960745956707649,60,True,True,True,False,51.22133975584562,0.0017775897860062375,50,1000,51,full
0.001,4,-1.296074596522582,62,True,True,True,False,51.221525359477255,0.0017776036462155214,50,1000,51,full
0.001,5,-1.2960745959605988,58,True,True,True,False,51.22140476638449,0.0017775946549493755,50,1000,51,full
0.001,6,-1.2960745958689854,58,True,True,True,False,51.221384051077784,0.0017775930966535641,50,1000,51,full
0.001,7,-1.296074596655263,58,True,True,True,False,51.22155302161951,0.001777605705136849,50,1000,51,full
0.001,8,-1.2960745960273443,57,True,True,True,False,51.22141875844112,0.001777595685732875,50,1000,51,full
0.001,9,-1.2960745956922242,63,True,True,True,False,51.22134471191235,0.0017775901587844078,50,1000,51,full
0.0001,0,-1.2960745890883387,55,True,True,True,True,51.21750607591585,0.0017773037246219291,50,1000,51,full
0.0001,1,-1.2960745966171634,58,True,True,True,False,51.22154533582747,0.0017776051380246263,50,1000,51,full
0.0001,2,-1.2960745965679954,59,True,True,True,False,51.221534939775424,0.0017776043608619316,50,1000,51,full
0.0001,3,-1.2960745956706303,60,True,True,True,False,51.221339723111306,0.0017775897835635341,50,1000,51,full
0.0001,4,-1.296074596520477,62,True,True,True,False,51.221524913942865,0.0017776036129592708,50,1000,51,full
0.0001,5,-1.2960745959377238,58,True,True,True,False,51.22139973900917,0.001777594279699229,50,1000,51,full
0.0001,6,-1.2960745958656867,58,True,True,True,False,51.22138331952983,0.0017775930420472453,50,1000,51,full
0.0001,7,-1.2960745966475273,58,True,True,True,False,51.2215513999145,0.001777605584091301,50,1000,51,full
0.0001,8,-1.2960745960249695,57,True,True,True,False,51.22141823811574,0.001777595646892699,50,1000,51,full
0.0001,9,-1.2960745956908668,63,True,True,True,False,51.22134440700084,0.001777590136024446,50,1000,51,full
0.01,0,-1.2686792444590642,84,True,True,True,False,37.53500032085985,0.0013196700193676442,50,2000,42,full
0.01,1,-1.2734430048401648,69,True,True,True,False,48.609427579623656,0.0019278223322218297,50,2000,42,full
0.01,2,-1.2734430048968353,66,True,True,True,False,48.609445567610386,0.0019278239898948021,50,2000,42,full
0.01,3,-1.2686792445089812,55,True,True,True,False,37.535019221964525,0.0013196712396384637,50,2000,42,full
0.01,4,-1.2734430048583774,67,True,True,True,False,48.60943336025134,0.0019278228642021294,50,2000,42,full
0.01,5,-1.2734430051360408,62,True,True,True,False,48.60951987580386,0.0019278308379069252,50,2000,42,full
0.01,6,-1.2734430050422572,67,True,True,True,False,48.609491101317175,0.0019278281881169586,50,2000,42,full
0.01,7,-1.2734430052219918,63,True,True,True,False,48.609545939387104,0.001927833239765395,50,2000,42,full
0.01,8,-1.2734430049039989,63,True,True,True,False,48.60944782205261,0.001927824197533866,50,2000,42,full
0.01,9,-1.2686792390353685,68,True,True,True,False,37.52881880809232,0.001319377659764203,50,2000,42,full
0.001,0,-1.2686792444170292,84,True,True,True,False,37.534988120799646,0.0013196694424089577,50,2000,42,full
0.001,1,-1.2734430048277534,69,True,True,True,False,48.60942361230827,0.0019278219666195757,50,2000,42,full
0.001,2,-1.2734430048789342,66,True,True,True,False,48.60943989923403,0.0019278234675295896,50,2000,42,full
0.001,3,-1.2686792446404798,54,True,True,True,False,37.535058964116786,0.0013196732565735406,50,2000,42,full
0.001,4,-1.273443004815649,67,True,True,True,False,48.609419721522805,0.0019278216073565554,50,2000,42,full
0.001,5,-1.2734430050718861,62,True,True,True,False,48.60950020424522,0.0019278290251518975,50,2000,42,full
0.001,6,-1.2734430050034518,67,True,True,True,False,48.60947906793683,0.001927827079258507,50,2000,42,full
0.001,7,-1.2734430052068726,63,True,True,True,False,48.60954137326597,0.0019278328189703021,50,2000,42,full
0.001,8,-1.2734430049000902,63,True,True,True,False,48.60944659734367,0.0019278240846724412,50,2000,42,full
0.001,9,-1.2686792388584336,69,True,True,True,True,37.52892592400109,0.0013193827254883036,50,2000,42,full
0.0001,0,-1.2686792444119936,84,True,True,True,False,37.53498665616803,0.001319669373143548,50,2000,42,full
0.0001,1,-1.273443004826496,69,True,True,True,False,48.60942320299869,0.0019278219288991205,50,2000,42,full
0.0001,2,-1.2734430048770773,66,True,True,True,False,48.60943931430062,0.0019278234136255762,50,2000,42,full
0.0001,3,-1.2686792445787904,54,True,True,True,False,37.53504123182826,0.0013196724179090084,50,2000,42,full
0.0001,4,-1.273443004811265,67,True,True,True,False,48.60941832054797,0.001927821478252491,50,2000,42,full
0.0001,5,-1.2734430050643148,62,True,True,True,False,48.609497862409164,0.0019278288093493377,50,2000,42,full
0.0001,6,-1.2734430049998928,67,True,True,True,False,48.60947795285734,0.0019278269765053981,50,2000,42,full
0.0001,7,-1.273443005205314,63,True,True,True,False,48.60954090938708,0.001927832776219816,50,2000,42,full
0.0001,8,-1.2734430048997445,63,True,True,True,False,48.60944647741549,0.0019278240736207144,50,2000,42,full
0.0001,9,-1.2686792389011248,69,True,True,True,False,37.52889952235596,0.0013193814766623772,50,2000,42,full
0.01,0,-1.2701741612189124,81,True,True,True,False,37.583659387528535,0.001327548504061043,50,2000,43,full
0.01,1,-1.2747756433608877,63,True,True,True,False,48.83769243692605,0.0019367118271802293,50,2000,43,full
0.01,2,-1.2747756431929238,52,True,True,True,False,48.83764226307441,0.0019367076199003012,50,2000,43,full
0.01,3,-1.2747756433611956,64,True,True,True,False,48.837692556365006,0.001936711837970386,50,2000,43,full
0.01,4,-1.2747756435632847,67,True,True,True,False,48.83775886713483,0.0019367176754264102,50,2000,43,full
0.01,5,-1.274775643306255,59,True,True,True,False,48.837674200258554,0.0019367102233597373,50,2000,43,full
0.01,6,-1.2701741675210514,90,True,True,True,False,37.58980257807726,0.0013278372325597559,50,2000,43,full
0.01,7,-1.2747756435726427,62,True,True,True,False,48.83776188305791,0.001936717940886042,50,2000,43,full
0.01,8,-1.2701741615200401,89,True,True,True,False,37.58345777652105,0.0013275390270421912,50,2000,43,full
0.01,9,-1.2747756436153848,61,True,True,True,False,48.837775728221,0.00193671916208073,50,2000,43,full
0.001,0,-1.2701741612031665,81,True,True,True,False,37.58367057311609,0.0013275490298491552,50,2000,43,full
0.001,1,-1.2747756433582735,63,True,True,True,False,48.837691567959155,0.0019367117506945224,50,2000,43,full
0.001,2,-1.2747756432835011,52,True,True,True,False,48.837673059974875,0.0019367103297148922,50,2000,43,full
0.001,3,-1.2747756434065214,64,True,True,True,False,48.837707597791265,0.0019367131619882148,50,2000,43,full
0.001,4,-1.2747756435560378,67,True,True,True,False,48.83775653524393,0.0019367174701550413,50,2000,43,full
0.001,5,-1.274775643314346,59,True,True,True,False,48.837676911148954,0.0019367104619806678,50,2000,43,full
0.001,6,-1.270174167601054,90,True,True,True,False,37.58982561366242,0.0013278383150851375,50,2000,43,full
0.001,7,-1.274775643568456,62,True,True,True,False,48.83776053483573,0.001936717822210398,50,2000,43,full
0.001,8,-1.270174161491535,89,True,True,True,False,37.58347597433621,0.0013275398824542258,50,2000,43,full
0.001,9,-1.2747756437354627,60,True,True,True,False,48.83781383366883,0.0019367225145778583,50,2000,43,full
0.0001,0,-1.2701741612015531,81,True,True,True,True,37.583671717820586,0.001327549083657148,50,2000,43,full
0.0001,1,-1.2747756433580835,63,True,True,True,False,48.83769150030649,0.0019367117447392143,50,2000,43,full
0.0001,2,-1.274775643293572,52,True,True,True,False,48.83767645984966,0.0019367106288741074,50,2000,43,full
0.0001,3,-1.274775643410685,64,True,True,True,False,48.837708973760144,0.001936713283107746,50,2000,43,full
0.0001,4,-1.2747756435553232,67,True,True,True,False,48.83775629507035,0.0019367174490132818,50,2000,43,full
0.0001,5,-1.2747756433151716,59,True,True,True,False,48.837677195875784,0.0019367104870428849,50,2000,43,full
0.0001,6,-1.2701741676194185,90,True,True,True,False,37.58983088406487,0.0013278385627607508,50,2000,43,full
0.0001,7,-1.2747756435680309,62,True,True,True,False,48.83776040234805,0.0019367178105475962,50,2000,43,full
0.0001,8,-1.2701741614885982,89,True,True,True,False,37.583477853288116,0.0013275399707763542,50,2000,43,full
0.0001,9,-1.2747756436268578,61,True,True,True,False,48.837779392962496,0.001936719484669738,50,2000,43,full
0.01,0,-1.2670805932657627,66,True,True,True,False,48.800840350140945,0.0019362564241268147,50,2000,44,full
0.01,1,-1.2670805934135863,67,True,True,True,False,48.80088670626431,0.0019362606836578187,50,2000,44,full
0.01,2,-1.2670805932502949,65,True,True,True,False,48.800835425715746,0.0019362559710042351,50,2000,44,full
0.01,3,-1.2670805932711229,68,True,True,True,False,48.800842045331976,0.0019362565798696485,50,2000,44,full
0.01,4,-1.2670805933905314,60,True,True,True,False,48.80087958222965,0.0019362600305845583,50,2000,44,full
0.01,5,-1.2670805933718414,60,True,True,True,False,48.80087378559622,0.0019362594988136133,50,2000,44,full
0.01,6,-1.2670805935499259,60,True,True,True,False,48.80092871084417,0.0019362645479240506,50,2000,44,full
0.01,7,-1.2670805934982678,66,True,True,True,False,48.80091286973545,0.0019362630902134967,50,2000,44,full
0.01,8,-1.2608455221221353,82,True,True,True,True,37.39585726722264,0.0013178522074776314,50,2000,44,full
0.01,9,-1.2670805935454375,61,True,True,True,False,48.80092732856494,0.0019362644202547252,50,2000,44,full
0.001,0,-1.2670805932476963,66,True,True,True,False,48.80083460906617,0.00193625589636685,50,2000,44,full
0.001,1,-1.2670805933782465,67,True,True,True,False,48.80087570104125,0.0019362596720096691,50,2000,44,full
0.001,2,-1.2670805933025635,65,True,True,True,False,48.800851987323874,0.001936257493431777,50,2000,44,full
0.001,3,-1.267080593264551,68,True,True,True,False,48.80083996442015,0.0019362563885767098,50,2000,44,full
0.001,4,-1.2670805934453762,60,True,True,True,False,48.80089660727644,0.001936261595662076,50,2000,44,full
0.001,5,-1.2670805933668958,60,True,True,True,False,48.8008722431964,0.0019362593570119028,50,2000,44,full
0.001,6,-1.2670805935672775,60,True,True,True,False,48.80093398685592,0.0019362650329403075,50,2000,44,full
0.001,7,-1.2670805931402365,67,True,True,True,False,48.80080010480044,0.0019362527239378234,50,2000,44,full
0.001,8,-1.267080593326212,54,True,True,True,False,48.800860402417975,0.0019362582990616877,50,2000,44,full
0.001,9,-1.2670805935360427,61,True,True,True,False,48.80092445346237,0.0019362641559464244,50,2000,44,full
0.0001,0,-1.2670805932458389,66,True,True,True,False,48.80083401665403,0.0019362558419062422,50,2000,44,full
0.0001,1,-1.2670805933746008,67,True,True,True,False,48.80087455992858,0.0019362595671129613,50,2000,44,full
0.0001,2,-1.2670805933071942,65,True,True,True,False,48.800853450799046,0.0019362576279619058,50,2000,44,full
0.0001,3,-1.267080593263869,68,True,True,True,False,48.80083975033471,0.0019362563688967102,50,2000,44,full
0.0001,4,-1.2670805934509008,60,True,True,True,False,48.80089830358053,0.0019362617516010174,50,2000,44,full
0.0001,5,-1.267080593366389,60,True,True,True,False,48.80087208411025,0.001936259342386194,50,2000,44,full
0.0001,6,-1.267080593569076,60,True,True,True,False,48.80093453077219,0.0019362650829422077,50,2000,44,full
0.0001,7,-1.2670805931703981,67,True,True,True,False,48.80080984089012,0.0019362536189193333,50,2000,44,full
0.0001,8,-1.267080593554571,54,True,True,True,False,48.80093101610585,0.0019362647891251197,50,2000,44,full
0.0001,9,-1.2670805935347993,61,True,True,True,False,48.80092408125044,0.0019362641217295833,50,2000,44,full
0.01,0,-1.276215751477644,65,True,True,True,False,49.4750765479965,0.0019117162427028723,50,2000,45,full
0.01,1,-1.2762157511955416,61,True,True,True,False,49.47498123576405,0.0019117080653209232,50,2000,45,full
0.01,2,-1.276215751289591,71,True,True,True,False,49.475013471638064,0.0019117108306079419,50,2000,45,full
0.01,3,-1.2762157516705126,66,True,True,True,False,49.47513947832124,0.0019117216426548659,50,2000,45,full
0.01,4,-1.2762157511882923,61,True,True,True,False,49.474978717491425,0.0019117078490150494,50,2000,45,full
0.01,5,-1.2762157513043673,66,True,True,True,False,49.47501848419094,0.001911711260762292,50,2000,45,full
0.01,6,-1.2762157514404862,66,True,True,True,False,49.47506423624059,0.0019117151866598165,50,2000,45,full
0.01,7,-1.2762157516160402,64,True,True,True,False,49.475121885645855,0.0019117201331928554,50,2000,45,full
0.01,8,-1.276215751357142,63,True,True,True,False,49.475036337934675,0.001911712792677569,50,2000,45,full
0.01,9,-1.2762157513673407,65,True,True,True,False,49.47503973127783,0.0019117130825444832,50,2000,45,full
0.001,0,-1.2762157514894923,65,True,True,True,False,49.47508047341633,0.0019117165795859937,50,2000,45,full
0.001,1,-1.2762157512285077,61,True,True,True,False,49.474992589328096,0.0019117090394753236,50,2000,45,full
0.001,2,-1.2762157512836108,71,True,True,True,False,49.47501142417195,0.001911710654925929,50,2000,45,full
0.001,3,-1.276215751661504,66,True,True,True,False,49.47513658123644,0.0019117213940676421,50,2000,45,full
0.001,4,-1.2762157511817196,61,True,True,True,False,49.47497644632444,0.0019117076541346168,50,2000,45,full
0.001,5,-1.2762157512892862,66,True,True,True,False,49.47501335802846,0.001911710820917312,50,2000,45,full
0.001,6,-1.2762157514328267,66,True,True,True,False,49.47506169441673,0.0019117149685584408,50,2000,45,full
0.001,7,-1.2762157516207808,64,True,True,True,False,49.475123422645076,0.0019117202650756942,50,2000,45,full
0.001,8,-1.2762157513361654,63,True,True,True,False,49.475029263443524,0.0019117121856491936,50,2000,45,full
0.001,9,-1.2762157513505752,65,True,True,True,False,49.47503408329569,0.0019117125979334687,50,2000,45,full
0.0001,0,-1.2762157514909989,65,True,True,True,False,49.47508096869191,0.0019117166220889228,50,2000,45,full
0.0001,1,-1.2762157512319359,61,True,True,True,False,49.4749937707055,0.0019117091408379933,50,2000,45,full
0.0001,2,-1.276215751282977,71,True,True,True,False,49.4750112068534,0.0019117106362780624,50,2000,45,full
0.0001,3,-1.2762157516605814,66,True,True,True,False,49.47513627770816,0.001911721368021883,50,2000,45,full
0.0001,4,-1.2762157511810615,61,True,True,True,True,49.47497620806776,0.0019117076336891523,50,2000,45,full
0.0001,5,-1.2762157512876935,66,True,True,True,False,49.475012826244914,0.0019117107752897895,50,2000,45,full
0.0001,6,-1.2762157514320516,66,True,True,True,False,49.47506143193085,0.0019117149460351293,50,2000,45,full
0.0001,7,-1.276215751621266,64,True,True,True,False,49.47512358273494,0.0019117202788129577,50,2000,45,full
0.0001,8,-1.276215751334032,63,True,True,True,False,49.475028541653,0.0019117121237146048,50,2000,45,full
0.0001,9,-1.276215751348834,65,True,True,True,False,49.475033498220384,0.0019117125477328537,50,2000,45,full
0.01,0,-1.2766355930393256,61,True,True,True,False,49.47887098219117,0.0019048323191850727,50,2000,46,full
0.01,1,-1.2766355934116378,61,True,True,True,False,49.47900355311576,0.0019048434007237958,50,2000,46,full
0.01,2,-1.2766355935785638,65,True,True,True,False,49.479060588830684,0.0019048481681508398,50,2000,46,full
0.01,3,-1.276635593587776,64,True,True,True,False,49.47906371623558,0.0019048484298796974,50,2000,46,full
0.01,4,-1.2766355931912086,62,True,True,True,False,49.478925985212754,0.001904836916374481,50,2000,46,full
0.01,5,-1.27663559342616,62,True,True,True,False,49.47900858057136,0.0019048438212154251,50,2000,46,full
0.01,6,-1.276635593537667,63,True,True,True,False,49.47904675464777,0.001904847011836731,50,2000,46,full
0.01,7,-1.276635593108173,62,True,True,True,False,49.478896076113216,0.001904834416437121,50,2000,46,full
0.01,8,-1.2713439116213288,87,True,True,True,True,37.987910950132715,0.001297745741488692,50,2000,46,full
0.01,9,-1.2766355932413398,69,True,True,True,False,49.47894383815691,0.0019048384079627507,50,2000,46,full
0.001,0,-1.2766355930258553,61,True,True,True,False,49.47886603582558,0.0019048319057225081,50,2000,46,full
0.001,1,-1.2766355933473552,61,True,True,True,False,49.47898121409446,0.0019048415334847082,50,2000,46,full
0.001,2,-1.2766355935700364,65,True,True,True,False,49.47905771234847,0.0019048479276994347,50,2000,46,full
0.001,3,-1.2766355935873868,64,True,True,True,False,49.47906357946273,0.0019048484184439874,50,2000,46,full
0.001,4,-1.2766355931868438,62,True,True,True,False,49.478924431156486,0.0019048367864738602,50,2000,46,full
0.001,5,-1.276635593471652,62,True,True,True,False,49.4790242335987,0.0019048451296614039,50,2000,46,full
0.001,6,-1.2766355935422267,63,True,True,True,False,49.479048296649246,0.0019048471407343685,50,2000,46,full
0.001,7,-1.2766355930996203,62,True,True,True,False,49.47889298272768,0.0019048341578577353,50,2000,46,full
0.001,8,-1.2713439117238505,87,True,True,True,False,37.98783881628654,0.001297742638797351,50,2000,46,full
0.001,9,-1.2766355932022873,69,True,True,True,False,49.478929922006614,0.001904837244734853,50,2000,46,full
0.0001,0,-1.2766355930245514,61,True,True,True,False,49.478865557686596,0.0019048318657564677,50,2000,46,full
0.0001,1,-1.2766355933395508,61,True,True,True,False,49.47897848623832,0.001904841305473734,50,2000,46,full
0.0001,2,-1.276635593569153,65,True,True,True,False,49.47905741090517,0.0019048479025005492,50,2000,46,full
0.0001,3,-1.2766355935873555,64,True,True,True,False,49.47906357170007,0.0019048484177948955,50,2000,46,full
0.0001,4,-1.2766355931864308,62,True,True,True,False,49.47892427742811,0.0019048367736234269,50,2000,46,full
0.0001,5,-1.2766355934764322,62,True,True,True,False,49.4790258669966,0.0019048452661991257,50,2000,46,full
0.0001,6,-1.2766355935427307,63,True,True,True,False,49.479048457008254,0.0019048471541383248,50,2000,46,full
0.0001,7,-1.2766355930988134,62,True,True,True,False,49.478892681379136,0.00190483413266692,50,2000,46,full
0.0001,8,-1.2713439117350889,87,True,True,True,False,37.987831042553374,0.0012977423044264027,50,2000,46,full
0.0001,9,-1.2766355931983389,69,True,True,True,False,49.478928510160394,0.0019048371267208232,50,2000,46,full
0.01,0,-1.2884623709270981,64,True,True,True,False,49.27556922435466,0.0019267154519296919,50,2000,47,full
0.01,1,-1.2884623712077288,61,True,True,True,False,49.27567221959512,0.0019267240257782041,50,2000,47,full
0.01,2,-1.2884623707207574,61,True,True,True,False,49.27549073220117,0.0019267089245348602,50,2000,47,full
0.01,3,-1.2884623711685537,62,True,True,True,False,49.275658109233994,0.0019267228513632497,50,2000,47,full
0.01,4,-1.2884623707631178,64,True,True,True,False,49.275506946549505,0.0019267102697479348,50,2000,47,full
0.01,5,-1.2884623708667793,63,True,True,True,False,49.27554650228144,0.0019267135611034535,50,2000,47,full
0.01,6,-1.2884623709975076,60,True,True,True,False,49.27559550803376,0.001926717640410869,50,2000,47,full
0.01,7,-1.2884623683218013,66,True,True,True,False,49.272328810963835,0.0019264458350297345,50,2000,47,full
0.01,8,-1.2845868819999704,111,True,True,True,True,37.93530723708985,0.0013036445407929973,50,2000,47,full
0.01,9,-1.28458688222939,101,True,True,True,False,37.93514280190587,0.0013036372588553287,50,2000,47,full
0.001,0,-1.2884623709104899,64,True,True,True,False,49.27556298657464,0.0019267149327607874,50,2000,47,full
0.001,1,-1.288462370682038,62,True,True,True,False,49.27547548083821,0.0019267076504753617,50,2000,47,full
0.001,2,-1.2884623708459966,61,True,True,True,False,49.275538799382375,0.0019267129245324828,50,2000,47,full
0.001,3,-1.2884623711337575,62,True,True,True,False,49.275645507191086,0.0019267218024336557,50,2000,47,full
0.001,4,-1.288462370756513,64,True,True,True,False,49.27550439742071,0.0019267100575809761,50,2000,47,full
0.001,5,-1.2884623708621947,63,True,True,True,False,49.275544772194486,0.0019267134170992488,50,2000,47,full
0.001,6,-1.2884623709812073,60,True,True,True,False,49.27558945188372,0.0019267171363440917,50,2000,47,full
0.001,7,-1.2884623707107348,63,True,True,True,False,49.275486686264756,0.0019267085837354001,50,2000,47,full
0.001,8,-1.2845868821951043,109,True,True,True,False,37.935166482464226,0.0013036383075381735,50,2000,47,full
0.001,9,-1.2845868822748292,101,True,True,True,False,37.93511184964796,0.0013036358881461743,50,2000,47,full
0.0001,0,-1.2884623709087015,64,True,True,True,False,49.2755623211521,0.0019267148773775098,50,2000,47,full
0.0001,1,-1.288462370687295,62,True,True,True,False,49.27547752143281,0.0019267078203120322,50,2000,47,full
0.0001,2,-1.2884623708562868,61,True,True,True,False,49.27554270242071,0.001926713249332029,50,2000,47,full
0.0001,3,-1.2884623711301688,62,True,True,True,False,49.275644209032016,0.0019267216943797596,50,2000,47,full
0.0001,4,-1.2884623707558147,64,True,True,True,False,49.27550413428585,0.0019267100356797594,50,2000,47,full
0.0001,5,-1.288462370861743,63,True,True,True,False,49.27554459852687,0.0019267134026437996,50,2000,47,full
0.0001,6,-1.2884623709795608,60,True,True,True,False,49.2755888416411,0.0019267170855538742,50,2000,47,full
0.0001,7,-1.2884623685799714,65,True,True,True,False,49.272111881206754,0.001926427791063668,50,2000,47,full
0.0001,8,-1.2845868821097564,109,True,True,True,False,37.93522673257563,0.0013036409756886742,50,2000,47,full
0.0001,9,-1.2845868822797288,101,True,True,True,False,37.93510853591474,0.001303635741398868,50,2000,47,full
0.01,0,-1.2946833785604401,56,True,True,True,False,49.55886762390038,0.0019208089424210147,50,2000,48,full
0.01,1,-1.2946833786012315,58,True,True,True,False,49.558882491193565,0.0019208102331916726,50,2000,48,full
0.01,2,-1.2946833785033682,64,True,True,True,False,49.55884676644228,0.0019208071348289384,50,2000,48,full
0.01,3,-1.2946833784078464,58,True,True,True,False,49.55881166933874,0.0019208040999103783,50,2000,48,full
0.01,4,-1.2946833788380407,61,True,True,True,False,49.558966508210375,0.0019208175147150325,50,2000,48,full
0.01,5,-1.2946833784883784,62,True,True,True,False,49.5588411951654,0.001920806650120738,50,2000,48,full
0.01,6,-1.2946833783784657,64,True,True,True,False,49.55880040180792,0.0019208031151243948,50,2000,48,full
0.01,7,-1.291212011555364,100,True,True,True,True,38.18340998809718,0.0012962590443922582,50,2000,48,full
0.01,8,-1.2912120116928019,94,True,True,True,False,38.18330918293494,0.0012962546285473474,50,2000,48,full
0.01,9,-1.2946833788875622,62,True,True,True,False,49.558983711803364,0.0019208190058111264,50,2000,48,full
0.001,0,-1.2946833785825056,56,True,True,True,False,49.55887563961588,0.0019208096372300546,50,2000,48,full
0.001,1,-1.2946833785957699,58,True,True,True,False,49.55888051894894,0.0019208100622135507,50,2000,48,full
0.001,2,-1.2946833784891203,64,True,True,True,False,49.558841531532025,0.0019208066810659482,50,2000,48,full
0.001,3,-1.2946833784400642,58,True,True,True,False,49.55882365008259,0.0019208051383297928,50,2000,48,full
0.001,4,-1.2946833788336611,61,True,True,True,False,49.558964983524994,0.0019208173825445746,50,2000,48,full
0.001,5,-1.2946833785021872,62,True,True,True,False,49.55884627843528,0.0019208070907242747,50,2000,48,full
0.001,6,-1.2946833783584297,64,True,True,True,False,49.55879288401097,0.0019208024634841515,50,2000,48,full
0.001,7,-1.2912120120432984,99,True,True,True,False,38.18307350491544,0.001296244304479114,50,2000,48,full
0.001,8,-1.29121201180185,94,True,True,True,False,38.18323285791273,0.0012962512850704956,50,2000,48,full
0.001,9,-1.2946833788833014,62,True,True,True,False,49.558982239658924,0.0019208188781987187,50,2000,48,full
0.0001,0,-1.2946833785850766,56,True,True,True,False,49.558876562125675,0.0019208097171927252,50,2000,48,full
0.0001,1,-1.2946833785952576,58,True,True,True,False,49.55888032583226,0.0019208100454716868,50,2000,48,full
0.0001,2,-1.2946833784876255,64,True,True,True,False,49.558840980753224,0.0019208066333255545,50,2000,48,full
0.0001,3,-1.2946833784434202,58,True,True,True,False,49.55882489000658,0.0019208052457988117,50,2000,48,full
0.0001,4,-1.2946833786291643,52,True,True,True,False,49.558894451448026,0.0019208113253489452,50,2000,48,full
0.0001,5,-1.294683378503982,62,True,True,True,False,49.55884693768895,0.0019208071478668582,50,2000,48,full
0.0001,6,-1.294683378356363,64,True,True,True,False,49.558792105770955,0.0019208023960275793,50,2000,48,full
0.0001,7,-1.2912120120327224,99,True,True,True,False,38.18308023450179,0.001296244599274387,50,2000,48,full
0.0001,8,-1.2912120118134909,94,True,True,True,False,38.183224897074496,0.0012962509363396543,50,2000,48,full
0.0001,9,-1.294683378882864,62,True,True,True,False,49.55898208955795,0.0019208188651874745,50,2000,48,full
0.01,0,-1.2966990076956864,62,True,True,True,False,49.64612042102336,0.001936418697326446,50,2000,49,full
0.01,1,-1.2966990081042216,58,True,True,True,False,49.646266140502,0.0019364312933695309,50,2000,49,full
0.01,2,-1.2937863711404727,101,True,True,True,True,38.215821750159435,0.0013098032265229183,50,2000,49,full
0.01,3,-1.2966990076383638,63,True,True,True,False,49.64609920756526,0.001936416863050666,50,2000,49,full
0.01,4,-1.2966990080892444,59,True,True,True,False,49.64626092924588,0.0019364308419291291,50,2000,49,full
0.01,5,-1.2966990080843506,64,True,True,True,False,49.64625905501447,0.0019364306749363991,50,2000,49,full
0.01,6,-1.2966990075684162,67,True,True,True,False,49.64607305347423,0.0019364146022688225,50,2000,49,full
0.01,7,-1.2966990054179022,64,True,True,True,False,49.6426832435125,0.0019361217447656405,50,2000,49,full
0.01,8,-1.2966990077220335,63,True,True,True,False,49.646130067312384,0.0019364195302816235,50,2000,49,full
0.01,9,-1.2966990076529639,63,True,True,True,False,49.646104532620456,0.0019364173205638437,50,2000,49,full
0.001,0,-1.296699007693096,62,True,True,True,False,49.646119465282524,0.0019364186147154178,50,2000,49,full
0.001,1,-1.2966990081216223,58,True,True,True,False,49.646272147950114,0.001936431812621021,50,2000,49,full
0.001,2,-1.2937863713823252,101,True,True,True,False,38.21565286470101,0.0013097958298800047,50,2000,49,full
0.001,3,-1.2966990076419156,63,True,True,True,False,49.646100522831716,0.0019364169767276318,50,2000,49,full
0.001,4,-1.29669900807982,59,True,True,True,False,49.64625764401632,0.0019364305579684402,50,2000,49,full
0.001,5,-1.2966990080855958,64,True,True,True,False,49.646259483486304,0.001936430711967516,50,2000,49,full
0.001,6,-1.2966990081504066,66,True,True,True,False,49.64628199399806,0.0019364326615649561,50,2000,49,full
0.001,7,-1.2966990051072125,65,True,True,True,False,49.64293212003299,0.0019361432380940293,50,2000,49,full
0.001,8,-1.296699007700026,63,True,True,True,False,49.64612199593237,0.0019364188326580862,50,2000,49,full
0.001,9,-1.2966990076514058,63,True,True,True,False,49.64610395065249,0.001936417270268277,50,2000,49,full
0.0001,0,-1.2966990076928326,62,True,True,True,False,49.646119366194974,0.001936418606150702,50,2000,49,full
0.0001,1,-1.296699008123418,58,True,True,True,False,49.646272767728824,0.001936431866191324,50,2000,49,full
0.0001,2,-1.293786371411311,101,True,True,True,False,38.215633517301995,0.0013097949825245946,50,2000,49,full
0.0001,3,-1.2966990076422749,63,True,True,True,False,49.64610065987107,0.001936416988572569,50,2000,49,full
0.0001,4,-1.2966990080784717,59,True,True,True,False,49.646257183695354,0.0019364305181804825,50,2000,49,full
0.0001,5,-1.2966990080857121,64,True,True,True,False,49.64625953044002,0.0019364307160243317,50,2000,49,full
0.0001,6,-1.2966990081488814,66,True,True,True,False,49.64628146510118,0.0019364326158511772,50,2000,49,full
0.0001,7,-1.296699005116428,65,True,True,True,False,49.64292376622523,0.0019361425166039517,50,2000,49,full
0.0001,8,-1.2966990076977802,63,True,True,True,False,49.646121167965234,0.001936418761094864,50,2000,49,full
0.0001,9,-1.296699007651242,63,True,True,True,False,49.64610390034409,0.0019364172659217908,50,2000,49,full
0.01,0,-1.2867708947585372,58,True,True,True,False,49.683215321452565,0.0019195817012100929,50,2000,50,full
0.01,1,-1.2867708948045566,57,True,True,True,False,49.68323214211717,0.0019195832067099025,50,2000,50,full
0.01,2,-1.286770895169731,59,True,True,True,False,49.68335867408219,0.0019195944487983697,50,2000,50,full
0.01,3,-1.2867708948571313,62,True,True,True,False,49.68325053210562,0.0019195848314103494,50,2000,50,full
0.01,4,-1.286770894721644,64,True,True,True,True,49.683201811385125,0.0019195804942011086,50,2000,50,full
0.01,5,-1.2867708950150853,52,True,True,True,False,49.68333132196134,0.001919592828715586,50,2000,50,full
0.01,6,-1.286770894832136,66,True,True,True,False,49.683241654013194,0.0019195840417755407,50,2000,50,full
0.01,7,-1.2867708951108559,55,True,True,True,False,49.683338950909025,0.0019195927024068472,50,2000,50,full
0.01,8,-1.2867708950914452,63,True,True,True,False,49.68333207343444,0.0019195920828578143,50,2000,50,full
0.01,9,-1.2867708949992536,58,True,True,True,False,49.68330068062695,0.0019195893013916625,50,2000,50,full
0.001,0,-1.2867708947722583,58,True,True,True,False,49.68322025428468,0.0019195821399026368,50,2000,50,full
0.001,1,-1.286770894840006,57,True,True,True,False,49.68324477851176,0.00191958433038589,50,2000,50,full
0.001,2,-1.2867708952320662,59,True,True,True,False,49.683379634511724,0.001919596313016116,50,2000,50,full
0.001,3,-1.2867708948684617,62,True,True,True,False,49.68325454196468,0.0019195851880188899,50,2000,50,full
0.001,4,-1.28677089472253,64,True,True,True,False,49.68320212591185,0.0019195805221714549,50,2000,50,full
0.001,5,-1.2867708951412087,58,True,True,True,False,49.68335195303365,0.0019195939419898729,50,2000,50,full
0.001,6,-1.2867708948112269,66,True,True,True,False,49.683234190876846,0.0019195833780856965,50,2000,50,full
0.001,7,-1.286770895143104,55,True,True,True,False,49.68334991268239,0.0019195936772965871,50,2000,50,full
0.001,8,-1.2867708950636998,63,True,True,True,False,49.6833225684314,0.0019195912375186608,50,2000,50,full
0.001,9,-1.2867708948628518,61,True,True,True,False,49.683252616651345,0.0019195850185326601,50,2000,50,full
0.0001,0,-1.2867708947736385,58,True,True,True,False,49.68322076282693,0.0019195821851291065,50,2000,50,full
0.0001,1,-1.2867708948436711,57,True,True,True,False,49.68324608594918,0.0019195844466484108,50,2000,50,full
0.0001,2,-1.2867708952389765,59,True,True,True,False,49.683381940316956,0.0019195965180968937,50,2000,50,full
0.0001,3,-1.2867708948696037,62,True,True,True,False,49.68325495246724,0.0019195852245264262,50,2000,50,full
0.0001,4,-1.2867708947226169,64,True,True,True,False,49.683202160354774,0.0019195805252330783,50,2000,50,full
0.0001,5,-1.2867708947330063,59,True,True,True,False,49.683208030475654,0.0019195811150864708,50,2000,50,full
0.0001,6,-1.2867708948090422,66,True,True,True,False,49.68323340657536,0.001919583308338205,50,2000,50,full
0.0001,7,-1.286770895146409,55,True,True,True,False,49.68335102929635,0.0019195937766032722,50,2000,50,full
0.0001,8,-1.2867708950608256,63,True,True,True,False,49.68332158398894,0.0019195911499659659,50,2000,50,full
0.0001,9,-1.286770894952987,61,True,True,True,False,49.683284314295754,0.0019195878374801013,50,2000,50,full
0.01,0,-1.2946066223470087,60,True,True,True,False,49.19399591183184,0.0019388944774913924,50,2000,51,full
0.01,1,-1.2946066222551436,58,True,True,True,False,49.1939604073093,0.0019388916062161587,50,2000,51,full
0.01,2,-1.2946066221950991,62,True,True,True,False,49.193936835479924,0.0019388896983506077,50,2000,51,full
0.01,3,-1.2946066222265262,62,True,True,True,False,49.19394920665271,0.001938890699728035,50,2000,51,full
0.01,4,-1.2934623481393823,103,True,True,True,False,38.17008376905681,0.0013155332753373753,50,2000,51,full
0.01,5,-1.2934623482835266,91,True,True,True,False,38.16998617149384,0.0013155289999866378,50,2000,51,full
0.01,6,-1.2946066222591832,63,True,True,True,False,49.19396192149891,0.001938891727430778,50,2000,51,full
0.01,7,-1.294606622126711,62,True,True,True,False,49.19390959674481,0.0019388874915001542,50,2000,51,full
0.01,8,-1.2946066222673434,61,True,True,True,False,49.193965170611015,0.0019388919917066405,50,2000,51,full
0.01,9,-1.2946066222390606,57,True,True,True,False,49.193954228054665,0.0019388911084103019,50,2000,51,full
0.001,0,-1.2946066223903827,60,True,True,True,False,49.19401251148035,0.001938895820116614,50,2000,51,full
0.001,1,-1.294606622265201,58,True,True,True,False,49.193964309916424,0.0019388919214096152,50,2000,51,full
0.001,2,-1.2946066221912103,62,True,True,True,False,49.193935311865026,0.0019388895751150798,50,2000,51,full
0.001,3,-1.2946066222217527,62,True,True,True,False,49.193947338490204,0.001938890548622202,50,2000,51,full
0.001,4,-1.293462348057868,103,True,True,True,False,38.17014094665996,0.0013155357800545917,50,2000,51,full
0.001,5,-1.293462348015406,91,True,True,True,False,38.17017132013015,0.0013155371105969865,50,2000,51,full
0.001,6,-1.2946066222490327,63,True,True,True,False,49.19395797432484,0.001938891408166115,50,2000,51,full
0.001,7,-1.294606622094749,62,True,True,True,False,49.19389683000043,0.0019388864589657384,50,2000,51,full
0.001,8,-1.2946066223081898,62,True,True,True,False,49.193980970999604,0.0019388932690560302,50,2000,51,full
0.001,9,-1.2946066222256931,57,True,True,True,False,49.19394899872147,0.0019388906854130481,50,2000,51,full
0.0001,0,-1.2946066223949249,60,True,True,True,False,49.194014246261176,0.0019388959604300946,50,2000,51,full
0.0001,1,-1.2946066222664183,58,True,True,True,False,49.19396477737789,0.0019388919591878857,50,2000,51,full
0.0001,2,-1.2946066221908088,62,True,True,True,False,49.19393515530664,0.0019388895624510465,50,2000,51,full
0.0001,3,-1.2946066222212522,62,True,True,True,False,49.19394714255931,0.0019388905327740306,50,2000,51,full
0.0001,4,-1.2934623480496965,103,True,True,True,False,38.170146761592314,0.0013155360347840033,50,2000,51,full
0.0001,5,-1.2934623479886382,91,True,True,True,True,38.17019073122426,0.0013155379609168225,50,2000,51,full
0.0001,6,-1.2946066222480022,63,True,True,True,False,49.193957572476634,0.0019388913756624893,50,2000,51,full
0.0001,7,-1.2946066220915387,62,True,True,True,False,49.193895553068515,0.001938886355692752,50,2000,51,full
0.0001,8,-1.2946066223631185,62,True,True,True,False,49.19400210531881,0.0019388949784978602,50,2000,51,full
0.0001,9,-1.2946066222243688,57,True,True,True,False,49.19394848177993,0.0019388906435971551,50,2000,51,full
0.01,0,-1.3015959331107754,66,True,True,True,False,48.97321846872209,0.0019794612861438626,50,5000,42,full
0.01,1,-1.2944758276496697,91,True,True,True,False,37.398086461820014,0.0013350990612466514,50,5000,42,full
0.01,2,-1.301595933098061,71,True,True,True,False,48.97320964366948,0.001979460487242914,50,5000,42,full
0.01,3,-1.3015959332938951,66,True,True,True,False,48.9733391683406,0.0019794722019988967,50,5000,42,full
0.01,4,-1.301595933158301,62,True,True,True,False,48.97325071515794,0.001979464201260083,50,5000,42,full
0.01,5,-1.3015959333194687,72,True,True,True,False,48.97335524598306,0.0019794736567668395,50,5000,42,full
0.01,6,-1.3015959331622402,66,True,True,True,False,48.97325342556968,0.001979464447574276,50,5000,42,full
0.01,7,-1.3015959328839952,41,True,True,True,False,48.97305008287812,0.0019794523840660125,50,5000,42,full
0.01,8,-1.301595933207776,68,True,True,True,False,48.973283708770616,0.001979467186636976,50,5000,42,full
0.01,9,-1.3015959332748974,68,True,True,True,False,48.97332714214028,0.0019794711153134693,50,5000,42,full
0.001,0,-1.3015959331138076,66,True,True,True,False,48.97322048926508,0.0019794614688801652,50,5000,42,full
0.001,1,-1.2944758276463095,91,True,True,True,False,37.398089810021006,0.001335099206324021,50,5000,42,full
0.001,2,-1.3015959330939595,71,True,True,True,False,48.973206725593165,0.0019794602233132513,50,5000,42,full
0.001,3,-1.301595933285345,66,True,True,True,False,48.97333371755055,0.00197947170898155,50,5000,42,full
0.001,4,-1.3015959331591513,62,True,True,True,False,48.97325128229578,0.0019794642525751112,50,5000,42,full
0.001,5,-1.3015959333173581,72,True,True,True,False,48.97335389114121,0.001979473534216104,50,5000,42,full
0.001,6,-1.301595933182712,66,True,True,True,False,48.97326710473826,0.00197946568482782,50,5000,42,full
0.001,7,-1.3015959325793798,55,True,True,True,False,48.97098043450008,0.001979259000668572,50,5000,42,full
0.001,8,-1.3015959331997715,68,True,True,True,False,48.97327844241177,0.0019794667102969493,50,5000,42,full
0.001,9,-1.3015959332717326,68,True,True,True,False,48.97332511939995,0.001979470932355638,50,5000,42,full
0.0001,0,-1.3015959331140805,66,True,True,True,False,48.97322068598813,0.001979461486671601,50,5000,42,full
0.0001,1,-1.294475827646054,91,True,True,True,True,37.39809011172127,0.0013350992193973722,50,5000,42,full
0.0001,2,-1.301595933093511,71,True,True,True,False,48.97320641964923,0.0019794601956420747,50,5000,42,full
0.0001,3,-1.3015959332844358,66,True,True,True,False,48.973333154271046,0.001979471658034146,50,5000,42,full
0.0001,4,-1.3015959331591493,62,True,True,True,False,48.97325130763648,0.001979464254869273,50,5000,42,full
0.0001,5,-1.3015959333170795,72,True,True,True,False,48.9733537497025,0.001979473521421256,50,5000,42,full
0.0001,6,-1.3015959331848375,66,True,True,True,False,48.97326856517403,0.001979465816920875,50,5000,42,full
0.0001,7,-1.3015959325870368,56,True,True,True,False,48.97097063071211,0.0019792580948831307,50,5000,42,full
0.0001,8,-1.3015959331989935,68,True,True,True,False,48.973277896983504,0.001979466660960172,50,5000,42,full
0.0001,9,-1.3015959332714107,68,True,True,True,False,48.973324910167804,0.0019794709134308905,50,5000,42,full
0.01,0,-1.3031671293118308,73,True,True,True,False,49.09680658201786,0.0019852695931032757,50,5000,43,full
0.01,1,-1.3031671295121203,68,True,True,True,False,49.09694036243239,0.0019852815805549064,50,5000,43,full
0.01,2,-1.3031671294097122,71,True,True,True,False,49.09687351614114,0.001985275589451865,50,5000,43,full
0.01,3,-1.3031671293932683,62,True,True,True,False,49.09686249882605,0.0019852746026480343,50,5000,43,full
0.01,4,-1.296083517857848,86,True,True,True,True,37.54582163372425,0.001338221317357797,50,5000,43,full
0.01,5,-1.3031671294589546,69,True,True,True,False,49.096906078843915,0.0019852785085348176,50,5000,43,full
0.01,6,-1.3031671295398692,65,True,True,True,False,49.09695805883033,0.0019852831668342097,50,5000,43,full
0.01,7,-1.303167129496441,68,True,True,True,False,49.09693036049205,0.0019852806843318714,50,5000,43,full
0.01,8,-1.303167129445833,62,True,True,True,False,49.09689764988227,0.0019852777574626665,50,5000,43,full
0.01,9,-1.3031671294610825,64,True,True,True,False,49.09690751287054,0.0019852786373674,50,5000,43,full
0.001,0,-1.3031671295362595,72,True,True,True,False,49.096955690263826,0.0019852829535818915,50,5000,43,full
0.001,1,-1.303167129504332,68,True,True,True,False,49.09693540929587,0.0019852811367320456,50,5000,43,full
0.001,2,-1.3031671293989344,71,True,True,True,False,49.09686631179911,0.0019852749439516018,50,5000,43,full
0.001,3,-1.3031671293967368,62,True,True,True,False,49.09686486512731,0.00198527481468983,50,5000,43,full
0.001,4,-1.2960835178705077,86,True,True,True,False,37.545807357792064,0.0013382207021425522,50,5000,43,full
0.001,5,-1.3031671294576428,69,True,True,True,False,49.09690519645379,0.001985278429471051,50,5000,43,full
0.001,6,-1.3031671295389107,65,True,True,True,False,49.09695742702745,0.001985283110213626,50,5000,43,full
0.001,7,-1.303167129490291,68,True,True,True,False,49.09692639846872,0.0019852803293223904,50,5000,43,full
0.001,8,-1.3031671294591893,62,True,True,True,False,49.09690637954237,0.0019852785396217098,50,5000,43,full
0.001,9,-1.3031671294574614,64,True,True,True,False,49.096905067894404,0.0019852784182866384,50,5000,43,full
0.0001,0,-1.3031671295351326,72,True,True,True,False,49.096955016699646,0.0019852828932274036,50,5000,43,full
0.0001,1,-1.3031671295035534,68,True,True,True,False,49.096934897692925,0.001985281090891356,50,5000,43,full
0.0001,2,-1.3031671293978886,71,True,True,True,False,49.0968655584197,0.0019852748764487326,50,5000,43,full
0.0001,3,-1.303167129397154,62,True,True,True,False,49.09686507555528,0.0019852748335469268,50,5000,43,full
0.0001,4,-1.2960835178718884,86,True,True,True,False,37.54580585169271,0.001338220637239457,50,5000,43,full
0.0001,5,-1.3031671294575164,69,True,True,True,False,49.096905103867506,0.0019852784211748147,50,5000,43,full
0.0001,6,-1.3031671295388334,65,True,True,True,False,49.096957362388984,0.0019852831044215712,50,5000,43,full
0.0001,7,-1.30316712948975,68,True,True,True,False,49.09692599453057,0.001985280293129216,50,5000,43,full
0.0001,8,-1.3031671294605394,62,True,True,True,False,49.09690728376303,0.001985278620640574,50,5000,43,full
0.0001,9,-1.3031671294569946,64,True,True,True,False,49.09690481474393,0.001985278395603402,50,5000,43,full
0.01,0,-1.3022204741185863,76,True,True,True,False,49.14366627059081,0.001985689804094065,50,5000,44,full
0.01,1,-1.3022204747216164,67,True,True,True,False,49.14593321279408,0.001985897876878169,50,5000,44,full
0.01,2,-1.3022204747868344,63,True,True,True,False,49.14597648100501,0.001985901851267595,50,5000,44,full
0.01,3,-1.3022204747544035,69,True,True,True,False,49.145955109178885,0.0019858998877312134,50,5000,44,full
0.01,4,-1.302220474709089,64,True,True,True,False,49.14592480559143,0.0019858971047515997,50,5000,44,full
0.01,5,-1.3022204747554933,66,True,True,True,False,49.14595582594325,0.001985899954414153,50,5000,44,full
0.01,6,-1.302220474678513,63,True,True,True,False,49.14590401478034,0.0019858951974914543,50,5000,44,full
0.01,7,-1.2948094243928474,90,True,True,True,True,37.52038599200147,0.0013351171900153752,50,5000,44,full
0.01,8,-1.3022204747189547,67,True,True,True,False,49.1459314550606,0.001985897716344217,50,5000,44,full
0.01,9,-1.302220474736221,66,True,True,True,False,49.14594304193097,0.001985898779798057,50,5000,44,full
0.001,0,-1.30222047409592,76,True,True,True,False,49.14369040963836,0.0019856920190218803,50,5000,44,full
0.001,1,-1.3022204747145836,67,True,True,True,False,49.14592844369353,0.001985897439000708,50,5000,44,full
0.001,2,-1.3022204747997692,63,True,True,True,False,49.14598483157092,0.0019859026179797163,50,5000,44,full
0.001,3,-1.3022204747498862,69,True,True,True,False,49.14595209917802,0.0019858996113656774,50,5000,44,full
0.001,4,-1.302220474718564,64,True,True,True,False,49.14593115596704,0.0019858976878672713,50,5000,44,full
0.001,5,-1.3022204747543322,66,True,True,True,False,49.145955106554695,0.0019858998883583567,50,5000,44,full
0.001,6,-1.3022204746838844,63,True,True,True,False,49.14590767407809,0.001985895533477837,50,5000,44,full
0.001,7,-1.2948094244167123,90,True,True,True,False,37.52036077342637,0.001335116117717452,50,5000,44,full
0.001,8,-1.3022204747281518,66,True,True,True,False,49.1459376485211,0.001985898285115054,50,5000,44,full
0.001,9,-1.3022204747243142,66,True,True,True,False,49.145935069414385,0.001985898047794015,50,5000,44,full
0.0001,0,-1.3022204740935466,76,True,True,True,False,49.14369288203202,0.001985692245884697,50,5000,44,full
0.0001,1,-1.3022204747138237,67,True,True,True,False,49.14592795053751,0.0019858973937214477,50,5000,44,full
0.0001,2,-1.302220474801049,63,True,True,True,False,49.14598570154188,0.001985902697856734,50,5000,44,full
0.0001,3,-1.3022204747493347,69,True,True,True,False,49.14595176243382,0.001985899580446283,50,5000,44,full
0.0001,4,-1.3022204747194939,64,True,True,True,False,49.14593180051259,0.00198589774705072,50,5000,44,full
0.0001,5,-1.3022204747542492,66,True,True,True,False,49.14595503208287,0.0019858998815199293,50,5000,44,full
0.0001,6,-1.3022204746844828,63,True,True,True,False,49.14590805563388,0.0019858955685110352,50,5000,44,full
0.0001,7,-1.2948094244192498,90,True,True,True,False,37.52035804325964,0.0013351160016303449,50,5000,44,full
0.0001,8,-1.3022204747279946,66,True,True,True,False,49.14593754328631,0.0019858982754513347,50,5000,44,full
0.0001,9,-1.3022204747231467,66,True,True,True,False,49.145934267305556,0.0019858979741463226,50,5000,44,full
0.01,0,-1.3052425826597762,69,True,True,True,False,49.54956564755828,0.0019709984922205393,50,5000,45,full
0.01,1,-1.3052425826095007,63,True,True,True,False,49.54953290294583,0.0019709955294238313,50,5000,45,full
0.01,2,-1.3052425825634606,73,True,True,True,False,49.54950230414127,0.00197099275885463,50,5000,45,full
0.01,3,-1.3052425826517866,67,True,True,True,False,49.54956053879191,0.001970998030129958,50,5000,45,full
0.01,4,-1.305242581911167,44,True,True,True,False,49.54725233075615,0.00197078995564078,50,5000,45,full
0.01,5,-1.3052425826186937,65,True,True,True,False,49.549538966157726,0.0019709960775644714,50,5000,45,full
0.01,6,-1.3052425825967329,68,True,True,True,False,49.549524590184205,0.001970994779244204,50,5000,45,full
0.01,7,-1.3052425827064584,62,True,True,True,False,49.549595549753846,0.0019710012016322578,50,5000,45,full
0.01,8,-1.3052425827098737,66,True,True,True,False,49.54959760581394,0.001971001385317144,50,5000,45,full
0.01,9,-1.305242582609712,71,True,True,True,False,49.549533114184825,0.001970995547750439,50,5000,45,full
0.001,0,-1.3052425826652467,69,True,True,True,False,49.54956920803106,0.0019709988144953066,50,5000,45,full
0.001,1,-1.3052425826224694,63,True,True,True,False,49.54954148266379,0.001970996305969897,50,5000,45,full
0.001,2,-1.3052425825616238,73,True,True,True,False,49.54950100951465,0.001970992641673967,50,5000,45,full
0.001,3,-1.3052425826619125,67,True,True,True,False,49.549567020518026,0.0019709986168107417,50,5000,45,full
0.001,4,-1.30524258179431,41,True,True,True,False,49.54754420917645,0.0019708175645011916,50,5000,45,full
0.001,5,-1.3052425826182017,65,True,True,True,False,49.549538668287994,0.0019709960506041706,50,5000,45,full
0.001,6,-1.3052425826372038,68,True,True,True,False,49.54955118044462,0.0019709971857283246,50,5000,45,full
0.001,7,-1.3052425824804674,63,True,True,True,False,49.54944542352335,0.001970987612516356,50,5000,45,full
0.001,8,-1.3052425827061822,66,True,True,True,False,49.54959530683893,0.0019710011772258716,50,5000,45,full
0.001,9,-1.305242582616845,71,True,True,True,False,49.549537770580514,0.001970995969218909,50,5000,45,full
0.0001,0,-1.305242582665982,69,True,True,True,False,49.5495696143895,0.0019709988512772035,50,5000,45,full
0.0001,1,-1.3052425826238638,63,True,True,True,False,49.54954237886421,0.0019709963870839244,50,5000,45,full
0.0001,2,-1.3052425825613385,73,True,True,True,False,49.549500874594955,0.0019709926294607396,50,5000,45,full
0.0001,3,-1.3052425826629357,67,True,True,True,False,49.549567705049604,0.0019709986787700903,50,5000,45,full
0.0001,4,-1.2977447399600868,86,True,True,True,True,37.80940079298053,0.0013222172000104033,50,5000,45,full
0.0001,5,-1.3052425826182557,65,True,True,True,False,49.5495386422915,0.0019709960482508647,50,5000,45,full
0.0001,6,-1.3052425826407867,68,True,True,True,False,49.549553456867564,0.0019709973917486833,50,5000,45,full
0.0001,7,-1.3052425824812675,63,True,True,True,False,49.54944591596364,0.001970987657080714,50,5000,45,full
0.0001,8,-1.3052425827058765,66,True,True,True,False,49.5495950804447,0.0019710011567345654,50,5000,45,full
0.0001,9,-1.3052425826176515,71,True,True,True,False,49.549538280072746,0.001970996015334958,50,5000,45,full
0.01,0,-1.309384361679994,63,True,True,True,False,49.548151384256236,0.001972307285195971,50,5000,46,full
0.01,1,-1.3093843618598535,72,True,True,True,False,49.5482741128858,0.001972318244524272,50,5000,46,full
0.01,2,-1.309384361798162,65,True,True,True,False,49.548233113792264,0.0019723145835498835,50,5000,46,full
0.01,3,-1.3093843617283818,64,True,True,True,False,49.54818542073534,0.0019723103244666707,50,5000,46,full
0.01,4,-1.309384361748443,67,True,True,True,False,49.548199320622494,0.0019723115654557916,50,5000,46,full
0.01,5,-1.3027614345985565,85,True,True,True,False,37.78998843263166,0.0013216939125221556,50,5000,46,full
0.01,6,-1.3093843617604426,62,True,True,True,False,49.54820759422071,0.001972312306873157,50,5000,46,full
0.01,7,-1.3093843616503285,67,True,True,True,False,49.54813004195686,0.0019723053786847495,50,5000,46,full
0.01,8,-1.3093843617611343,59,True,True,True,False,49.548208411475194,0.0019723123877039574,50,5000,46,full
0.01,9,-1.3027614345594993,98,True,True,True,False,37.790030306487814,0.001321695650659739,50,5000,46,full
0.001,0,-1.3093843616917633,63,True,True,True,False,49.54815973425659,0.0019723080308522664,50,5000,46,full
0.001,1,-1.3093843618575713,72,True,True,True,False,49.54827264817688,0.0019723181137133146,50,5000,46,full
0.001,2,-1.3093843617974654,65,True,True,True,False,49.548232697231555,0.00197231454634524,50,5000,46,full
0.001,3,-1.309384361727496,64,True,True,True,False,49.548184818822186,0.0019723102707124595,50,5000,46,full
0.001,4,-1.309384361735819,67,True,True,True,False,49.54819057359348,0.001972310784303577,50,5000,46,full
0.001,5,-1.3027614345864025,85,True,True,True,False,37.790001461443346,0.001321694453335698,50,5000,46,full
0.001,6,-1.3093843617692873,62,True,True,True,False,49.548213647488275,0.0019723128473247095,50,5000,46,full
0.001,7,-1.309384361654413,67,True,True,True,False,49.54813306822557,0.0019723056489353743,50,5000,46,full
0.001,8,-1.309384361725618,59,True,True,True,False,49.54818388621366,0.001972310197623252,50,5000,46,full
0.001,9,-1.3027614345322307,98,True,True,True,False,37.7900603774981,0.001321696898876272,50,5000,46,full
0.0001,0,-1.3093843616929706,63,True,True,True,False,49.5481606023968,0.0019723081083762727,50,5000,46,full
0.0001,1,-1.309384361857279,72,True,True,True,False,49.54827249553111,0.001972318100082534,50,5000,46,full
0.0001,2,-1.309384361797382,65,True,True,True,False,49.5482326543181,0.0019723145425128382,50,5000,46,full
0.0001,3,-1.3093843617274024,64,True,True,True,False,49.54818475760737,0.001972310265245403,50,5000,46,full
0.0001,4,-1.309384361734456,67,True,True,True,False,49.54818967146135,0.0019723107037387445,50,5000,46,full
0.0001,5,-1.3027614345850882,85,True,True,True,False,37.79000280720965,0.001321694509195625,50,5000,46,full
0.0001,6,-1.3093843617700995,62,True,True,True,False,49.548214216930376,0.0019723128981663854,50,5000,46,full
0.0001,7,-1.309384361654872,67,True,True,True,False,49.548133378428226,0.001972305676637032,50,5000,46,full
0.0001,8,-1.3093843617219056,59,True,True,True,False,49.5481812521862,0.001972309962408067,50,5000,46,full
0.0001,9,-1.3027614345294107,98,True,True,True,True,37.7900634499301,0.0013216970264103174,50,5000,46,full
0.01,0,-1.3135710853817837,70,True,True,True,False,49.5125767830342,0.001987421326005444,50,5000,47,full
0.01,1,-1.3135710853990612,68,True,True,True,False,49.512588478903815,0.0019874223928264484,50,5000,47,full
0.01,2,-1.3135710854170868,61,True,True,True,False,49.512600766655474,0.0019874235170315117,50,5000,47,full
0.01,3,-1.3135710852885707,64,True,True,True,False,49.51251181080271,0.0019874154009872414,50,5000,47,full
0.01,4,-1.3135710852962639,67,True,True,True,False,49.51251742060047,0.0019874159171010355,50,5000,47,full
0.01,5,-1.3135710852563491,62,True,True,True,False,49.512488633638796,0.0019874132868133603,50,5000,47,full
0.01,6,-1.3135710853599019,65,True,True,True,False,49.51256171518714,0.0019874199509188127,50,5000,47,full
0.01,7,-1.3072517218429909,87,True,True,True,True,37.84183700492242,0.0013222773612398874,50,5000,47,full
0.01,8,-1.3135710853063909,70,True,True,True,False,49.51252442767477,0.0019874165512975836,50,5000,47,full
0.01,9,-1.3072517218969637,94,True,True,True,False,37.84177623522442,0.001322274768604815,50,5000,47,full
0.001,0,-1.3135710853787288,70,True,True,True,False,49.51257467621699,0.001987421133867865,50,5000,47,full
0.001,1,-1.3135710853977054,68,True,True,True,False,49.512587598535774,0.0019874223125398187,50,5000,47,full
0.001,2,-1.3135710854277376,61,True,True,True,False,49.51260796977216,0.0019874241738912814,50,5000,47,full
0.001,3,-1.3135710852913791,64,True,True,True,False,49.51251376623397,0.0019874155793114597,50,5000,47,full
0.001,4,-1.3135710853491749,67,True,True,True,False,49.51255455164683,0.0019874193028202912,50,5000,47,full
0.001,5,-1.3135710854834581,61,True,True,True,False,49.51264453112463,0.0019874275042161675,50,5000,47,full
0.001,6,-1.3135710853592406,65,True,True,True,False,49.51256127870002,0.0019874199111137147,50,5000,47,full
0.001,7,-1.3072517218720512,87,True,True,True,False,37.84180386522569,0.0013222759473880954,50,5000,47,full
0.001,8,-1.3135710853023823,70,True,True,True,False,49.51252163169602,0.0019874162963210997,50,5000,47,full
0.001,9,-1.3072517218582105,94,True,True,True,False,37.8418195447333,0.0013222766163330528,50,5000,47,full
0.0001,0,-1.3135710853783327,70,True,True,True,False,49.51257445704531,0.0019874211138806303,50,5000,47,full
0.0001,1,-1.3135710853975304,68,True,True,True,False,49.512587506289435,0.0019874223041272433,50,5000,47,full
0.0001,2,-1.3135710854289635,61,True,True,True,False,49.51260869407735,0.0019874242399418574,50,5000,47,full
0.0001,3,-1.3135710852916311,64,True,True,True,False,49.51251397086794,0.001987415597972235,50,5000,47,full
0.0001,4,-1.3135710853537648,67,True,True,True,False,49.51255769300824,0.0019874195892602823,50,5000,47,full
0.0001,5,-1.313571085483079,61,True,True,True,False,49.51264425688028,0.001987427479206882,50,5000,47,full
0.0001,6,-1.3135710853591978,65,True,True,True,False,49.512561278894566,0.001987419911133468,50,5000,47,full
0.0001,7,-1.3072517218752735,87,True,True,True,False,37.84180028212029,0.0013222757945214468,50,5000,47,full
0.0001,8,-1.313571085302061,70,True,True,True,False,49.512521333182896,0.0019874162690997157,50,5000,47,full
0.0001,9,-1.3072517218543707,94,True,True,True,False,37.84182394745327,0.001322276804166495,50,5000,47,full
0.01,0,-1.317335693111911,69,True,True,True,False,49.559913549765085,0.0019806455659931404,50,5000,48,full
0.01,1,-1.3173356932777736,62,True,True,True,False,49.560025407233354,0.0019806558037799024,50,5000,48,full
0.01,2,-1.3173356931948976,64,True,True,True,False,49.559970519163066,0.0019806507792182286,50,5000,48,full
0.01,3,-1.3173356925552322,68,True,True,True,False,49.55757329086559,0.001980431423497574,50,5000,48,full
0.01,4,-1.3173356932118714,63,True,True,True,False,49.55998198164273,0.0019806518285876845,50,5000,48,full
0.01,5,-1.3173356932473923,62,True,True,True,False,49.560005552034,0.0019806539865602295,50,5000,48,full
0.01,6,-1.3173356930589313,69,True,True,True,False,49.559875675741864,0.001980642095193729,50,5000,48,full
0.01,7,-1.3173356931280926,75,True,True,True,False,49.5599248210433,0.0019806465967666877,50,5000,48,full
0.01,8,-1.3113097286989102,90,True,True,True,False,37.94236993831994,0.0013180286805864394,50,5000,48,full
0.01,9,-1.3173356931058895,59,True,True,True,False,49.55990935710383,0.001980645184220081,50,5000,48,full
0.001,0,-1.3173356930829585,69,True,True,True,False,49.55989304777595,0.001980643689482755,50,5000,48,full
0.001,1,-1.3173356932838802,62,True,True,True,False,49.56002937045916,0.001980656166580259,50,5000,48,full
0.001,2,-1.3173356931933855,64,True,True,True,False,49.55996948532478,0.0019806506845855246,50,5000,48,full
0.001,3,-1.317335692511333,68,True,True,True,False,49.557620635936495,0.001980435754252536,50,5000,48,full
0.001,4,-1.3173356932315061,63,True,True,True,False,49.55999503148831,0.0019806530232084176,50,5000,48,full
0.001,5,-1.3173356932454807,62,True,True,True,False,49.56000433081208,0.0019806538747581086,50,5000,48,full
0.001,6,-1.3173356930587485,69,True,True,True,False,49.55987556133545,0.0019806420847172878,50,5000,48,full
0.001,7,-1.3173356931227658,75,True,True,True,False,49.55992108995274,0.001980646255252736,50,5000,48,full
0.001,8,-1.3113097286913928,90,True,True,True,False,37.942377465245066,0.001318029001578713,50,5000,48,full
0.001,9,-1.3173356931193543,59,True,True,True,False,49.559918824429985,0.001980646050841821,50,5000,48,full
0.0001,0,-1.3173356930803675,69,True,True,True,False,49.55989128123165,0.0019806435277916986,50,5000,48,full
0.0001,1,-1.3173356932844962,62,True,True,True,False,49.56002976051209,0.001980656202284853,50,5000,48,full
0.0001,2,-1.3173356931931521,64,True,True,True,False,49.559969383427386,0.0019806506752559367,50,5000,48,full
0.0001,3,-1.3173356925069317,68,True,True,True,False,49.55762553477959,0.001980436202363592,50,5000,48,full
0.0001,4,-1.3173356932336597,63,True,True,True,False,49.55999644487234,0.0019806531525938973,50,5000,48,full
0.0001,5,-1.3173356932453437,62,True,True,True,False,49.560004223701405,0.0019806538649534645,50,5000,48,full
0.0001,6,-1.3173356930586329,69,True,True,True,False,49.55987554990037,0.001980642083670445,50,5000,48,full
0.0001,7,-1.3173356931220788,75,True,True,True,False,49.559920685240286,0.0019806462182086226,50,5000,48,full
0.0001,8,-1.3113097286906106,90,True,True,True,True,37.942378292781484,0.0013180290368694147,50,5000,48,full
0.0001,9,-1.3173356931207296,59,True,True,True,False,49.5599197849755,0.0019806461387694586,50,5000,48,full
0.01,0,-1.3183439710422296,66,True,True,True,False,49.58801866335363,0.001991906190637885,50,5000,49,full
0.01,1,-1.318343971025435,64,True,True,True,False,49.58800717585667,0.001991905135567676,50,5000,49,full
0.01,2,-1.3183439710019609,61,True,True,True,False,49.587991152744124,0.0019919036697901038,50,5000,49,full
0.01,3,-1.318343971065983,63,True,True,True,False,49.58803481638091,0.0019919076740304896,50,5000,49,full
0.01,4,-1.3183439709423392,63,True,True,True,False,49.587948931378314,0.001991899786660933,50,5000,49,full
0.01,5,-1.3183439711052851,67,True,True,True,False,49.58806094287832,0.0019919100706446294,50,5000,49,full
0.01,6,-1.318343970950944,73,True,True,True,False,49.587955047574894,0.0019919003466010313,50,5000,49,full
0.01,7,-1.318343970924997,65,True,True,True,False,49.58793668972063,0.0019918986680553964,50,5000,49,full
0.01,8,-1.3183439711311602,66,True,True,True,False,49.58807807938252,0.001991911647523954,50,5000,49,full
0.01,9,-1.318343970924198,67,True,True,True,True,49.58793587960377,0.001991898587571582,50,5000,49,full
0.001,0,-1.3183439710422247,66,True,True,True,False,49.58801870362217,0.0019919061943345887,50,5000,49,full
0.001,1,-1.318343971024817,64,True,True,True,False,49.58800674779538,0.001991905096258069,50,5000,49,full
0.001,2,-1.318343971013707,61,True,True,True,False,49.58799932627099,0.0019919044203763306,50,5000,49,full
0.001,3,-1.3183439710856435,63,True,True,True,False,49.58804797665029,0.0019919088827068374,50,5000,49,full
0.001,4,-1.318343970935435,63,True,True,True,False,49.58794403005895,0.0019918993365356293,50,5000,49,full
0.001,5,-1.3183439711051779,67,True,True,True,False,49.58806092184621,0.0019919100687117233,50,5000,49,full
0.001,6,-1.3183439709497662,73,True,True,True,False,49.58795417286267,0.0019919002662742574,50,5000,49,full
0.001,7,-1.3183439710691827,64,True,True,True,False,49.58803727598937,0.001991907908601034,50,5000,49,full
0.001,8,-1.3183439711317144,66,True,True,True,False,49.5880784512616,0.001991911681678931,50,5000,49,full
0.001,9,-1.3183439711465599,66,True,True,True,False,49.58808811030526,0.0019919125684112336,50,5000,49,full
0.0001,0,-1.318343971042249,66,True,True,True,False,49.58801870820481,0.001991906194756711,50,5000,49,full
0.0001,1,-1.3183439710247358,64,True,True,True,False,49.58800670861491,0.001991905092659147,50,5000,49,full
0.0001,2,-1.3183439710149538,61,True,True,True,False,49.58800017315804,0.00199190449814619,50,5000,49,full
0.0001,3,-1.3183439710877847,63,True,True,True,False,49.588049405037175,0.001991909013894763,50,5000,49,full
0.0001,4,-1.3183439709347606,63,True,True,True,False,49.58794353919568,0.0019918992914531425,50,5000,49,full
0.0001,5,-1.3183439711052298,67,True,True,True,False,49.58806092077905,0.0019919100686139326,50,5000,49,full
0.0001,6,-1.318343970949613,73,True,True,True,False,49.58795407904175,0.0019919002576577103,50,5000,49,full
0.0001,7,-1.318343971060063,64,True,True,True,False,49.58803109629615,0.0019919073411057563,50,5000,49,full
0.0001,8,-1.3183439711317642,66,True,True,True,False,49.588078492440886,0.001991911685460022,50,5000,49,full
0.0001,9,-1.3183439711456137,66,True,True,True,False,49.58808750191037,0.0019919125125343823,50,5000,49,full
0.01,0,-1.3108665009516016,62,True,True,True,False,49.5811944432145,0.001987817167330467,50,5000,50,full
0.01,1,-1.3108665011008507,64,True,True,True,False,49.58129426627131,0.0019878264091671726,50,5000,50,full
0.01,2,-1.3108665010794964,65,True,True,True,False,49.581280425229814,0.001987825126775272,50,5000,50,full
0.01,3,-1.3108665010669633,63,True,True,True,False,49.58127217171773,0.001987824363205175,50,5000,50,full
0.01,4,-1.304528055964735,81,True,True,True,False,37.97548323602941,0.0013160285613786273,50,5000,50,full
0.01,5,-1.3108665009005223,71,True,True,True,False,49.58115852263899,0.001987813840000715,50,5000,50,full
0.01,6,-1.3108665009339577,65,True,True,True,False,49.58118234653151,0.001987816051864324,50,5000,50,full
0.01,7,-1.310866501031209,64,True,True,True,False,49.581248554470086,0.0019878221764615305,50,5000,50,full
0.01,8,-1.3108665009803353,67,True,True,True,False,49.58121424934964,0.001987819001804411,50,5000,50,full
0.01,9,-1.3108665010913905,64,True,True,True,False,49.58128805641779,0.001987825832239354,50,5000,50,full
0.001,0,-1.3108665009496205,62,True,True,True,False,49.58119306836809,0.0019878170400385404,50,5000,50,full
0.001,1,-1.3108665011203393,64,True,True,True,False,49.581306810689625,0.0019878275705762713,50,5000,50,full
0.001,2,-1.3108665010750251,65,True,True,True,False,49.581277479598974,0.001987824854069928,50,5000,50,full
0.001,3,-1.3108665009425409,67,True,True,True,False,49.58118810471707,0.001987816579827746,50,5000,50,full
0.001,4,-1.3045280559425247,81,True,True,True,False,37.97550678645718,0.0013160295808173936,50,5000,50,full
0.001,5,-1.3108665011252998,70,True,True,True,False,49.581309974583924,0.0019878278617506454,50,5000,50,full
0.001,6,-1.3108665010971832,64,True,True,True,False,49.58129216173845,0.001987826221466232,50,5000,50,full
0.001,7,-1.3108665010287208,64,True,True,True,False,49.581246852210796,0.001987822018858449,50,5000,50,full
0.001,8,-1.3108665009780112,67,True,True,True,False,49.58121263316249,0.001987818852192059,50,5000,50,full
0.001,9,-1.3108665010856062,64,True,True,True,False,49.58128435935419,0.0019878254899556975,50,5000,50,full
0.0001,0,-1.3108665009494433,62,True,True,True,False,49.58119293150774,0.0019878170273656534,50,5000,50,full
0.0001,1,-1.3108665011223573,64,True,True,True,False,49.581308123139735,0.001987827692091444,50,5000,50,full
0.0001,2,-1.310866501074585,65,True,True,True,False,49.58127718158871,0.0019878248264804926,50,5000,50,full
0.0001,3,-1.310866500927989,66,True,True,True,False,49.58117801305702,0.0019878156454966934,50,5000,50,full
0.0001,4,-1.3045280559401733,81,True,True,True,True,37.97550929505746,0.0013160296894088848,50,5000,50,full
0.0001,5,-1.3108665011246725,70,True,True,True,False,49.581309478361035,0.001987827815808719,50,5000,50,full
0.0001,6,-1.3108665010888512,64,True,True,True,False,49.58128676668746,0.0019878257220041716,50,5000,50,full
0.0001,7,-1.3108665010284484,64,True,True,True,False,49.58124667550193,0.001987822002498194,50,5000,50,full
0.0001,8,-1.310866500977677,67,True,True,True,False,49.58121245708422,0.001987818835890594,50,5000,50,full
0.0001,9,-1.3108665010850984,64,True,True,True,False,49.58128397718632,0.0019878254545736772,50,5000,50,full
0.01,0,-1.3101764479491969,85,True,True,True,False,37.82534432752596,0.001323394532357909,50,5000,51,full
0.01,1,-1.3160041900306767,66,True,True,True,False,49.445890860242244,0.001994023373857017,50,5000,51,full
0.01,2,-1.3160041900689383,65,True,True,True,False,49.44591727371292,0.001994025700688997,50,5000,51,full
0.01,3,-1.3160041899689818,66,True,True,True,False,49.44584734889728,0.001994019542993268,50,5000,51,full
0.01,4,-1.3160041893182612,123,True,True,True,False,49.44351943010123,0.0019938146156890393,50,5000,51,full
0.01,5,-1.3101764480051117,86,True,True,True,False,37.825286993112506,0.0013233920175522045,50,5000,51,full
0.01,6,-1.3160041900383133,67,True,True,True,False,49.44589617253259,0.0019940238421438244,50,5000,51,full
0.01,7,-1.3160041899520971,67,True,True,True,False,49.445835162908594,0.0019940184693196506,50,5000,51,full
0.01,8,-1.3160041899823893,69,True,True,True,False,49.44585683992303,0.0019940203774819333,50,5000,51,full
0.01,9,-1.316004189296519,69,True,True,True,False,49.44354660577765,0.0019938170176661872,50,5000,51,full
0.001,0,-1.3101764479368136,85,True,True,True,False,37.82535737589369,0.0013233951046848964,50,5000,51,full
0.001,1,-1.3160041900293564,66,True,True,True,False,49.445889913505326,0.0019940232904779374,50,5000,51,full
0.001,2,-1.3160041900739876,65,True,True,True,False,49.445920717982276,0.001994026004005017,50,5000,51,full
0.001,3,-1.3160041899669859,66,True,True,True,False,49.445845878434156,0.001994019413499915,50,5000,51,full
0.001,4,-1.31017644929262,135,True,True,True,False,37.82916114174087,0.001323561941691786,50,5000,51,full
0.001,5,-1.310176447807279,87,True,True,True,True,37.825501993543696,0.0013234014478911782,50,5000,51,full
0.001,6,-1.3160041900338844,67,True,True,True,False,49.445893089518584,0.001994023570639629,50,5000,51,full
0.001,7,-1.3160041899418773,67,True,True,True,False,49.44582773973568,0.0019940178156163013,50,5000,51,full
0.001,8,-1.3160041899373256,69,True,True,True,False,49.44582440889497,0.0019940175216103364,50,5000,51,full
0.001,9,-1.316004190031378,70,True,True,True,False,49.4458913311261,0.0019940234155983914,50,5000,51,full
0.0001,0,-1.31017644793553,85,True,True,True,False,37.82535872376629,0.0013233951638061303,50,5000,51,full
0.0001,1,-1.3160041900292165,66,True,True,True,False,49.445889819956044,0.00199402328223997,50,5000,51,full
0.0001,2,-1.3160041900744341,65,True,True,True,False,49.44592107264607,0.001994026035239102,50,5000,51,full
0.0001,3,-1.3160041899667465,66,True,True,True,False,49.44584572962338,0.0019940194003941333,50,5000,51,full
0.0001,4,-1.3101764492877064,134,True,True,True,False,37.82915826182595,0.0013235618153794612,50,5000,51,full
0.0001,5,-1.3101764478097275,87,True,True,True,False,37.82549903724911,0.0013234013182227924,50,5000,51,full
0.0001,6,-1.316004190033452,67,True,True,True,False,49.44589277571401,0.0019940235430037914,50,5000,51,full
0.0001,7,-1.3160041899409343,67,True,True,True,False,49.445826971654114,0.0019940177479788653,50,5000,51,full
0.0001,8,-1.3160041899329638,69,True,True,True,False,49.44582124443125,0.0019940172429491064,50,5000,51,full
0.0001,9,-1.3160041900308812,70,True,True,True,False,49.44589105694989,0.0019940233914537433,50,5000,51,full
0.01,0,-1.1885822874689125,67,True,True,True,False,54.592917823071595,0.0017043654701282822,50,500,42,full
0.01,1,-1.1885822874618177,70,True,True,True,False,54.59291717076215,0.0017043654107408894,50,500,42,full
0.01,2,-1.1885822864478728,66,True,True,True,False,54.59282530320919,0.001704357149227503,50,500,42,full
0.01,3,-1.1885822857455268,69,True,True,True,False,54.592760437708954,0.0017043513107688208,50,500,42,full
0.01,4,-1.1885822851013628,62,True,True,True,False,54.59270013608086,0.0017043458854503455,50,500,42,full
0.01,5,-1.1885822866488673,71,True,True,True,False,54.592843625917446,0.0017043587949468607,50,500,42,full
0.01,6,-1.1885822854503532,69,True,True,True,False,54.5927329200652,0.0017043488355739237,50,500,42,full
0.01,7,-1.1885822857218926,67,True,True,True,False,54.59275825240889,0.0017043511147944565,50,500,42,full
0.01,8,-1.1885822865800373,66,True,True,True,False,54.592837322623495,0.0017043582268854527,50,500,42,full
0.01,9,-1.173382028826586,108,True,True,True,False,41.51076330593352,0.001155901187653313,50,500,42,full
0.001,0,-1.1885822873090688,67,True,True,True,False,54.59290345633015,0.001704364177629708,50,500,42,full
0.001,1,-1.1885822874457381,70,True,True,True,False,54.592915728298124,0.0017043652809754517,50,500,42,full
0.001,2,-1.188582286049823,66,True,True,True,False,54.5927886927637,0.0017043538558038783,50,500,42,full
0.001,3,-1.1885822857333899,69,True,True,True,False,54.59275930962635,0.0017043512092942035,50,500,42,full
0.001,4,-1.1885822851444154,62,True,True,True,False,54.59270419197643,0.0017043462503270174,50,500,42,full
0.001,5,-1.1885822866375404,71,True,True,True,False,54.592842592609934,0.0017043587019889802,50,500,42,full
0.001,6,-1.1885822854260881,69,True,True,True,False,54.59273064937973,0.0017043486313066186,50,500,42,full
0.001,7,-1.1885822857475603,67,True,True,True,False,54.59276063881853,0.0017043513294736773,50,500,42,full
0.001,8,-1.1885822857034594,66,True,True,True,False,54.59275651911148,0.0017043509579307086,50,500,42,full
0.001,9,-1.1733820286728502,108,True,True,True,False,41.51074305563851,0.001155900550361538,50,500,42,full
0.0001,0,-1.1885822872922402,67,True,True,True,False,54.59290194151289,0.0017043640413496805,50,500,42,full
0.0001,1,-1.1885822874441045,70,True,True,True,False,54.59291558111627,0.0017043652677358702,50,500,42,full
0.0001,2,-1.188582286008394,66,True,True,True,False,54.5927848643816,0.0017043535114096456,50,500,42,full
0.0001,3,-1.1885822857324082,69,True,True,True,False,54.59275921805418,0.0017043512010578845,50,500,42,full
0.0001,4,-1.1885822851482117,62,True,True,True,False,54.59270454942278,0.0017043462824832495,50,500,42,full
0.0001,5,-1.1885822866364086,71,True,True,True,False,54.59284248970791,0.001704358692731724,50,500,42,full
0.0001,6,-1.1885822854235142,69,True,True,True,False,54.592730408591585,0.0017043486096460446,50,500,42,full
0.0001,7,-1.1885822857502204,67,True,True,True,False,54.592760885375206,0.0017043513516538057,50,500,42,full
0.0001,8,-1.188582285635056,66,True,True,True,False,54.59275015136161,0.0017043503851051735,50,500,42,full
0.0001,9,-1.1733820286585517,108,True,True,True,True,41.510741170431444,0.00115590049103251,50,500,42,full
0.01,0,-1.1930152016593494,73,True,True,True,False,54.90730542238162,0.001717929797290914,50,500,43,full
0.01,1,-1.1930152025983047,66,True,True,True,False,54.907399869766685,0.0017179372798947364,50,500,43,full
0.01,2,-1.193015202296484,67,True,True,True,False,54.90736969179528,0.0017179348886662818,50,500,43,full
0.01,3,-1.1930152009499198,66,True,True,True,False,54.907232906986074,0.0017179240540386993,50,500,43,full
0.01,4,-1.1787387748823703,75,True,True,True,False,41.73105606114468,0.0011737722778512967,50,500,43,full
0.01,5,-1.1930152000731489,65,True,True,True,False,54.90714165286951,0.0017179168222677726,50,500,43,full
0.01,6,-1.1930152000144472,68,True,True,True,False,54.90713550738017,0.0017179163361768191,50,500,43,full
0.01,7,-1.193015202394622,65,True,True,True,False,54.907379546265055,0.0017179356702596007,50,500,43,full
0.01,8,-1.17873871879781,84,True,True,True,False,41.71253472694239,0.001173197137208406,50,500,43,full
0.01,9,-1.1930152000234127,64,True,True,True,False,54.907136483119075,0.0017179164146790993,50,500,43,full
0.001,0,-1.1930152015330937,73,True,True,True,False,54.9072925854483,0.0017179287802820001,50,500,43,full
0.001,1,-1.193015202121375,66,True,True,True,False,54.9073521155253,0.0017179334964568605,50,500,43,full
0.001,2,-1.1930152021895044,67,True,True,True,False,54.907358956185014,0.0017179340381349713,50,500,43,full
0.001,3,-1.1930152000753542,66,True,True,True,False,54.907141947647325,0.0017179168479144566,50,500,43,full
0.001,4,-1.178738776604959,75,True,True,True,False,41.73128585946411,0.0011737794113076,50,500,43,full
0.001,5,-1.19301520014388,65,True,True,True,False,54.90714907350465,0.0017179174101819607,50,500,43,full
0.001,6,-1.193015200040338,68,True,True,True,False,54.907138228938756,0.0017179165517919274,50,500,43,full
0.001,7,-1.1930152024201695,65,True,True,True,False,54.907382101725084,0.0017179358727170803,50,500,43,full
0.001,8,-1.1787387187117893,84,True,True,True,False,41.71259739360933,0.0011731990838459614,50,500,43,full
0.001,9,-1.193015200121496,64,True,True,True,False,54.90714678004039,0.0017179172304108078,50,500,43,full
0.0001,0,-1.1930152015201576,73,True,True,True,False,54.90729126872813,0.0017179286759629814,50,500,43,full
0.0001,1,-1.1930152025508416,66,True,True,True,False,54.907395138018686,0.00171793690502661,50,500,43,full
0.0001,2,-1.193015202178467,67,True,True,True,False,54.90735784744156,0.0017179339502935952,50,500,43,full
0.0001,3,-1.1930151999783725,66,True,True,True,False,54.90713175544588,0.0017179160404565447,50,500,43,full
0.0001,4,-1.1787387767839268,75,True,True,True,False,41.73130954370022,0.0011737801465157808,50,500,43,full
0.0001,5,-1.1930152001508711,65,True,True,True,False,54.907149806261316,0.0017179174682358336,50,500,43,full
0.0001,6,-1.193015200043018,68,True,True,True,False,54.90713851010074,0.0017179165740684773,50,500,43,full
0.0001,7,-1.193015202422843,65,True,True,True,False,54.9073823689497,0.0017179358938898897,50,500,43,full
0.0001,8,-1.1787387187030216,84,True,True,True,True,41.71260385811074,0.0011731992846543723,50,500,43,full
0.0001,9,-1.1930152001315155,64,True,True,True,False,54.907147830600984,0.0017179173136396143,50,500,43,full
0.01,0,-1.173963174449242,70,True,True,True,False,54.69631886991904,0.0016849238410467646,50,500,44,full
0.01,1,-1.1739631737555536,69,True,True,True,False,54.696254321283234,0.0016849180511048303,50,500,44,full
0.01,2,-1.1739631739801213,66,True,True,True,False,54.69627531288476,0.0016849199335312527,50,500,44,full
0.01,3,-1.1739631757727889,75,True,True,True,False,54.696439560327455,0.0016849346707268659,50,500,44,full
0.01,4,-1.1739631736661733,70,True,True,True,False,54.69624589000539,0.0016849172925539027,50,500,44,full
0.01,5,-1.173963174400362,59,True,True,True,False,54.69631459950817,0.0016849234703664707,50,500,44,full
0.01,6,-1.17396317423673,63,True,True,True,False,54.69629920346666,0.0016849220773468984,50,500,44,full
0.01,7,-1.1587099294604202,118,True,True,True,True,41.47093626376579,0.0011509035638261065,50,500,44,full
0.01,8,-1.1739631738360952,52,True,True,True,False,54.69626851771239,0.0016849196618629343,50,500,44,full
0.01,9,-1.173963175457139,66,True,True,True,False,54.69641104500596,0.0016849321108121321,50,500,44,full
0.001,0,-1.1739631744255503,70,True,True,True,False,54.69631667987533,0.001684923644545543,50,500,44,full
0.001,1,-1.1739631741845797,69,True,True,True,False,54.6962943604092,0.0016849216428601011,50,500,44,full
0.001,2,-1.1739631738345706,66,True,True,True,False,54.69626170551208,0.0016849187125898154,50,500,44,full
0.001,3,-1.173963175733003,75,True,True,True,False,54.69643597941734,0.001684934349414678,50,500,44,full
0.001,4,-1.1739631735258036,70,True,True,True,False,54.69623268068432,0.0016849161073862568,50,500,44,full
0.001,5,-1.1739631749433779,59,True,True,True,False,54.696364552042475,0.0016849279521855482,50,500,44,full
0.001,6,-1.1739631741962382,63,True,True,True,False,54.696295442587065,0.0016849217399049128,50,500,44,full
0.001,7,-1.158709929608759,118,True,True,True,False,41.47095599439771,0.001150904151240278,50,500,44,full
0.001,8,-1.1739631752988184,48,True,True,True,False,54.69642390908752,0.0016849346183976134,50,500,44,full
0.001,9,-1.1739631754272963,66,True,True,True,False,54.696408342158584,0.0016849318682970104,50,500,44,full
0.0001,0,-1.1739631744230439,70,True,True,True,False,54.69631644819713,0.0016849236237585202,50,500,44,full
0.0001,1,-1.1739631741908525,69,True,True,True,False,54.69629494206166,0.0016849216950049137,50,500,44,full
0.0001,2,-1.1739631738186935,66,True,True,True,False,54.69626021915007,0.001684918579223677,50,500,44,full
0.0001,3,-1.1739631757287976,75,True,True,True,False,54.69643560099512,0.001684934315459321,50,500,44,full
0.0001,4,-1.1739631735114766,70,True,True,True,False,54.6962313298451,0.0016849159861869094,50,500,44,full
0.0001,5,-1.173963174998533,59,True,True,True,False,54.69636959510815,0.0016849284046583216,50,500,44,full
0.0001,6,-1.1739631741922187,63,True,True,True,False,54.69629506894517,0.0016849217063788283,50,500,44,full
0.0001,7,-1.1587099296257657,118,True,True,True,False,41.47095825466334,0.001150904218532778,50,500,44,full
0.0001,8,-1.1739631738131477,48,True,True,True,False,54.69628639020621,0.0016849222930338966,50,500,44,full
0.0001,9,-1.173963175424701,66,True,True,True,False,54.696408107384116,0.0016849318472321204,50,500,44,full
0.01,0,-1.1880876415657595,87,True,True,True,False,42.12992620717184,0.0011544364991680862,50,500,45,full
0.01,1,-1.2025850972324332,68,True,True,True,False,55.74790896572937,0.001673740004167968,50,500,45,full
0.01,2,-1.2025850965971743,73,True,True,True,False,55.74784677007927,0.0016737349861247067,50,500,45,full
0.01,3,-1.2025850961997349,68,True,True,True,False,55.747807456714355,0.001673731813951728,50,500,45,full
0.01,4,-1.202585095268531,68,True,True,True,False,55.747714117111876,0.00167372428293846,50,500,45,full
0.01,5,-1.20258509710942,69,True,True,True,False,55.747896983937224,0.001673739037544167,50,500,45,full
0.01,6,-1.1880875910616504,80,True,True,True,False,42.11278159475757,0.0011539376927435408,50,500,45,full
0.01,7,-1.2025850968953233,65,True,True,True,False,55.74787607848982,0.0016737373518517162,50,500,45,full
0.01,8,-1.2025850962819127,66,True,True,True,False,55.74781561137116,0.0016737324719747098,50,500,45,full
0.01,9,-1.2025850962727307,68,True,True,True,False,55.74781470512753,0.0016737323990577014,50,500,45,full
0.001,0,-1.1880876412787158,87,True,True,True,False,42.1298856430952,0.0011544353194595468,50,500,45,full
0.001,1,-1.202585097360131,68,True,True,True,False,55.74792137747292,0.001673741005626955,50,500,45,full
0.001,2,-1.2025850965813383,73,True,True,True,False,55.747845209105016,0.0016737348601761051,50,500,45,full
0.001,3,-1.2025850963735436,68,True,True,True,False,55.74782468517941,0.0016737332040207317,50,500,45,full
0.001,4,-1.2025850952179125,68,True,True,True,False,55.747708992348684,0.0016737238694555837,50,500,45,full
0.001,5,-1.2025850969461676,69,True,True,True,False,55.74788103349199,0.0016737377505561808,50,500,45,full
0.001,6,-1.1880875909912807,80,True,True,True,False,42.11284112368446,0.0011539394253695927,50,500,45,full
0.001,7,-1.20258509698932,65,True,True,True,False,55.74788527707617,0.001673738094026057,50,500,45,full
0.001,8,-1.2025850962083058,66,True,True,True,False,55.74780830852895,0.0016737318827412563,50,500,45,full
0.001,9,-1.2025850962332876,68,True,True,True,False,55.74781079258557,0.0016737320833718993,50,500,45,full
0.0001,0,-1.188087641249168,87,True,True,True,False,42.129881462319474,0.0011544351978712846,50,500,45,full
0.0001,1,-1.2025850973705883,68,True,True,True,False,55.747922392620815,0.0016737410875356142,50,500,45,full
0.0001,2,-1.2025850965797358,73,True,True,True,False,55.747845051674965,0.0016737348474734318,50,500,45,full
0.0001,3,-1.2025850963915568,68,True,True,True,False,55.747826467857465,0.0016737333478550997,50,500,45,full
0.0001,4,-1.2025850952127846,68,True,True,True,False,55.7477084731787,0.0016737238275678383,50,500,45,full
0.0001,5,-1.2025850969294747,69,True,True,True,False,55.747879399210106,0.001673737618691884,50,500,45,full
0.0001,6,-1.188087590984115,80,True,True,True,True,42.11284726996431,0.0011539396042597625,50,500,45,full
0.0001,7,-1.2025850969990868,65,True,True,True,False,55.74788623171398,0.001673738171050679,50,500,45,full
0.0001,8,-1.202585096201055,66,True,True,True,False,55.74780758828001,0.001673731824627441,50,500,45,full
0.0001,9,-1.202585096229277,68,True,True,True,False,55.74781039439601,0.001673732051243641,50,500,45,full
0.01,0,-1.202153231574782,64,True,True,True,False,55.63751661954556,0.0016298458497341862,50,500,46,full
0.01,1,-1.2021532303428892,73,True,True,True,False,55.63738796585582,0.001629836033307833,50,500,46,full
0.01,2,-1.2021532315119483,68,True,True,True,False,55.63751010707515,0.0016298453513989499,50,500,46,full
0.01,3,-1.202153230460232,65,True,True,True,False,55.63740036781643,0.001629836979448636,50,500,46,full
0.01,4,-1.2021532320180754,64,True,True,True,False,55.637562047007606,0.0016298493146494225,50,500,46,full
0.01,5,-1.2021532313065977,53,True,True,True,False,55.637490791583915,0.0016298439640231822,50,500,46,full
0.01,6,-1.2021532323954616,62,True,True,True,False,55.63760046470384,0.0016298522483129097,50,500,46,full
0.01,7,-1.2021532322139843,64,True,True,True,False,55.6375820095668,0.0016298508381943435,50,500,46,full
0.01,8,-1.190634916468197,76,True,True,True,False,42.07196882202762,0.0011406946318737595,50,500,46,full
0.01,9,-1.1906349713651867,130,True,True,True,False,42.090725018989794,0.0011412112116430128,50,500,46,full
0.001,0,-1.2021532314493575,64,True,True,True,False,55.637503678222224,0.0016298448622746845,50,500,46,full
0.001,1,-1.2021532303358649,73,True,True,True,False,55.637387221600655,0.001629835976525873,50,500,46,full
0.001,2,-1.2021532313546777,68,True,True,True,False,55.637493854805754,0.0016298441113786835,50,500,46,full
0.001,3,-1.2021532304634324,65,True,True,True,False,55.637400706263605,0.0016298370052655786,50,500,46,full
0.001,4,-1.2021532318947947,64,True,True,True,False,55.637549448948405,0.0016298483534324059,50,500,46,full
0.001,5,-1.2021532320769936,53,True,True,True,False,55.63756998493991,0.0016298500059114106,50,500,46,full
0.001,6,-1.202153231589165,58,True,True,True,False,55.637518209573784,0.0016298459759998512,50,500,46,full
0.001,7,-1.2021532321208526,64,True,True,True,False,55.63757253467218,0.0016298501152488445,50,500,46,full
0.001,8,-1.1906349176708784,58,True,True,True,False,42.071262237971666,0.0011406754570446927,50,500,46,full
0.001,9,-1.1906349704878283,127,True,True,True,False,42.09060386537793,0.0011412078755777052,50,500,46,full
0.0001,0,-1.2021532314357515,64,True,True,True,False,55.63750227243234,0.001629844755010262,50,500,46,full
0.0001,1,-1.2021532303350826,73,True,True,True,False,55.637387138952924,0.001629835970220873,50,500,46,full
0.0001,2,-1.2021532313386112,68,True,True,True,False,55.637492191683165,0.0016298439844845902,50,500,46,full
0.0001,3,-1.2021532304637887,65,True,True,True,False,55.637400743590675,0.0016298370081120582,50,500,46,full
0.0001,4,-1.2021532318826822,64,True,True,True,False,55.63754820894695,0.0016298482588210225,50,500,46,full
0.0001,5,-1.2021532321578163,53,True,True,True,False,55.637578217656404,0.00162985063401872,50,500,46,full
0.0001,6,-1.202153232199469,58,True,True,True,False,55.63758064996929,0.0016298507396016258,50,500,46,full
0.0001,7,-1.202153232111628,64,True,True,True,False,55.6375715944542,0.0016298500435083805,50,500,46,full
0.0001,8,-1.1906349161040595,55,True,True,True,True,42.072422087922554,0.0011407079661089443,50,500,46,full
0.0001,9,-1.1906349728175416,126,True,True,True,False,42.09092354412309,0.0011412166781759037,50,500,46,full
0.01,0,-1.214451163823022,45,True,True,True,True,42.27349003420252,0.0011518475403927727,50,500,47,full
0.01,1,-1.2261928065180654,72,True,True,True,False,55.6170044473875,0.0016750395800749645,50,500,47,full
0.01,2,-1.2261928087063692,66,True,True,True,False,55.617269839303916,0.0016750581919591169,50,500,47,full
0.01,3,-1.2261928064075553,67,True,True,True,False,55.61699069249833,0.0016750386146150858,50,500,47,full
0.01,4,-1.2261928069776136,70,True,True,True,False,55.61706114953045,0.001675043555746151,50,500,47,full
0.01,5,-1.226192806439596,59,True,True,True,False,55.61699482661376,0.00167503890936852,50,500,47,full
0.01,6,-1.2261928084782714,63,True,True,True,False,55.61724271445513,0.0016750562895060464,50,500,47,full
0.01,7,-1.226192807617561,68,True,True,True,False,55.617139205270995,0.0016750490285025856,50,500,47,full
0.01,8,-1.2261928061778253,72,True,True,True,False,55.61696203716929,0.0016750366044970106,50,500,47,full
0.01,9,-1.226192807066378,53,True,True,True,False,55.617083871104704,0.0016750455260265752,50,500,47,full
0.001,0,-1.214451175216198,46,True,True,True,False,42.27635596603893,0.0011519237028303753,50,500,47,full
0.001,1,-1.2261928083148688,71,True,True,True,False,55.617223245215726,0.0016750549250298475,50,500,47,full
0.001,2,-1.226192808738175,66,True,True,True,False,55.61727361132583,0.0016750584565003348,50,500,47,full
0.001,3,-1.2261928062681025,67,True,True,True,False,55.616973324450846,0.0016750373965689076,50,500,47,full
0.001,4,-1.2261928068948555,70,True,True,True,False,55.61705097320392,0.0016750428420629702,50,500,47,full
0.001,5,-1.2261928062767675,60,True,True,True,False,55.6169744574102,0.0016750374777304126,50,500,47,full
0.001,6,-1.2261928084005644,63,True,True,True,False,55.61723344695884,0.0016750556395512995,50,500,47,full
0.001,7,-1.2261928076468804,68,True,True,True,False,55.61714275945875,0.0016750492777553522,50,500,47,full
0.001,8,-1.2261928087151162,71,True,True,True,False,55.617270847865676,0.0016750582618375162,50,500,47,full
0.001,9,-1.2261928061289504,45,True,True,True,False,55.617110513657906,0.0016750524526106393,50,500,47,full
0.0001,0,-1.2144511767628887,46,True,True,True,False,42.27666359989204,0.0011519328176837261,50,500,47,full
0.0001,1,-1.2261928082231737,71,True,True,True,False,55.617212272458126,0.0016750541554814906,50,500,47,full
0.0001,2,-1.2261928087414706,66,True,True,True,False,55.61727400189986,0.0016750584838906598,50,500,47,full
0.0001,3,-1.2261928062538183,67,True,True,True,False,55.616971542632704,0.0016750372716067608,50,500,47,full
0.0001,4,-1.2261928068861558,70,True,True,True,False,55.617049901651846,0.0016750427669127539,50,500,47,full
0.0001,5,-1.2261928063869842,60,True,True,True,False,55.61698818424079,0.0016750384403236558,50,500,47,full
0.0001,6,-1.2261928083929117,63,True,True,True,False,55.61723253356184,0.0016750555754941388,50,500,47,full
0.0001,7,-1.2261928076500275,68,True,True,True,False,55.61714314063561,0.0016750493044884367,50,500,47,full
0.0001,8,-1.2261928086970504,71,True,True,True,False,55.61726870491393,0.0016750581115497819,50,500,47,full
0.0001,9,-1.2261928043911907,44,True,True,True,False,55.61693323027142,0.0016750421736456728,50,500,47,full
0.01,0,-1.2287932908840604,52,True,True,True,False,55.25550842463781,0.0016692369379662738,50,500,48,full
0.01,1,-1.2287932900839424,64,True,True,True,False,55.25542064422238,0.0016692297065363467,50,500,48,full
0.01,2,-1.2287932903887275,71,True,True,True,False,55.25545365359108,0.001669232397136444,50,500,48,full
0.01,3,-1.2173314686499452,120,True,True,True,False,41.76734933126393,0.0011430763802263643,50,500,48,full
0.01,4,-1.2287932892404212,68,True,True,True,False,55.25532821289374,0.001669222172325364,50,500,48,full
0.01,5,-1.2287932909129777,71,True,True,True,False,55.25550997064998,0.0016692369877284432,50,500,48,full
0.01,6,-1.217331412962179,78,True,True,True,False,41.74828424205071,0.0011425244853849727,50,500,48,full
0.01,7,-1.2287932915376236,72,True,True,True,False,55.255576314303795,0.0016692423952576585,50,500,48,full
0.01,8,-1.228793290369778,72,True,True,True,False,55.255451608483675,0.0016692322305239067,50,500,48,full
0.01,9,-1.2287932909578445,71,True,True,True,False,55.25551476442293,0.0016692373785434072,50,500,48,full
0.001,0,-1.22879329123057,53,True,True,True,False,55.25554485992538,0.001669239883292966,50,500,48,full
0.001,1,-1.2287932901388028,64,True,True,True,False,55.25542660064069,0.001669230192054141,50,500,48,full
0.001,2,-1.2287932903320695,71,True,True,True,False,55.25544753186509,0.0016692318981432015,50,500,48,full
0.001,3,-1.2173314685512833,120,True,True,True,False,41.76733619034027,0.0011430759999390902,50,500,48,full
0.001,4,-1.2287932892507258,68,True,True,True,False,55.255329351851486,0.0016692222651633643,50,500,48,full
0.001,5,-1.2287932908387602,71,True,True,True,False,55.255502032913796,0.0016692363406990798,50,500,48,full
0.001,6,-1.2173314128669512,61,True,True,True,False,41.74835962751387,0.0011425267669280938,50,500,48,full
0.001,7,-1.2287932913607762,72,True,True,True,False,55.25555760960735,0.0016692408705866594,50,500,48,full
0.001,8,-1.2287932902972347,72,True,True,True,False,55.25544376749915,0.0016692315913955098,50,500,48,full
0.001,9,-1.22879329146378,71,True,True,True,False,55.25556852202694,0.0016692417604918255,50,500,48,full
0.0001,0,-1.228793291515593,53,True,True,True,False,55.25557504923667,0.0016692423438250418,50,500,48,full
0.0001,1,-1.2287932901440688,64,True,True,True,False,55.25542717286766,0.0016692302386976622,50,500,48,full
0.0001,2,-1.2287932903262098,71,True,True,True,False,55.255446899080674,0.0016692318465634794,50,500,48,full
0.0001,3,-1.2173314685447694,120,True,True,True,False,41.767335322279045,0.001143075974817555,50,500,48,full
0.0001,4,-1.2287932892518134,68,True,True,True,False,55.25532947200021,0.0016692222749569907,50,500,48,full
0.0001,5,-1.2287932908313082,71,True,True,True,False,55.255501235264035,0.0016692362756812718,50,500,48,full
0.0001,6,-1.2173314122426737,58,True,True,True,True,41.74880387777968,0.0011425398235482742,50,500,48,full
0.0001,7,-1.228793291342603,72,True,True,True,False,55.255555684315325,0.0016692407136505148,50,500,48,full
0.0001,8,-1.2287932902895615,72,True,True,True,False,55.255442937292926,0.0016692315237243599,50,500,48,full
0.0001,9,-1.2287932915128554,71,True,True,True,False,55.25557370853698,0.0016692421832617387,50,500,48,full
0.01,0,-1.2577387076667215,69,True,True,True,False,55.76663543063562,0.0016950768241560815,50,500,49,full
0.01,1,-1.2577387079481321,69,True,True,True,False,55.76666682239762,0.001695079341225536,50,500,49,full
0.01,2,-1.2577386856405897,86,True,True,True,False,55.75959047427729,0.0016945122292482656,50,500,49,full
0.01,3,-1.2577387095143564,62,True,True,True,False,55.76683838157754,0.0016950930992550158,50,500,49,full
0.01,4,-1.2577387073396447,65,True,True,True,False,55.76659871583987,0.0016950738805296484,50,500,49,full
0.01,5,-1.2577387074690476,70,True,True,True,False,55.76661327221868,0.0016950750476944219,50,500,49,full
0.01,6,-1.2577387073275783,72,True,True,True,False,55.76659735099906,0.0016950737707854917,50,500,49,full
0.01,7,-1.2577387086087877,76,True,True,True,False,55.76673980207255,0.0016950851917979684,50,500,49,full
0.01,8,-1.2577387084631666,69,True,True,True,False,55.766723812018654,0.0016950839104872444,50,500,49,full
0.01,9,-1.2577387086475522,67,True,True,True,False,55.76674404091099,0.0016950855308693889,50,500,49,full
0.001,0,-1.2577387076487543,69,True,True,True,False,55.76663341951524,0.0016950766629056713,50,500,49,full
0.001,1,-1.2577387077936877,69,True,True,True,False,55.766649616569424,0.0016950779616824554,50,500,49,full
0.001,2,-1.257738685607257,86,True,True,True,False,55.759602874492764,0.0016945132225744482,50,500,49,full
0.001,3,-1.2577387096004589,62,True,True,True,False,55.766847658993605,0.0016950938430753011,50,500,49,full
0.001,4,-1.2577387072717188,65,True,True,True,False,55.766591059337514,0.0016950732666416695,50,500,49,full
0.001,5,-1.257738708851964,67,True,True,True,False,55.76676645497305,0.0016950873302638198,50,500,49,full
0.001,6,-1.2577387071722452,72,True,True,True,False,55.76657982162233,0.0016950723653142063,50,500,49,full
0.001,7,-1.257738708669959,76,True,True,True,False,55.76674651243145,0.001695085729827964,50,500,49,full
0.001,8,-1.2577387083133584,69,True,True,True,False,55.76670729561907,0.0016950825862022544,50,500,49,full
0.001,9,-1.2577387086029022,67,True,True,True,False,55.766739141548264,0.0016950851380516257,50,500,49,full
0.0001,0,-1.2577387076468471,69,True,True,True,False,55.76663320646627,0.0016950766458235886,50,500,49,full
0.0001,1,-1.257738707771333,69,True,True,True,False,55.76664712177181,0.001695077761653413,50,500,49,full
0.0001,2,-1.2577386856015023,86,True,True,True,True,55.75960502405879,0.0016945133947653915,50,500,49,full
0.0001,3,-1.2577387096096202,62,True,True,True,False,55.76684864505464,0.0016950939221336053,50,500,49,full
0.0001,4,-1.2577387072647686,65,True,True,True,False,55.766590274904395,0.0016950732037450632,50,500,49,full
0.0001,5,-1.2577387074288724,70,True,True,True,False,55.76660875741448,0.0016950746857002368,50,500,49,full
0.0001,6,-1.2577387071563007,72,True,True,True,False,55.7665780188544,0.0016950722207714002,50,500,49,full
0.0001,7,-1.2577387086762981,76,True,True,True,False,55.76674720661618,0.0016950857854891377,50,500,49,full
0.0001,8,-1.2577387082979865,69,True,True,True,False,55.76670559776163,0.0016950824500679296,50,500,49,full
0.0001,9,-1.2577387085982779,67,True,True,True,False,55.76673863372334,0.001695085097335341,50,500,49,full
0.01,0,-1.2422292523592475,63,True,True,True,False,55.93433679049045,0.0016418589532267093,50,500,50,full
0.01,1,-1.2337047352326937,82,True,True,True,False,42.77215899535078,0.0011157457718494847,50,500,50,full
0.01,2,-1.2422292534513562,60,True,True,True,False,55.93443504114635,0.0016418684400212027,50,500,50,full
0.01,3,-1.242229251581972,63,True,True,True,False,55.934265504008295,0.0016418520743833665,50,500,50,full
0.01,4,-1.2337047350595367,79,True,True,True,False,42.77227140275141,0.001115749109236062,50,500,50,full
0.01,5,-1.242229252605048,68,True,True,True,False,55.934359096287245,0.001641861106684415,50,500,50,full
0.01,6,-1.2422292297432977,59,True,True,True,False,55.92929195906525,0.0016413723824727454,50,500,50,full
0.01,7,-1.2422292517045743,67,True,True,True,False,55.934276829793056,0.001641853167345343,50,500,50,full
0.01,8,-1.2422292524921326,64,True,True,True,False,55.934348886023486,0.001641860123321911,50,500,50,full
0.01,9,-1.2337047348849606,80,True,True,True,False,42.77238910983623,0.0011157526039670582,50,500,50,full
0.001,0,-1.2422292528979517,63,True,True,True,False,55.93438551020868,0.0016418636550002135,50,500,50,full
0.001,1,-1.2337047351355526,82,True,True,True,False,42.77222154904111,0.0011157476290774278,50,500,50,full
0.001,2,-1.2422292533345944,61,True,True,True,False,55.93442461832582,0.0016418674310534353,50,500,50,full
0.001,3,-1.242229251485527,63,True,True,True,False,55.934256573385085,0.0016418512125103808,50,500,50,full
0.001,4,-1.2337047348579826,79,True,True,True,False,42.772407723034476,0.001115753156586678,50,500,50,full
0.001,5,-1.242229252562463,68,True,True,True,False,55.93435524191949,0.0016418607347110723,50,500,50,full
0.001,6,-1.2422292298717077,59,True,True,True,False,55.92923143429077,0.0016413665477378093,50,500,50,full
0.001,7,-1.242229251615906,67,True,True,True,False,55.93426864204859,0.0016418523771639375,50,500,50,full
0.001,8,-1.2422292525360843,64,True,True,True,False,55.93435287050204,0.0016418605078359566,50,500,50,full
0.001,9,-1.2337047356687574,79,True,True,True,False,42.77189227570113,0.0011157378528663588,50,500,50,full
0.0001,0,-1.2422292529581183,63,True,True,True,False,55.9343909186987,0.0016418641769591167,50,500,50,full
0.0001,1,-1.2337047351256643,82,True,True,True,False,42.77222798664423,0.0011157478202111508,50,500,50,full
0.0001,2,-1.2422292533286348,61,True,True,True,False,55.934424086876454,0.0016418673797624981,50,500,50,full
0.0001,3,-1.2422292514759379,63,True,True,True,False,55.93425568412324,0.0016418511266907156,50,500,50,full
0.0001,4,-1.2337047348372692,79,True,True,True,True,42.77242209624504,0.001115753583326465,50,500,50,full
0.0001,5,-1.242229252557848,68,True,True,True,False,55.93435482395222,0.0016418606943745743,50,500,50,full
0.0001,6,-1.2422292298869062,59,True,True,True,False,55.929224557536294,0.0016413658848084714,50,500,50,full
0.0001,7,-1.2422292516068199,67,True,True,True,False,55.934267801860294,0.0016418522960807904,50,500,50,full
0.0001,8,-1.2422292525406213,64,True,True,True,False,55.9343532808467,0.001641860547434419,50,500,50,full
0.0001,9,-1.2337047355453108,79,True,True,True,False,42.771965618852924,0.001115740030454055,50,500,50,full
0.01,0,-1.2607990870654506,75,True,True,True,False,41.448367189317956,0.0011705012504351275,50,500,51,full
0.01,1,-1.2655967017145426,54,True,True,True,False,53.988235821500645,0.0017189655614484112,50,500,51,full
0.01,2,-1.2655967034054167,59,True,True,True,False,53.98843600888697,0.0017189811550180525,50,500,51,full
0.01,3,-1.2655967041052998,61,True,True,True,False,53.988516893237254,0.0017189874626457027,50,500,51,full
0.01,4,-1.265596701967939,66,True,True,True,False,53.98826591808289,0.0017189678915107076,50,500,51,full
0.01,5,-1.2607990865484497,97,True,True,True,False,41.44867620535191,0.001170511418496488,50,500,51,full
0.01,6,-1.2655967032327824,64,True,True,True,False,53.98841587793602,0.0017189795855029667,50,500,51,full
0.01,7,-1.2655967019670233,62,True,True,True,False,53.98826573111718,0.0017189678742046675,50,500,51,full
0.01,8,-1.2655967031744302,63,True,True,True,False,53.98840894800577,0.0017189790415736601,50,500,51,full
0.01,9,-1.2655967018756646,69,True,True,True,False,53.98825488293505,0.0017189670331457282,50,500,51,full
0.001,0,-1.2607990880001403,75,True,True,True,False,41.44786442275194,0.0011704847059537996,50,500,51,full
0.001,1,-1.2655967019567735,54,True,True,True,False,53.98826501856588,0.00171896783709459,50,500,51,full
0.001,2,-1.2655967033226765,59,True,True,True,False,53.98842637019583,0.0017189804035477323,50,500,51,full
0.001,3,-1.2655967040833909,61,True,True,True,False,53.988514381182185,0.0017189872667885435,50,500,51,full
0.001,4,-1.2655967018907432,66,True,True,True,False,53.98825662969777,0.001718967167400294,50,500,51,full
0.001,5,-1.260799086180379,97,True,True,True,False,41.448914110487166,0.0011705192468756443,50,500,51,full
0.001,6,-1.265596703297846,64,True,True,True,False,53.988423471944586,0.0017189801775149287,50,500,51,full
0.001,7,-1.265596701851098,62,True,True,True,False,53.98825177695177,0.0017189667863719545,50,500,51,full
0.001,8,-1.265596703110011,63,True,True,True,False,53.988401410099705,0.0017189784539932706,50,500,51,full
0.001,9,-1.2655967019702707,69,True,True,True,False,53.98826626992275,0.0017189679209328854,50,500,51,full
0.0001,0,-1.2607990860459628,76,True,True,True,True,41.4490055074982,0.0011705222546083598,50,500,51,full
0.0001,1,-1.265596701980058,54,True,True,True,False,53.98826781638743,0.001718968055159722,50,500,51,full
0.0001,2,-1.2655967033144835,59,True,True,True,False,53.98842541448054,0.0017189803290369107,50,500,51,full
0.0001,3,-1.265596704081089,61,True,True,True,False,53.988514117747975,0.0017189872462491929,50,500,51,full
0.0001,4,-1.2655967018827512,66,True,True,True,False,53.98825566775964,0.001718967092408981,50,500,51,full
0.0001,5,-1.2607990861443163,97,True,True,True,False,41.44893836462515,0.0011705200449627024,50,500,51,full
0.0001,6,-1.265596703304395,64,True,True,True,False,53.98842423658405,0.0017189802371249253,50,500,51,full
0.0001,7,-1.2655967018393723,62,True,True,True,False,53.98825036379261,0.0017189666762052018,50,500,51,full
0.0001,8,-1.2655967031034652,63,True,True,True,False,53.98840064389503,0.0017189783942675753,50,500,51,full
0.0001,9,-1.2655967019798762,69,True,True,True,False,53.988267424043805,0.0017189680109136775,50,500,51,full
0.01,0,-1.28194053523977,76,True,True,True,False,51.85429059872023,0.001988375821418013,5,1000,42,full
0.01,1,-1.2861648120911957,69,True,True,True,False,42.89760117547831,0.0011155711897006257,5,1000,42,full
0.01,2,-1.2819402369201776,57,True,True,True,True,51.840195961056615,0.0019865297955746187,5,1000,42,full
0.01,3,-1.281940539212834,61,True,True,True,False,51.8543986156704,0.0019883900596535556,5,1000,42,full
0.01,4,-1.2819405382523232,63,True,True,True,False,51.85437259752017,0.0019883866422402497,5,1000,42,full
0.01,5,-1.281940531273685,80,True,True,True,False,51.85418232310722,0.0019883616317333467,5,1000,42,full
0.01,6,-1.2819405353196973,63,True,True,True,False,51.85429283422457,0.0019883761364106875,5,1000,42,full
0.01,7,-1.2819405374656898,66,True,True,True,False,51.85435111984683,0.0019883837714384043,5,1000,42,full
0.01,8,-1.2819405420213625,73,True,True,True,False,51.854474170950894,0.0019883998799835514,5,1000,42,full
0.01,9,-1.2861648087904707,67,True,True,True,False,42.896149458347764,0.001115483081185281,5,1000,42,full
0.001,0,-1.2819405314539385,76,True,True,True,False,51.85418726005418,0.0019883622790540776,5,1000,42,full
0.001,1,-1.2861648081175396,68,True,True,True,False,42.894489793751674,0.0011153843700354266,5,1000,42,full
0.001,2,-1.2819402409411027,57,True,True,True,False,51.84087048405125,0.001986618101593861,5,1000,42,full
0.001,3,-1.2819405390530305,61,True,True,True,False,51.854394291650365,0.0019883894923396904,5,1000,42,full
0.001,4,-1.281940538086263,63,True,True,True,False,51.8543680996518,0.001988386052976703,5,1000,42,full
0.001,5,-1.2819405317430397,80,True,True,True,False,51.85419517259884,0.001988363315634494,5,1000,42,full
0.001,6,-1.281940537284684,63,True,True,True,False,51.854346220594515,0.0019883831329427235,5,1000,42,full
0.001,7,-1.2819405388899006,66,True,True,True,False,51.85438969746907,0.0019883888266086966,5,1000,42,full
0.001,8,-1.2819405437216598,73,True,True,True,False,51.854519886740945,0.0019884058696294496,5,1000,42,full
0.001,9,-1.2861648080354184,67,True,True,True,False,42.89548113601569,0.0011154428764471485,5,1000,42,full
0.0001,0,-1.2819405439378753,75,True,True,True,False,51.85452568240892,0.00198840662591639,5,1000,42,full
0.0001,1,-1.2861648081162942,68,True,True,True,False,42.89451473159307,0.0011153858675522737,5,1000,42,full
0.0001,2,-1.2819402413980805,57,True,True,True,False,51.840937494412266,0.0019866268743410007,5,1000,42,full
0.0001,3,-1.2819405390366547,61,True,True,True,False,51.85439384860751,0.0019883894342122353,5,1000,42,full
0.0001,4,-1.2819405380753124,63,True,True,True,False,51.854367802970984,0.0019883860141145567,5,1000,42,full
0.0001,5,-1.281940531785866,80,True,True,True,False,51.85419634455438,0.001988363469215368,5,1000,42,full
0.0001,6,-1.2819405374792066,63,True,True,True,False,51.85435149621262,0.001988383824322681,5,1000,42,full
0.0001,7,-1.281940539039798,66,True,True,True,False,51.854393752520565,0.0019883893579696063,5,1000,42,full
0.0001,8,-1.2819405439006544,73,True,True,True,False,51.854524692470314,0.001988406499258009,5,1000,42,full
0.0001,9,-1.286164807978009,67,True,True,True,False,42.895409940495924,0.0011154385942956232,5,1000,42,full
0.01,0,-1.2414928951123558,90,True,True,True,False,41.14845739206346,0.0013426614840021077,5,1000,43,full
0.01,1,-1.2390846483409945,62,True,True,True,False,51.530303886135194,0.001988117285982115,5,1000,43,full
0.01,2,-1.2414928958105167,88,True,True,True,False,41.14821147797905,0.0013426456203177416,5,1000,43,full
0.01,3,-1.2390846482834694,56,True,True,True,False,51.5303010948484,0.0019881171614337632,5,1000,43,full
0.01,4,-1.2414938095462131,109,True,True,True,False,41.18925451353294,0.0013453007390805331,5,1000,43,full
0.01,5,-1.2390846498003183,58,True,True,True,False,51.53037513962336,0.0019881204676127744,5,1000,43,full
0.01,6,-1.239084654125779,58,True,True,True,False,51.530585392686895,0.0019881298550924443,5,1000,43,full
0.01,7,-1.2390846508744047,56,True,True,True,False,51.530427503559736,0.0019881228059057685,5,1000,43,full
0.01,8,-1.239084652893612,59,True,True,True,False,51.5305254921548,0.0019881271794388107,5,1000,43,full
0.01,9,-1.2390846486149762,58,True,True,True,False,51.53031734112579,0.0019881178873706502,5,1000,43,full
0.001,0,-1.2414928951847803,90,True,True,True,False,41.1484306170444,0.001342659756761913,5,1000,43,full
0.001,1,-1.2390846481208755,62,True,True,True,False,51.53029313532593,0.001988116806008674,5,1000,43,full
0.001,2,-1.241492896432194,88,True,True,True,False,41.148011737307606,0.001342632735767021,5,1000,43,full
0.001,3,-1.2390846477487216,56,True,True,True,False,51.53027496796612,0.001988115995004629,5,1000,43,full
0.001,4,-1.241493819912266,109,True,True,True,False,41.1894715465008,0.0013453148178022942,5,1000,43,full
0.001,5,-1.2390846499860635,58,True,True,True,False,51.53038418908175,0.0019881208716130906,5,1000,43,full
0.001,6,-1.2390846541409164,58,True,True,True,False,51.53058612538746,0.001988129887801992,5,1000,43,full
0.001,7,-1.2390846511500921,56,True,True,True,False,51.530440913938584,0.0019881234045880814,5,1000,43,full
0.001,8,-1.239084641861514,60,True,True,True,True,51.52998589763003,0.0019881030885368117,5,1000,43,full
0.001,9,-1.2390846485957148,58,True,True,True,False,51.53031640171509,0.0019881178454360183,5,1000,43,full
0.0001,0,-1.2414928951920137,90,True,True,True,False,41.14842796265114,0.001342659585528943,5,1000,43,full
0.0001,1,-1.2390846480984374,62,True,True,True,False,51.53029203857414,0.001988116757044674,5,1000,43,full
0.0001,2,-1.241492896502138,88,True,True,True,False,41.14799020217581,0.0013426313466352775,5,1000,43,full
0.0001,3,-1.2390846476942292,56,True,True,True,False,51.53027230459401,0.001988115876099286,5,1000,43,full
0.0001,4,-1.241493803522054,110,True,True,True,False,41.18912782047958,0.0013452925208008774,5,1000,43,full
0.0001,5,-1.2390846500134234,58,True,True,True,False,51.53038552179148,0.0019881209311104317,5,1000,43,full
0.0001,6,-1.23908465414264,58,True,True,True,False,51.530586208591906,0.0019881298915156807,5,1000,43,full
0.0001,7,-1.2390846511788796,56,True,True,True,False,51.530442314014046,0.0019881234670931828,5,1000,43,full
0.0001,8,-1.2390846421173618,60,True,True,True,False,51.529998508842844,0.0019881036515871442,5,1000,43,full
0.0001,9,-1.2390846485934106,58,True,True,True,False,51.530316289003466,0.0019881178404048275,5,1000,43,full
0.01,0,-1.2897394846911805,48,True,True,True,False,53.10796925642311,0.0019009428955594518,5,1000,44,full
0.01,1,-1.2897394888224474,60,True,True,True,False,53.10818658533454,0.0019009544228271679,5,1000,44,full
0.01,2,-1.2897394889401,54,True,True,True,False,53.108192099055735,0.0019009547151775915,5,1000,44,full
0.01,3,-1.2835108510794726,71,True,True,True,False,42.4920914847909,0.0012609863138322778,5,1000,44,full
0.01,4,-1.28973948952236,47,True,True,True,False,53.10822875507501,0.0019009566603676972,5,1000,44,full
0.01,5,-1.2897394912416247,54,True,True,True,False,53.10831883813,0.0019009614378181078,5,1000,44,full
0.01,6,-1.2897394962032203,52,True,True,True,False,53.10858783170898,0.0019009757037504649,5,1000,44,full
0.01,7,-1.2835107142687607,42,True,True,True,False,42.502346473094704,0.0012614238299191683,5,1000,44,full
0.01,8,-1.2897394867913907,50,True,True,True,False,53.10807379899856,0.0019009484396908419,5,1000,44,full
0.01,9,-1.289739492898851,51,True,True,True,False,53.10840903454318,0.0019009662216421237,5,1000,44,full
0.001,0,-1.2897394860405178,48,True,True,True,False,53.10804337528084,0.0019009468275523753,5,1000,44,full
0.001,1,-1.2897394900974726,60,True,True,True,False,53.10825633070263,0.0019009581223422812,5,1000,44,full
0.001,2,-1.2897394880535868,54,True,True,True,False,53.10814351371183,0.0019009521379543266,5,1000,44,full
0.001,3,-1.2835108519596703,71,True,True,True,False,42.49202954271866,0.0012609838021783585,5,1000,44,full
0.001,4,-1.2897394886375357,47,True,True,True,False,53.10818251637467,0.0019009542080781555,5,1000,44,full
0.001,5,-1.2897394913242688,54,True,True,True,False,53.10832334419234,0.0019009616768179514,5,1000,44,full
0.001,6,-1.2897394961032103,52,True,True,True,False,53.10858242448924,0.0019009754170067257,5,1000,44,full
0.001,7,-1.2835106778265548,41,True,True,True,False,42.50076098210853,0.0012613623469377039,5,1000,44,full
0.001,8,-1.2897394866445424,50,True,True,True,False,53.10806573086856,0.0019009480116867962,5,1000,44,full
0.001,9,-1.2897394924678762,51,True,True,True,False,53.10838556331893,0.0019009649768012848,5,1000,44,full
0.0001,0,-1.2897394861789815,48,True,True,True,False,53.108050972364694,0.001900947230563855,5,1000,44,full
0.0001,1,-1.2897394903073094,60,True,True,True,False,53.10826779989829,0.0019009587306882156,5,1000,44,full
0.0001,2,-1.2897394879607988,54,True,True,True,False,53.10813842515736,0.0019009518680253917,5,1000,44,full
0.0001,3,-1.2835108520519791,71,True,True,True,False,42.49202304904705,0.0012609835388497702,5,1000,44,full
0.0001,4,-1.2897394883862203,47,True,True,True,False,53.1081690338292,0.00190095349295306,5,1000,44,full
0.0001,5,-1.2897394913327433,54,True,True,True,False,53.10832380590976,0.001900961701308255,5,1000,44,full
0.0001,6,-1.2897394960926158,52,True,True,True,False,53.10858185186225,0.001900975386640325,5,1000,44,full
0.0001,7,-1.2835106734745223,41,True,True,True,True,42.500527295357884,0.0012613517975146437,5,1000,44,full
0.0001,8,-1.2897394866300356,50,True,True,True,False,53.10806493314722,0.0019009479693684504,5,1000,44,full
0.0001,9,-1.289739492425293,51,True,True,True,False,53.108383244444155,0.0019009648538156419,5,1000,44,full
0.01,0,-1.3369390526876266,81,True,True,True,False,39.744254569888604,0.0012674890570685308,5,1000,45,full
0.01,1,-1.3396454385647285,109,True,True,True,False,52.34058738348032,0.0018963557663230805,5,1000,45,full
0.01,2,-1.3396454211577955,65,True,True,True,False,52.340300574866944,0.0018963332740818768,5,1000,45,full
0.01,3,-1.3396452683881446,45,True,True,True,False,52.326373857454676,0.0018953171456164825,5,1000,45,full
0.01,4,-1.3396454218067246,63,True,True,True,False,52.3402932222524,0.0018963329287644264,5,1000,45,full
0.01,5,-1.3396454281469452,62,True,True,True,False,52.340488693489604,0.001896347161841045,5,1000,45,full
0.01,6,-1.339645431410845,60,True,True,True,False,52.34050263963496,0.0018963487522335159,5,1000,45,full
0.01,7,-1.339645434251082,63,True,True,True,False,52.34052501459223,0.001896350796260663,5,1000,45,full
0.01,8,-1.3396454322286808,59,True,True,True,False,52.34058342379915,0.0018963542584995844,5,1000,45,full
0.01,9,-1.3396454236416815,60,True,True,True,False,52.34037711577807,0.0018963388517944677,5,1000,45,full
0.001,0,-1.3369390522642255,81,True,True,True,False,39.74424110929381,0.0012674884089245901,5,1000,45,full
0.001,1,-1.3396454332881786,103,True,True,True,False,52.34047296313309,0.0018963471585935815,5,1000,45,full
0.001,2,-1.339645435719057,64,True,True,True,False,52.340658152512944,0.0018963599022584947,5,1000,45,full
0.001,3,-1.3396452687915843,44,True,True,True,False,52.32642780939809,0.0018953209958512153,5,1000,45,full
0.001,4,-1.3396454340973323,62,True,True,True,False,52.34059336528403,0.0018963552918590163,5,1000,45,full
0.001,5,-1.339645427226007,62,True,True,True,False,52.340465746138605,0.001896345455124799,5,1000,45,full
0.001,6,-1.3396454316056194,60,True,True,True,False,52.340507388206696,0.0018963491055017105,5,1000,45,full
0.001,7,-1.3396454336857697,63,True,True,True,False,52.34051272120875,0.0018963498706774259,5,1000,45,full
0.001,8,-1.3396454315634891,59,True,True,True,False,52.3405671765614,0.001896353049286547,5,1000,45,full
0.001,9,-1.339645423067961,60,True,True,True,False,52.340362659659355,0.001896337776250022,5,1000,45,full
0.0001,0,-1.3369390522197508,81,True,True,True,True,39.74423969501616,0.0012674883408240667,5,1000,45,full
0.0001,1,-1.3396454382616498,102,True,True,True,False,52.34058088397365,0.0018963552772068184,5,1000,45,full
0.0001,2,-1.3396454356874543,64,True,True,True,False,52.3406573966614,0.0018963598459521879,5,1000,45,full
0.0001,3,-1.3396452680845046,44,True,True,True,False,52.3265598699974,0.0018953304754218408,5,1000,45,full
0.0001,4,-1.3396454338585306,62,True,True,True,False,52.340588072142474,0.001896354893919579,5,1000,45,full
0.0001,5,-1.3396454271295628,62,True,True,True,False,52.340463339709444,0.001896345276143776,5,1000,45,full
0.0001,6,-1.3396454316251925,60,True,True,True,False,52.34050786745361,0.0018963491411380926,5,1000,45,full
0.0001,7,-1.3396454336144985,63,True,True,True,False,52.34051116787073,0.0018963497537416113,5,1000,45,full
0.0001,8,-1.339645431494979,59,True,True,True,False,52.34056550127137,0.0018963529245999754,5,1000,45,full
0.0001,9,-1.3396454230096901,60,True,True,True,False,52.34036118895713,0.00189633766683353,5,1000,45,full
0.01,0,-1.2321598761558792,65,True,True,True,False,49.57444396120805,0.0018195100625317203,5,1000,46,full
0.01,1,-1.2321598842018462,86,True,True,True,False,49.5749888259254,0.0018195270821059829,5,1000,46,full
0.01,2,-1.232231368863631,55,True,True,True,False,49.845556230161066,0.00182798369437076,5,1000,46,full
0.01,3,-1.2321598858513807,79,True,True,True,False,49.575099964333695,0.0018195305561550749,5,1000,46,full
0.01,4,-1.2321598726608702,82,True,True,True,False,49.57420389001412,0.0018195025543442389,5,1000,46,full
0.01,5,-1.2234597851680653,60,True,True,True,False,38.25152631984946,0.0013355735573173288,5,1000,46,full
0.01,6,-1.2321598819878485,72,True,True,True,False,49.574839864463364,0.0018195224310668706,5,1000,46,full
0.01,7,-1.2321598744519648,77,True,True,True,False,49.574326735558905,0.0018195063934065086,5,1000,46,full
0.01,8,-1.2321598844699728,69,True,True,True,False,49.57500786606826,0.0018195276846408993,5,1000,46,full
0.01,9,-1.2234597798919258,69,True,True,True,True,38.25061510949266,0.0013355002376575877,5,1000,46,full
0.001,0,-1.232159879145998,65,True,True,True,False,49.57464772323873,0.0018195164307612925,5,1000,46,full
0.001,1,-1.2321598840182393,86,True,True,True,False,49.57497644829849,0.0018195266952909022,5,1000,46,full
0.001,2,-1.2322313691498605,55,True,True,True,False,49.845583051489804,0.0018279845747816036,5,1000,46,full
0.001,3,-1.2321598857637617,79,True,True,True,False,49.57509407570401,0.0018195303721395136,5,1000,46,full
0.001,4,-1.2321598719183442,82,True,True,True,False,49.574152835118355,0.001819500958662057,5,1000,46,full
0.001,5,-1.2234597855532157,60,True,True,True,False,38.25158274660538,0.001335577976046357,5,1000,46,full
0.001,6,-1.2321598816858057,72,True,True,True,False,49.57481942573946,0.0018195217923100133,5,1000,46,full
0.001,7,-1.232159873991715,77,True,True,True,False,49.57429519891823,0.0018195054078102035,5,1000,46,full
0.001,8,-1.2321598788030799,69,True,True,True,False,49.57462428656763,0.001819515697191943,5,1000,46,full
0.001,9,-1.2234597800357063,69,True,True,True,False,38.25065137821967,0.0013355030865073397,5,1000,46,full
0.0001,0,-1.2321598794488788,65,True,True,True,False,49.57466830612715,0.0018195170740368774,5,1000,46,full
0.0001,1,-1.2321598839990981,86,True,True,True,False,49.57497515850423,0.0018195266549835235,5,1000,46,full
0.0001,2,-1.2322313691672901,55,True,True,True,False,49.84558470131779,0.0018279846289220864,5,1000,46,full
0.0001,3,-1.2321598857546203,79,True,True,True,False,49.57509346095587,0.0018195303529298372,5,1000,46,full
0.0001,4,-1.2321598718409477,82,True,True,True,False,49.574147510437626,0.0018195007922425716,5,1000,46,full
0.0001,5,-1.2234597855937128,60,True,True,True,False,38.25158859535563,0.0013355784340333453,5,1000,46,full
0.0001,6,-1.232159881655653,72,True,True,True,False,49.574817384031505,0.0018195217285027557,5,1000,46,full
0.0001,7,-1.2321598739440496,77,True,True,True,False,49.57429193148492,0.0018195053056957965,5,1000,46,full
0.0001,8,-1.2321598782048173,69,True,True,True,False,49.57458358108414,0.0018195144250606156,5,1000,46,full
0.0001,9,-1.223459780051485,69,True,True,True,False,38.250655295842364,0.0013355033942220762,5,1000,46,full
0.01,0,-1.2080927667836927,95,True,True,True,False,53.75951687510481,0.0018106412521653851,5,1000,47,full
0.01,1,-1.208092753272954,88,True,True,True,False,53.75882748830354,0.0018106081430190961,5,1000,47,full
0.01,2,-1.1932355394702936,71,True,True,True,False,39.364850542147124,0.0012973059045522626,5,1000,47,full
0.01,3,-1.2080927551234253,85,True,True,True,False,53.75892280959326,0.001810612720954973,5,1000,47,full
0.01,4,-1.1932350283780107,82,True,True,True,True,39.34025200752135,0.0012964678696178796,5,1000,47,full
0.01,5,-1.2080927612188215,83,True,True,True,False,53.75923475525819,0.0018106277027077837,5,1000,47,full
0.01,6,-1.2080927608549465,87,True,True,True,False,53.75921622045984,0.0018106268125502021,5,1000,47,full
0.01,7,-1.1932355328410273,100,True,True,True,False,39.36469023830789,0.001297300427820689,5,1000,47,full
0.01,8,-1.2080927626156963,91,True,True,True,False,53.759305809667104,0.0018106311152505303,5,1000,47,full
0.01,9,-1.1932350640017986,36,True,True,True,False,39.34473915574333,0.0012966435966274875,5,1000,47,full
0.001,0,-1.2080927667270596,95,True,True,True,False,53.75951401636138,0.0018106411148672758,5,1000,47,full
0.001,1,-1.2080927604033609,87,True,True,True,False,53.759193202104115,0.0018106257070394957,5,1000,47,full
0.001,2,-1.1932355343498826,71,True,True,True,False,39.36472681690276,0.0012973016775014933,5,1000,47,full
0.001,3,-1.2080927554748757,85,True,True,True,False,53.7589408806012,0.0018106135888420983,5,1000,47,full
0.001,4,-1.1932350284509843,82,True,True,True,False,39.3398353906881,0.0012964537172557968,5,1000,47,full
0.001,5,-1.2080927607585128,83,True,True,True,False,53.759211305879106,0.0018106265765041316,5,1000,47,full
0.001,6,-1.2080927573523785,87,True,True,True,False,53.75903724274252,0.0018106182168065091,5,1000,47,full
0.001,7,-1.193235539682064,100,True,True,True,False,39.36485564563482,0.0012973060789120353,5,1000,47,full
0.001,8,-1.2080927613762644,91,True,True,True,False,53.75924277216427,0.0018106280877405985,5,1000,47,full
0.001,9,-1.193235092125863,36,True,True,True,False,39.34793082067693,0.0012967518018306594,5,1000,47,full
0.0001,0,-1.2080927667215682,95,True,True,True,False,53.75951373936588,0.00181064110156431,5,1000,47,full
0.0001,1,-1.2080927595690507,87,True,True,True,False,53.759150630591016,0.0018106236624611351,5,1000,47,full
0.0001,2,-1.1932355337860316,71,True,True,True,False,39.36471315409975,0.0012973012107214306,5,1000,47,full
0.0001,3,-1.2080927555121306,85,True,True,True,False,53.75894279543043,0.001810613680805514,5,1000,47,full
0.0001,4,-1.1932350284754973,82,True,True,True,False,39.33979153394697,0.001296452227534455,5,1000,47,full
0.0001,5,-1.2080927607103948,83,True,True,True,False,53.75920885359529,0.0018106264587285934,5,1000,47,full
0.0001,6,-1.2080927569999824,87,True,True,True,False,53.759019178902264,0.0018106173492603158,5,1000,47,full
0.0001,7,-1.1932355404684616,100,True,True,True,False,39.364874588054434,0.001297306726087284,5,1000,47,full
0.0001,8,-1.2080927612593695,91,True,True,True,False,53.75923682066584,0.0018106278019072745,5,1000,47,full
0.0001,9,-1.1932350958957254,36,True,True,True,False,39.348250796429824,0.0012967626532429317,5,1000,47,full
0.01,0,-1.1972332723018906,90,True,True,True,False,56.991703637536325,0.0016069635767381211,5,1000,48,full
0.01,1,-1.1972332695560177,112,True,True,True,False,56.991518281794264,0.0016069562744586486,5,1000,48,full
0.01,2,-1.1972332775364574,100,True,True,True,False,56.99205513806936,0.0016069774245459536,5,1000,48,full
0.01,3,-1.1972332764672133,107,True,True,True,False,56.99198352509286,0.001606974603077625,5,1000,48,full
0.01,4,-1.197233275255202,77,True,True,True,False,56.99190225818326,0.0016069714018392292,5,1000,48,full
0.01,5,-1.1972332820359424,87,True,True,True,False,56.992355436453494,0.0016069892566545694,5,1000,48,full
0.01,6,-1.19723328041832,81,True,True,True,False,56.99224768896714,0.001606985011515591,5,1000,48,full
0.01,7,-1.1880076987681791,112,True,True,True,True,42.89039776736337,0.0012292155566040934,5,1000,48,full
0.01,8,-1.197233270014912,82,True,True,True,False,56.99154931914952,0.0016069574974884628,5,1000,48,full
0.01,9,-1.1972332725147532,88,True,True,True,False,56.99171796266291,0.0016069641407754226,5,1000,48,full
0.001,0,-1.1972332676994581,90,True,True,True,False,56.99139261157572,0.001606951324319877,5,1000,48,full
0.001,1,-1.1972332696692893,112,True,True,True,False,56.99152594004407,0.0016069565761410404,5,1000,48,full
0.001,2,-1.1972332755901713,100,True,True,True,False,56.99192471235489,0.001606972285972691,5,1000,48,full
0.001,3,-1.1972332772663872,107,True,True,True,False,56.99203705840916,0.001606976712221777,5,1000,48,full
0.001,4,-1.197233280924971,78,True,True,True,False,56.9922814636229,0.001606986342270222,5,1000,48,full
0.001,5,-1.1972332807944288,87,True,True,True,False,56.992272747764076,0.001606985998543792,5,1000,48,full
0.001,6,-1.197233280235,81,True,True,True,False,56.99223546309882,0.001606984529799198,5,1000,48,full
0.001,7,-1.1880077021041013,110,True,True,True,False,42.89049409577802,0.0012292179557977197,5,1000,48,full
0.001,8,-1.197233269047427,82,True,True,True,False,56.991483899607815,0.0016069549204039207,5,1000,48,full
0.001,9,-1.1972332720575398,88,True,True,True,False,56.991687155595514,0.0016069629271225204,5,1000,48,full
0.0001,0,-1.1972332829533356,89,True,True,True,False,56.99241647228659,0.0016069916619791092,5,1000,48,full
0.0001,1,-1.1972332696818033,112,True,True,True,False,56.991526786550295,0.001606956609487164,5,1000,48,full
0.0001,2,-1.1972332753882715,100,True,True,True,False,56.991911164069336,0.0016069717522027628,5,1000,48,full
0.0001,3,-1.197233277351016,107,True,True,True,False,56.99204272436325,0.0016069769354546733,5,1000,48,full
0.0001,4,-1.1972332827168064,78,True,True,True,False,56.99240074528408,0.0016069910422591125,5,1000,48,full
0.0001,5,-1.1972332806687818,87,True,True,True,False,56.99226437159991,0.0016069856685091057,5,1000,48,full
0.0001,6,-1.1972332802161676,81,True,True,True,False,56.992234206676855,0.001606984480295399,5,1000,48,full
0.0001,7,-1.188007699030926,110,True,True,True,False,42.890405365471246,0.0012292157458462464,5,1000,48,full
0.0001,8,-1.197233268946675,82,True,True,True,False,56.99147708126731,0.0016069546518096044,5,1000,48,full
0.0001,9,-1.197233272010467,88,True,True,True,False,56.99168398317887,0.0016069628021454685,5,1000,48,full
0.01,0,-1.1420281036129623,64,True,True,True,False,60.807974424628455,0.0015717517317609428,5,1000,49,full
0.01,1,-1.1420281099030067,59,True,True,True,False,60.80844614813271,0.0015717652050683782,5,1000,49,full
0.01,2,-1.1420281151262317,62,True,True,True,False,60.80883349120511,0.0015717762683727927,5,1000,49,full
0.01,3,-1.1420281087737691,68,True,True,True,False,60.808360882577965,0.001571762756570161,5,1000,49,full
0.01,4,-1.1420281031407145,59,True,True,True,False,60.807938729568995,0.0015717507117086961,5,1000,49,full
0.01,5,-1.1397575370338746,92,True,True,True,True,44.151221707486044,0.0012150207241666707,5,1000,49,full
0.01,6,-1.1420281026290902,65,True,True,True,False,60.807900052417246,0.0015717496068618007,5,1000,49,full
0.01,7,-1.1420281047275802,68,True,True,True,False,60.80805815095983,0.0015717541192958307,5,1000,49,full
0.01,8,-1.1420281033862283,67,True,True,True,False,60.80795731162761,0.0015717512429942388,5,1000,49,full
0.01,9,-1.1420281099323473,66,True,True,True,False,60.808448215785624,0.001571765262560689,5,1000,49,full
0.001,0,-1.1420281036362852,64,True,True,True,False,60.80797618333078,0.001571751781982365,5,1000,49,full
0.001,1,-1.1420281099496237,59,True,True,True,False,60.80844962327105,0.0015717653043199583,5,1000,49,full
0.001,2,-1.1420281017597766,63,True,True,True,False,60.80783445071235,0.0015717477356147081,5,1000,49,full
0.001,3,-1.1420281045970082,63,True,True,True,False,60.80804860562001,0.0015717538504323506,5,1000,49,full
0.001,4,-1.1420281028214962,59,True,True,True,False,60.807914621664516,0.0015717500232999286,5,1000,49,full
0.001,5,-1.1397575372011826,92,True,True,True,False,44.1511176890811,0.0012150179817159068,5,1000,49,full
0.001,6,-1.1420281023452716,65,True,True,True,False,60.80787859817649,0.0015717489942541657,5,1000,49,full
0.001,7,-1.1420281048772523,68,True,True,True,False,60.8080694137562,0.0015717544409123347,5,1000,49,full
0.001,8,-1.1420281034448665,67,True,True,True,False,60.80796173698072,0.001571751369368694,5,1000,49,full
0.001,9,-1.142028108490514,66,True,True,True,False,60.80834062191554,0.0015717621896718065,5,1000,49,full
0.0001,0,-1.1420281036388606,64,True,True,True,False,60.80797637807207,0.001571751787543393,5,1000,49,full
0.0001,1,-1.142028109954912,59,True,True,True,False,60.80845001723902,0.0015717653155727514,5,1000,49,full
0.0001,2,-1.1420281018023566,63,True,True,True,False,60.807837674339645,0.0015717478276634654,5,1000,49,full
0.0001,3,-1.1420281038684679,63,True,True,True,False,60.80799371694101,0.001571752283006353,5,1000,49,full
0.0001,4,-1.142028102789578,59,True,True,True,False,60.8079122098231,0.001571749954429674,5,1000,49,full
0.0001,5,-1.1397575372196493,92,True,True,True,False,44.1511064896161,0.0012150176864391352,5,1000,49,full
0.0001,6,-1.1420281023154721,65,True,True,True,False,60.80787634528405,0.0015717489299245959,5,1000,49,full
0.0001,7,-1.1420281048917869,68,True,True,True,False,60.8080705076284,0.0015717544721489127,5,1000,49,full
0.0001,8,-1.1420281034513367,67,True,True,True,False,60.807962224589815,0.0015717513832930708,5,1000,49,full
0.0001,9,-1.1420281083409114,66,True,True,True,False,60.80832944105412,0.0015717618703504144,5,1000,49,full
0.01,0,-1.1388218033030828,234,True,True,True,False,41.40100459598432,0.0011792947482688995,5,1000,50,full
0.01,1,-1.1388217945171373,241,True,True,True,False,41.400621178601625,0.0011792877650730021,5,1000,50,full
0.01,2,-1.13882179208812,236,True,True,True,False,41.40051484186245,0.0011792858284021973,5,1000,50,full
0.01,3,-1.1388218035765563,236,True,True,True,False,41.40101650006367,0.0011792949650827251,5,1000,50,full
0.01,4,-1.1385928426108476,93,True,True,True,True,41.061366704409984,0.0011738468580818873,5,1000,50,full
0.01,5,-1.1385937873489367,139,True,True,True,False,41.15370640561685,0.001175463234511325,5,1000,50,full
0.01,6,-1.1388217976347674,239,True,True,True,False,41.4007574480824,0.0011792902469250912,5,1000,50,full
0.01,7,-1.1388217920024495,242,True,True,True,False,41.40051108827394,0.0011792857600399225,5,1000,50,full
0.01,8,-1.1388217936269223,244,True,True,True,False,41.40058222333052,0.0011792870555928686,5,1000,50,full
0.01,9,-1.138821795677557,232,True,True,True,False,41.40067192747105,0.0011792886893490476,5,1000,50,full
0.001,0,-1.1388218029198434,234,True,True,True,False,41.40098791057902,0.0011792944443718288,5,1000,50,full
0.001,1,-1.1388217935141058,241,True,True,True,False,41.400577285407536,0.0011792869656601168,5,1000,50,full
0.001,2,-1.138821791733847,236,True,True,True,False,41.400499320249516,0.0011792855457143684,5,1000,50,full
0.001,3,-1.1388218011647135,236,True,True,True,False,41.400911451297866,0.001179293051798242,5,1000,50,full
0.001,4,-1.138592843494597,93,True,True,True,False,41.06098629865776,0.001173840233087603,5,1000,50,full
0.001,5,-1.138593781007868,138,True,True,True,False,41.153427957829635,0.0011754583358174083,5,1000,50,full
0.001,6,-1.1388217974004262,239,True,True,True,False,41.40074721362762,0.0011792900605252226,5,1000,50,full
0.001,7,-1.1388218062770683,241,True,True,True,False,41.40113395359555,0.0011792971043222342,5,1000,50,full
0.001,8,-1.1388217913776395,244,True,True,True,False,41.40048371085708,0.001179285261429202,5,1000,50,full
0.001,9,-1.1388217953543742,232,True,True,True,False,41.400657796971984,0.0011792884319933574,5,1000,50,full
0.0001,0,-1.138821802882288,234,True,True,True,False,41.40098627530786,0.0011792944145881568,5,1000,50,full
0.0001,1,-1.138821793409975,241,True,True,True,False,41.40057272758894,0.0011792868826507842,5,1000,50,full
0.0001,2,-1.1388217916972596,236,True,True,True,False,41.40049771710606,0.0011792855165173428,5,1000,50,full
0.0001,3,-1.1388218009195665,236,True,True,True,False,41.4009007661749,0.0011792928571879087,5,1000,50,full
0.0001,4,-1.138592843582396,93,True,True,True,False,41.06094939797418,0.001173839590454835,5,1000,50,full
0.0001,5,-1.1385937785797884,138,True,True,True,False,41.153321088607214,0.0011754564557220567,5,1000,50,full
0.0001,6,-1.1388217973739225,239,True,True,True,False,41.40074605599625,0.0011792900394413297,5,1000,50,full
0.0001,7,-1.1388218059113613,241,True,True,True,False,41.4011180586703,0.0011792968148185235,5,1000,50,full
0.0001,8,-1.1388217911428078,244,True,True,True,False,41.40047341885136,0.0011792850739860959,5,1000,50,full
0.0001,9,-1.1388217953212465,232,True,True,True,False,41.40065634847754,0.0011792884056122347,5,1000,50,full
0.01,0,-1.2448921071273253,98,True,True,True,True,43.658788331862546,0.0011038848929098711,5,1000,51,full
0.01,1,-1.2448927566296795,251,True,True,True,False,43.72994251422427,0.0011048591391584037,5,1000,51,full
0.01,2,-1.244892750603977,254,True,True,True,False,43.72963131758296,0.0011048548744318886,5,1000,51,full
0.01,3,-1.2448927550843918,251,True,True,True,False,43.7298628462302,0.0011048580473616621,5,1000,51,full
0.01,4,-1.2448927553443656,259,True,True,True,False,43.72987625639651,0.0011048582311390118,5,1000,51,full
0.01,5,-1.2448921077107231,57,True,True,True,False,43.658302670568595,0.0011038782547954232,5,1000,51,full
0.01,6,-1.2448927555116005,262,True,True,True,False,43.72988488081017,0.0011048583493297572,5,1000,51,full
0.01,7,-1.2448927524380178,254,True,True,True,False,43.72972619013982,0.0011048561745890548,5,1000,51,full
0.01,8,-1.2448927578604658,237,True,True,True,False,43.730005899967146,0.0011048600078176144,5,1000,51,full
0.01,9,-1.2448927430928884,275,True,True,True,False,43.72924135807685,0.001104849530364423,5,1000,51,full
0.001,0,-1.2448921087334353,98,True,True,True,False,43.65753220278605,0.0011038677096201642,5,1000,51,full
0.001,1,-1.2448927557840026,251,True,True,True,False,43.72989892599966,0.0011048585418104244,5,1000,51,full
0.001,2,-1.2448927490724495,254,True,True,True,False,43.7295519898926,0.0011048537873087727,5,1000,51,full
0.001,3,-1.244892754816104,251,True,True,True,False,43.729849004875724,0.001104857857675931,5,1000,51,full
0.001,4,-1.2448927551824527,259,True,True,True,False,43.72986790505117,0.0011048581166898546,5,1000,51,full
0.001,5,-1.244892108288706,57,True,True,True,False,43.65785859854003,0.0011038721800513537,5,1000,51,full
0.001,6,-1.2448927524406004,262,True,True,True,False,43.729726323585794,0.0011048561764170448,5,1000,51,full
0.001,7,-1.2448927543542991,254,True,True,True,False,43.72982517245737,0.0011048575310700982,5,1000,51,full
0.001,8,-1.2448927500873204,239,True,True,True,False,43.729604566711465,0.001104854507831748,5,1000,51,full
0.001,9,-1.2448927569158363,274,True,True,True,False,43.729957257173204,0.0011048593411998684,5,1000,51,full
0.0001,0,-1.2448921089376639,98,True,True,True,False,43.65739401647529,0.0011038658193255673,5,1000,51,full
0.0001,1,-1.2448927556966654,251,True,True,True,False,43.72989442333383,0.0011048584801049656,5,1000,51,full
0.0001,2,-1.2448927489207733,254,True,True,True,False,43.72954412844422,0.0011048536795729884,5,1000,51,full
0.0001,3,-1.244892754786539,251,True,True,True,False,43.72984747942425,0.0011048578367702999,5,1000,51,full
0.0001,4,-1.2448927551649036,259,True,True,True,False,43.729866999500956,0.001104858104280046,5,1000,51,full
0.0001,5,-1.2448921083403846,57,True,True,True,False,43.65782088222032,0.0011038716641084251,5,1000,51,full
0.0001,6,-1.244892752112394,262,True,True,True,False,43.729709355443674,0.0011048559438812354,5,1000,51,full
0.0001,7,-1.244892754543552,254,True,True,True,False,43.72983494055006,0.0011048576649340552,5,1000,51,full
0.0001,8,-1.2448927546178667,239,True,True,True,False,43.72983877581407,0.0011048577174941215,5,1000,51,full
0.0001,9,-1.2448927565962145,274,True,True,True,False,43.72994079037821,0.0011048591155332144,5,1000,51,full
0.01,0,-1.1773843565071613,85,True,True,True,False,47.3799833403255,0.0020905405978947954,5,2000,42,full
0.01,1,-1.177384352578907,103,True,True,True,False,47.379846533680734,0.0020905264776269923,5,2000,42,full
0.01,2,-1.1773843582791301,84,True,True,True,False,47.38004441367313,0.002090546901389686,5,2000,42,full
0.01,3,-1.177384355090747,95,True,True,True,False,47.37993423904244,0.002090535530010496,5,2000,42,full
0.01,4,-1.1773843580752572,94,True,True,True,False,47.38003740713839,0.0020905461782303523,5,2000,42,full
0.01,5,-1.1773843549071275,95,True,True,True,False,47.37992785584038,0.002090534871187249,5,2000,42,full
0.01,6,-1.1773843503187538,101,True,True,True,False,47.37976691293483,0.0020905182596013252,5,2000,42,full
0.01,7,-1.1773843580498928,89,True,True,True,False,47.38003653464797,0.0020905460881816057,5,2000,42,full
0.01,8,-1.1773843576254366,92,True,True,True,False,47.38002192911783,0.002090544580718002,5,2000,42,full
0.01,9,-1.1773843575052225,81,True,True,True,False,47.3800177874759,0.002090544153254518,5,2000,42,full
0.001,0,-1.1773843557757233,85,True,True,True,False,47.37995801608616,0.002090537984115016,5,2000,42,full
0.001,1,-1.177384352142724,103,True,True,True,False,47.379831220001186,0.002090524897036717,5,2000,42,full
0.001,2,-1.177384358480878,84,True,True,True,False,47.38005134312786,0.0020905476165902076,5,2000,42,full
0.001,3,-1.1773843566596984,95,True,True,True,False,47.37998861275882,0.0020905411420674832,5,2000,42,full
0.001,4,-1.1773843582488592,94,True,True,True,False,47.380043373737266,0.002090546794051981,5,2000,42,full
0.001,5,-1.1773843565173434,108,True,True,True,False,47.379983691820584,0.002090540634163851,5,2000,42,full
0.001,6,-1.177384355552771,100,True,True,True,False,47.379950281832386,0.0020905371858329813,5,2000,42,full
0.001,7,-1.1773843535672803,103,True,True,True,False,47.379881142242255,0.0020905300497117796,5,2000,42,full
0.001,8,-1.1773843576074923,92,True,True,True,False,47.38002131115621,0.002090544516938207,5,2000,42,full
0.001,9,-1.1773843584203174,81,True,True,True,False,47.38004926417448,0.0020905474020187355,5,2000,42,full
0.0001,0,-1.1773843557007835,85,True,True,True,False,47.37995541792226,0.002090537715950294,5,2000,42,full
0.0001,1,-1.1773843520974945,103,True,True,True,False,47.379829630740375,0.0020905247330017516,5,2000,42,full
0.0001,2,-1.1773843585016817,84,True,True,True,False,47.38005205804282,0.0020905476903785797,5,2000,42,full
0.0001,3,-1.1773843568256699,95,True,True,True,False,47.37999434679031,0.0020905417338876664,5,2000,42,full
0.0001,4,-1.1773843582491177,94,True,True,True,False,47.380043384060045,0.0020905467951176423,5,2000,42,full
0.0001,5,-1.1726552653044842,78,True,True,True,True,36.394583301276676,0.001379425006665426,5,2000,42,full
0.0001,6,-1.1773843552450844,100,True,True,True,False,47.379939600931785,0.002090536083426299,5,2000,42,full
0.0001,7,-1.1773843512250843,90,True,True,True,False,47.379798922612245,0.002090521563478955,5,2000,42,full
0.0001,8,-1.1773843570073161,92,True,True,True,False,47.38000061856183,0.002090542381212267,5,2000,42,full
0.0001,9,-1.1773843585101185,81,True,True,True,False,47.38005234638854,0.0020905477201391635,5,2000,42,full
0.01,0,-1.1419570077081544,118,True,True,True,False,37.09713868012504,0.0014429619086322287,5,2000,43,full
0.01,1,-1.1474533740429216,99,True,True,True,False,48.26518306509236,0.0020631758502880535,5,2000,43,full
0.01,2,-1.1474534607094775,73,True,True,True,False,48.27687182243453,0.0020640779988186087,5,2000,43,full
0.01,3,-1.1474534661558666,67,True,True,True,False,48.27716158338072,0.0020641003621895623,5,2000,43,full
0.01,4,-1.1474534615539245,80,True,True,True,False,48.27691730909075,0.002064081509508506,5,2000,43,full
0.01,5,-1.1474534625142274,66,True,True,True,False,48.276968778545786,0.002064085481681791,5,2000,43,full
0.01,6,-1.1474533744146918,43,True,True,True,False,48.26543652717588,0.0020631974822539604,5,2000,43,full
0.01,7,-1.1474534646335535,74,True,True,True,False,48.27708144423782,0.0020640941774616598,5,2000,43,full
0.01,8,-1.1474534632974092,73,True,True,True,False,48.277010565088005,0.002064088707020284,5,2000,43,full
0.01,9,-1.147453460223126,69,True,True,True,False,48.276845525274034,0.0020640759690888012,5,2000,43,full
0.001,0,-1.1419570044299223,119,True,True,True,True,37.09701109373087,0.0014429525793809052,5,2000,43,full
0.001,1,-1.1474533720467883,99,True,True,True,False,48.26582358251896,0.002063225285360551,5,2000,43,full
0.001,2,-1.1474534625476966,73,True,True,True,False,48.27697057173748,0.00206408562031296,5,2000,43,full
0.001,3,-1.147453466027176,67,True,True,True,False,48.277154831792245,0.002064099841107951,5,2000,43,full
0.001,4,-1.1474534610858063,80,True,True,True,False,48.27689211869573,0.002064079565306336,5,2000,43,full
0.001,5,-1.1474534625993187,66,True,True,True,False,48.27697332729869,0.00206408583275192,5,2000,43,full
0.001,6,-1.1474533720737305,47,True,True,True,False,48.26591830857199,0.0020632330505209575,5,2000,43,full
0.001,7,-1.1474534641971472,74,True,True,True,False,48.27705834825727,0.0020640923949130797,5,2000,43,full
0.001,8,-1.1474534637383946,73,True,True,True,False,48.27703401492849,0.0020640905168807623,5,2000,43,full
0.001,9,-1.1474534604659306,69,True,True,True,False,48.2768586612868,0.0020640769829239096,5,2000,43,full
0.0001,0,-1.1419570049652237,119,True,True,True,False,37.097031975996224,0.0014429541063204307,5,2000,43,full
0.0001,1,-1.1474533718935018,99,True,True,True,False,48.26588630139157,0.0020632301260053894,5,2000,43,full
0.0001,2,-1.147453462724683,73,True,True,True,False,48.2769800277899,0.00206408635013243,5,2000,43,full
0.0001,3,-1.1474534660120115,67,True,True,True,False,48.277154035467866,0.0020640997796478595,5,2000,43,full
0.0001,4,-1.1474534610352813,80,True,True,True,False,48.27688939582867,0.0020640793551547584,5,2000,43,full
0.0001,5,-1.1474534626096076,66,True,True,True,False,48.276973877191075,0.0020640858751906715,5,2000,43,full
0.0001,6,-1.1474533731539267,47,True,True,True,False,48.265522601597844,0.002063202505180507,5,2000,43,full
0.0001,7,-1.1474534641521685,74,True,True,True,False,48.27705596623842,0.0020640922110674786,5,2000,43,full
0.0001,8,-1.1474534637764855,73,True,True,True,False,48.277036036552566,0.002064090672910543,5,2000,43,full
0.0001,9,-1.1474534604926967,69,True,True,True,False,48.27686010826621,0.0020640770946021673,5,2000,43,full
0.01,0,-1.2267675964649136,64,True,True,True,False,50.418146499325125,0.0019743949986608398,5,2000,44,full
0.01,1,-1.2267675906323865,65,True,True,True,False,50.41789228709998,0.001974367755430965,5,2000,44,full
0.01,2,-1.2267675900267287,63,True,True,True,False,50.417865382209534,0.001974364870343113,5,2000,44,full
0.01,3,-1.2159133414040924,69,True,True,True,True,40.40660266154191,0.0013446765447590154,5,2000,44,full
0.01,4,-1.2267675905113218,63,True,True,True,False,50.41788691446847,0.001974367179829619,5,2000,44,full
0.01,5,-1.2267675928300013,45,True,True,True,False,50.41799260029558,0.0019743788891683593,5,2000,44,full
0.01,6,-1.2267675928461657,61,True,True,True,False,50.41798981252938,0.0019743782075434813,5,2000,44,full
0.01,7,-1.2267675103287046,96,True,True,True,False,50.409919690981056,0.001973512373448958,5,2000,44,full
0.01,8,-1.226767591413449,59,True,True,True,False,50.417926847864074,0.0019743714595542826,5,2000,44,full
0.01,9,-1.2267675956601127,63,True,True,True,False,50.41811194387418,0.001974391295793542,5,2000,44,full
0.001,0,-1.2267675962611226,64,True,True,True,False,50.41813776289366,0.001974394062410066,5,2000,44,full
0.001,1,-1.226767590894314,65,True,True,True,False,50.41790389454373,0.0019743689994212643,5,2000,44,full
0.001,2,-1.22676759677122,62,True,True,True,False,50.418159614786944,0.0019743964021167655,5,2000,44,full
0.001,3,-1.2159133422414437,68,True,True,True,False,40.40562663137596,0.0013446158584097768,5,2000,44,full
0.001,4,-1.2267675905767579,63,True,True,True,False,50.417889819141706,0.0019743674911264645,5,2000,44,full
0.001,5,-1.2267675943102343,46,True,True,True,False,50.41805604872187,0.0019743855693165713,5,2000,44,full
0.001,6,-1.2267675928230313,61,True,True,True,False,50.41798879984089,0.001974378099013112,5,2000,44,full
0.001,7,-1.2267675104329743,98,True,True,True,False,50.40987827603746,0.0019735079247568967,5,2000,44,full
0.001,8,-1.2267675910404787,59,True,True,True,False,50.417910366620504,0.001974369693239634,5,2000,44,full
0.001,9,-1.226767595854053,63,True,True,True,False,50.41812028576802,0.0019743921897077115,5,2000,44,full
0.0001,0,-1.2267675962401259,64,True,True,True,False,50.41813686267443,0.0019743939659375392,5,2000,44,full
0.0001,1,-1.2267675909230282,65,True,True,True,False,50.41790516625493,0.001974369135711112,5,2000,44,full
0.0001,2,-1.2267675967405123,62,True,True,True,False,50.41815830072501,0.0019743962613005196,5,2000,44,full
0.0001,3,-1.2159133421453692,68,True,True,True,False,40.405697895908254,0.001344620291663963,5,2000,44,full
0.0001,4,-1.2267675905854893,63,True,True,True,False,50.4178902053435,0.0019743675325177737,5,2000,44,full
0.0001,5,-1.2267675950998,46,True,True,True,False,50.4180902360797,0.001974389232373906,5,2000,44,full
0.0001,6,-1.226767592820578,61,True,True,True,False,50.417988693121046,0.001974378087575447,5,2000,44,full
0.0001,7,-1.2267675109014748,98,True,True,True,False,50.40971348162798,0.0019734902224163567,5,2000,44,full
0.0001,8,-1.226767591001908,59,True,True,True,False,50.41790866039211,0.0019743695103828455,5,2000,44,full
0.0001,9,-1.2267675958771165,63,True,True,True,False,50.4181212778361,0.0019743922960169776,5,2000,44,full
0.01,0,-1.2972620163395197,87,True,True,True,False,52.360936522634425,0.0018405887204372834,5,2000,45,full
0.01,1,-1.2972620224725728,109,True,True,True,False,52.36127351631655,0.0018406122575895737,5,2000,45,full
0.01,2,-1.2972620223787614,93,True,True,True,False,52.361268437696374,0.0018406119028982401,5,2000,45,full
0.01,3,-1.2973422621753286,52,True,True,True,False,52.52998554287919,0.0018521031526125091,5,2000,45,full
0.01,4,-1.2972620214426471,101,True,True,True,False,52.36121764598055,0.0018406083554734598,5,2000,45,full
0.01,5,-1.2972620162148123,95,True,True,True,False,52.36092956016645,0.0018405882340127601,5,2000,45,full
0.01,6,-1.297262018287447,111,True,True,True,False,52.361044691247265,0.0018405962755543204,5,2000,45,full
0.01,7,-1.297262021448402,96,True,True,True,False,52.36121795787687,0.0018406083772584127,5,2000,45,full
0.01,8,-1.2972620194574607,101,True,True,True,False,52.36110914717304,0.0018406007774997425,5,2000,45,full
0.01,9,-1.290397515425001,78,True,True,True,True,41.34641405053302,0.0013354976337693345,5,2000,45,full
0.001,0,-1.2972620163354787,87,True,True,True,False,52.36093629538819,0.0018405887045625528,5,2000,45,full
0.001,1,-1.2972620211354267,109,True,True,True,False,52.36120092688445,0.0018406071877603376,5,2000,45,full
0.001,2,-1.2972620216215882,93,True,True,True,False,52.36122737421313,0.0018406090349280938,5,2000,45,full
0.001,3,-1.2973422595440454,52,True,True,True,False,52.52996572993581,0.0018521016596046254,5,2000,45,full
0.001,4,-1.297262021844802,101,True,True,True,False,52.36123949563512,0.0018406098815101307,5,2000,45,full
0.001,5,-1.2972620168051443,95,True,True,True,False,52.360962477078374,0.001840590533178671,5,2000,45,full
0.001,6,-1.297262018979537,111,True,True,True,False,52.361082865486836,0.0018405989418556763,5,2000,45,full
0.001,7,-1.2972620206141938,96,True,True,True,False,52.36117249936733,0.0018406052022879717,5,2000,45,full
0.001,8,-1.2972620165285162,101,True,True,True,False,52.36094706499432,0.0018405894566801387,5,2000,45,full
0.001,9,-1.2903975159573584,78,True,True,True,False,41.34644441217857,0.0013354988941739383,5,2000,45,full
0.0001,0,-1.2972620163366628,87,True,True,True,False,52.3609363617568,0.0018405887091980562,5,2000,45,full
0.0001,1,-1.2972620210003256,109,True,True,True,False,52.361193563712156,0.001840606673491082,5,2000,45,full
0.0001,2,-1.2972620214128914,93,True,True,True,False,52.361216026359095,0.0018406082423608459,5,2000,45,full
0.0001,3,-1.2973422590990715,52,True,True,True,False,52.52996330837674,0.0018521014777237938,5,2000,45,full
0.0001,4,-1.2972620218867632,101,True,True,True,False,52.36124177192923,0.0018406100404937827,5,2000,45,full
0.0001,5,-1.2972620168644782,95,True,True,True,False,52.360965780606826,0.001840590763921311,5,2000,45,full
0.0001,6,-1.2972620190468094,111,True,True,True,False,52.3610865683709,0.0018405992004837518,5,2000,45,full
0.0001,7,-1.297262020527339,96,True,True,True,False,52.36116775482825,0.0018406048709110913,5,2000,45,full
0.0001,8,-1.2972620162405113,101,True,True,True,False,52.36093099490486,0.0018405883342227322,5,2000,45,full
0.0001,9,-1.290397516023438,78,True,True,True,False,41.34644817859566,0.0013354990505284239,5,2000,45,full
0.01,0,-1.325482692086229,70,True,True,True,False,54.389086240105556,0.0018383949123710879,5,2000,46,full
0.01,1,-1.31603674019495,64,True,True,True,False,41.917202632150904,0.0013071023514318867,5,2000,46,full
0.01,2,-1.325482692028206,49,True,True,True,False,54.38909793831557,0.0018383964315443202,5,2000,46,full
0.01,3,-1.325482697563517,56,True,True,True,False,54.38961292102557,0.001838428005727887,5,2000,46,full
0.01,4,-1.3254826946775669,64,True,True,True,False,54.389337257534834,0.001838410689843171,5,2000,46,full
0.01,5,-1.3160367403617936,78,True,True,True,False,41.918099278842675,0.001307157188106888,5,2000,46,full
0.01,6,-1.3254826950946184,57,True,True,True,False,54.389379111632515,0.0018384134118139173,5,2000,46,full
0.01,7,-1.3254826955255719,60,True,True,True,False,54.389420544544755,0.001838416021570112,5,2000,46,full
0.01,8,-1.3254826055468083,77,True,True,True,False,54.37044037715064,0.0018372422979130052,5,2000,46,full
0.01,9,-1.325482692049247,66,True,True,True,False,54.38908822196083,0.0018383953394624176,5,2000,46,full
0.001,0,-1.32548269708706,69,True,True,True,False,54.38955970205125,0.0018384242623277196,5,2000,46,full
0.001,1,-1.316036740262966,64,True,True,True,False,41.917104864979464,0.001307096336370352,5,2000,46,full
0.001,2,-1.3254826961189923,50,True,True,True,False,54.38948431284362,0.001838420293624408,5,2000,46,full
0.001,3,-1.3254826980208767,56,True,True,True,False,54.389655600925536,0.0018384306563534692,5,2000,46,full
0.001,4,-1.3254826941875826,64,True,True,True,False,54.389290730161164,0.0018384078012720312,5,2000,46,full
0.001,5,-1.3160367400359325,78,True,True,True,True,41.91742120640768,0.0013071154530982171,5,2000,46,full
0.001,6,-1.3254826949886274,57,True,True,True,False,54.38936906518155,0.0018384127873886456,5,2000,46,full
0.001,7,-1.3254826957459747,60,True,True,True,False,54.389441394026484,0.0018384173186704684,5,2000,46,full
0.001,8,-1.325482604577481,78,True,True,True,False,54.37156266959968,0.0018373113874332306,5,2000,46,full
0.001,9,-1.3254826919814422,66,True,True,True,False,54.38908166524702,0.0018383949307623423,5,2000,46,full
0.0001,0,-1.325482696891291,69,True,True,True,False,54.38954141709807,0.0018384231292331483,5,2000,46,full
0.0001,1,-1.316036740271176,64,True,True,True,False,41.917094566900175,0.0013070957027711426,5,2000,46,full
0.0001,2,-1.3254826969238607,50,True,True,True,False,54.38956001985724,0.0018384249979640631,5,2000,46,full
0.0001,3,-1.3254826980675432,56,True,True,True,False,54.389659948590115,0.0018384309263567546,5,2000,46,full
0.0001,4,-1.3254826941378781,64,True,True,True,False,54.38928600129294,0.0018384075076893454,5,2000,46,full
0.0001,5,-1.316036740055187,78,True,True,True,False,41.91734269589544,0.001307110619868151,5,2000,46,full
0.0001,6,-1.3254826949780647,57,True,True,True,False,54.38936806215134,0.001838412725046564,5,2000,46,full
0.0001,7,-1.3254826957751396,60,True,True,True,False,54.38944415088756,0.0018384174901733296,5,2000,46,full
0.0001,8,-1.3254826046278423,78,True,True,True,False,54.37146863723172,0.0018373055973039583,5,2000,46,full
0.0001,9,-1.325482691974648,66,True,True,True,False,54.38908100813855,0.0018383948897940804,5,2000,46,full
0.01,0,-1.3276727017061014,116,True,True,True,False,54.30582126554328,0.0018478381867329384,5,2000,47,full
0.01,1,-1.3276726943592554,124,True,True,True,False,54.30539952417771,0.0018478033633779888,5,2000,47,full
0.01,2,-1.3276726952664606,122,True,True,True,False,54.30545198702995,0.0018478076951503955,5,2000,47,full
0.01,3,-1.3276727011287426,120,True,True,True,False,54.305788375637796,0.001847835470929601,5,2000,47,full
0.01,4,-1.3276727012151968,120,True,True,True,False,54.3057933052459,0.0018478358779785127,5,2000,47,full
0.01,5,-1.3276727021711068,113,True,True,True,False,54.30584772232603,0.0018478403713485386,5,2000,47,full
0.01,6,-1.3276726983231324,115,True,True,True,False,54.305627947123845,0.0018478222241051657,5,2000,47,full
0.01,7,-1.3276726962670835,105,True,True,True,False,54.30550972598561,0.0018478124625961837,5,2000,47,full
0.01,8,-1.3276727018339618,97,True,True,True,False,54.30582854206399,0.0018478387875829798,5,2000,47,full
0.01,9,-1.3276727019996857,115,True,True,True,False,54.30583797180943,0.0018478395662190135,5,2000,47,full
0.001,0,-1.3276727016970742,116,True,True,True,False,54.30582075113047,0.001847838144257122,5,2000,47,full
0.001,1,-1.3276726973695576,121,True,True,True,False,54.30557318511382,0.0018478177023915606,5,2000,47,full
0.001,2,-1.3276726946460502,122,True,True,True,False,54.30541612089989,0.0018478047337384552,5,2000,47,full
0.001,3,-1.3276727018813668,120,True,True,True,False,54.305831241060304,0.0018478390104426682,5,2000,47,full
0.001,4,-1.3276726943797261,121,True,True,True,False,54.30540070990093,0.0018478034612810805,5,2000,47,full
0.001,5,-1.3276727013932783,113,True,True,True,False,54.30580345030645,0.0018478367156815705,5,2000,47,full
0.001,6,-1.3276726972763493,115,True,True,True,False,54.30556782617176,0.0018478172599022229,5,2000,47,full
0.001,7,-1.327672694047516,114,True,True,True,False,54.30538147216771,0.001847801872861273,5,2000,47,full
0.001,8,-1.3276726984216225,109,True,True,True,False,54.305633594815006,0.001847822690438733,5,2000,47,full
0.001,9,-1.3276727014109928,115,True,True,True,False,54.305804459649416,0.0018478367990269252,5,2000,47,full
0.0001,0,-1.3276727016939518,116,True,True,True,False,54.3058205724612,0.0018478381295035764,5,2000,47,full
0.0001,1,-1.327672697247856,121,True,True,True,False,54.30556618780921,0.0018478171246238942,5,2000,47,full
0.0001,2,-1.3276726945815056,122,True,True,True,False,54.30541238807234,0.001847804425526023,5,2000,47,full
0.0001,3,-1.327672701968123,120,True,True,True,False,54.30583617692462,0.0018478394180078564,5,2000,47,full
0.0001,4,-1.327672694536421,121,True,True,True,False,54.30540977888668,0.001847804210088557,5,2000,47,full
0.0001,5,-1.3276727013127794,113,True,True,True,False,54.30579886371535,0.0018478363369561484,5,2000,47,full
0.0001,6,-1.3276726981008542,115,True,True,True,False,54.305615192026345,0.0018478211709106887,5,2000,47,full
0.0001,7,-1.3276726940431132,114,True,True,True,True,54.3053812177002,0.001847801851850096,5,2000,47,full
0.0001,8,-1.3276727021411299,109,True,True,True,False,54.30584601662344,0.0018478402305017912,5,2000,47,full
0.0001,9,-1.3276726982214928,120,True,True,True,False,54.30562211531417,0.0018478217425710079,5,2000,47,full
0.01,0,-1.279798638513888,113,True,True,True,False,55.95222160742941,0.001711032816648973,5,2000,48,full
0.01,1,-1.279798639039469,113,True,True,True,False,55.95225207815208,0.0017110352919619683,5,2000,48,full
0.01,2,-1.27979864226968,124,True,True,True,False,55.95243824270014,0.0017110504152645955,5,2000,48,full
0.01,3,-1.2797986442223561,126,True,True,True,False,55.95254986396736,0.0017110594830229936,5,2000,48,full
0.01,4,-1.279798642780119,102,True,True,True,False,55.95246748712514,0.0017110527909865864,5,2000,48,full
0.01,5,-1.2797986374178019,115,True,True,True,False,55.95215789098073,0.0017110276406066662,5,2000,48,full
0.01,6,-1.268027799613905,119,True,True,True,False,42.016158375334506,0.0012406503629715142,5,2000,48,full
0.01,7,-1.2797986364556249,113,True,True,True,False,55.9521017753609,0.001711023082036682,5,2000,48,full
0.01,8,-1.279798638485152,98,True,True,True,False,55.95221993926285,0.0017110326811344617,5,2000,48,full
0.01,9,-1.2797986387511135,130,True,True,True,False,55.95223536702726,0.0017110339344210493,5,2000,48,full
0.001,0,-1.2797986420377458,112,True,True,True,False,55.95242493894172,0.0017110493345130504,5,2000,48,full
0.001,1,-1.279798639897235,113,True,True,True,False,55.95230170184198,0.0017110393231900807,5,2000,48,full
0.001,2,-1.2797986416437457,124,True,True,True,False,55.95240231780636,0.00171104749685302,5,2000,48,full
0.001,3,-1.279798643713795,126,True,True,True,False,55.952520858705526,0.0017110571267235973,5,2000,48,full
0.001,4,-1.2797986438548843,103,True,True,True,False,55.952528908275944,0.0017110577806435396,5,2000,48,full
0.001,5,-1.2797986432178405,114,True,True,True,False,55.95249252842461,0.001711054825258742,5,2000,48,full
0.001,6,-1.2680277993186073,120,True,True,True,True,42.01614268565081,0.0012406498838001304,5,2000,48,full
0.001,7,-1.279798636886472,113,True,True,True,False,55.95212692541902,0.00171102512510476,5,2000,48,full
0.001,8,-1.2797986438975943,96,True,True,True,False,55.952531348123564,0.0017110579788540455,5,2000,48,full
0.001,9,-1.2797986383324655,130,True,True,True,False,55.952211075363294,0.0017110319610687472,5,2000,48,full
0.0001,0,-1.279798641546798,112,True,True,True,False,55.95239674725192,0.0017110470443207641,5,2000,48,full
0.0001,1,-1.2797986399861139,113,True,True,True,False,55.952306833371566,0.001711039740052979,5,2000,48,full
0.0001,2,-1.2797986415778622,124,True,True,True,False,55.95239853106637,0.001711047189229583,5,2000,48,full
0.0001,3,-1.2797986436605853,126,True,True,True,False,55.95251782027513,0.0017110568798912877,5,2000,48,full
0.0001,4,-1.2797986366633083,104,True,True,True,False,55.9521139019978,0.0017110240671434013,5,2000,48,full
0.0001,5,-1.279798642980733,114,True,True,True,False,55.9524789683616,0.0017110537236822336,5,2000,48,full
0.0001,6,-1.2680278001982577,120,True,True,True,False,42.01618938405061,0.0012406513099931927,5,2000,48,full
0.0001,7,-1.2797986369332657,113,True,True,True,False,55.95212965463561,0.001711025346815634,5,2000,48,full
0.0001,8,-1.2797986426396621,96,True,True,True,False,55.95245944395041,0.001711052137588257,5,2000,48,full
0.0001,9,-1.2797986382884978,130,True,True,True,False,55.95220852291595,0.0017110317537193489,5,2000,48,full
0.01,0,-1.1725291627918788,69,True,True,True,False,55.71561711962307,0.001771747759190462,5,2000,49,full
0.01,1,-1.1725291619725662,72,True,True,True,False,55.71555830289666,0.0017717441472374419,5,2000,49,full
0.01,2,-1.172529159115567,84,True,True,True,False,55.715351564078574,0.0017717314520292547,5,2000,49,full
0.01,3,-1.1725291603723007,59,True,True,True,False,55.71544289800938,0.0017717370632140323,5,2000,49,full
0.01,4,-1.1725291605234132,75,True,True,True,False,55.715453761431824,0.0017717377275785003,5,2000,49,full
0.01,5,-1.1615175122571277,78,True,True,True,True,40.64777128703899,0.0012902515058679077,5,2000,49,full
0.01,6,-1.1725291616114022,79,True,True,True,False,55.715532309881,0.0017717425510296026,5,2000,49,full
0.01,7,-1.1615175139369198,84,True,True,True,False,40.64656633012731,0.0012902018471316935,5,2000,49,full
0.01,8,-1.172529161237085,80,True,True,True,False,55.71550532527502,0.001771740893918403,5,2000,49,full
0.01,9,-1.1725291594916059,73,True,True,True,False,55.71537893222511,0.0017717331328634494,5,2000,49,full
0.001,0,-1.1725291628919228,69,True,True,True,False,55.71562428696666,0.0017717481993349857,5,2000,49,full
0.001,1,-1.1725291624677783,72,True,True,True,False,55.715593875675914,0.0017717463317232177,5,2000,49,full
0.001,2,-1.1725291590229667,84,True,True,True,False,55.71534482022849,0.0017717310379247444,5,2000,49,full
0.001,3,-1.1725291624311633,56,True,True,True,False,55.71559146893633,0.0017717461917784358,5,2000,49,full
0.001,4,-1.172529160344918,75,True,True,True,False,55.71544083980205,0.001771736934106192,5,2000,49,full
0.001,5,-1.1615175124815034,78,True,True,True,False,40.64751167712272,0.0012902408072788083,5,2000,49,full
0.001,6,-1.1725291613579858,79,True,True,True,False,55.715514047919186,0.0017717414295994936,5,2000,49,full
0.001,7,-1.161517513894639,84,True,True,True,False,40.646586871086825,0.0012902026937150418,5,2000,49,full
0.001,8,-1.1725291606603285,80,True,True,True,False,55.71546366486914,0.0017717383356725288,5,2000,49,full
0.001,9,-1.1725291588698308,73,True,True,True,False,55.71533367158448,0.0017717303536484205,5,2000,49,full
0.0001,0,-1.1725291629021308,69,True,True,True,False,55.71562501866517,0.0017717482442655575,5,2000,49,full
0.0001,1,-1.1725291625184233,72,True,True,True,False,55.71559751174825,0.001771746555010375,5,2000,49,full
0.0001,2,-1.1725291590134657,84,True,True,True,False,55.71534412837713,0.001771730995441879,5,2000,49,full
0.0001,3,-1.1725291593611242,56,True,True,True,False,55.715369655150106,0.0017717325708900735,5,2000,49,full
0.0001,4,-1.1725291603269634,75,True,True,True,False,55.715439541604624,0.0017717368543892663,5,2000,49,full
0.0001,5,-1.1615175125110317,78,True,True,True,False,40.647482890533475,0.0012902396209583927,5,2000,49,full
0.0001,6,-1.1725291613292277,79,True,True,True,False,55.71551197290239,0.001771741302177326,5,2000,49,full
0.0001,7,-1.16151751389027,84,True,True,True,False,40.646589006857134,0.0012902027817399064,5,2000,49,full
0.0001,8,-1.1725291606008732,80,True,True,True,False,55.71545936496943,0.0017717380716277917,5,2000,49,full
0.0001,9,-1.1725291588030358,73,True,True,True,False,55.71532880101163,0.0017717300545735345,5,2000,49,full
0.01,0,-1.155261879655315,88,True,True,True,False,55.30772433526967,0.0017586838277745267,5,2000,50,full
0.01,1,-1.1552618748557695,79,True,True,True,False,55.30732991708667,0.0017586649819545206,5,2000,50,full
0.01,2,-1.1552618795455702,83,True,True,True,False,55.30771538825528,0.0017586834002603076,5,2000,50,full
0.01,3,-1.1552618757755524,85,True,True,True,False,55.30740600188804,0.001758668617275718,5,2000,50,full
0.01,4,-1.1386941592549684,83,True,True,True,False,38.87085180677617,0.0012727785562198378,5,2000,50,full
0.01,5,-1.155261880889593,90,True,True,True,False,55.307824746853505,0.001758688625785631,5,2000,50,full
0.01,6,-1.138693939416014,70,True,True,True,False,38.843102148918376,0.0012719367699520641,5,2000,50,full
0.01,7,-1.1552618776526797,89,True,True,True,False,55.307560538726655,0.001758676001193849,5,2000,50,full
0.01,8,-1.155261881099271,81,True,True,True,False,55.30784176684774,0.0017586894390825786,5,2000,50,full
0.01,9,-1.155261828552897,99,True,True,True,False,55.28781815398677,0.0017577346841775566,5,2000,50,full
0.001,0,-1.155261879355156,88,True,True,True,False,55.30769985699924,0.001758682658129989,5,2000,50,full
0.001,1,-1.1552618756825834,79,True,True,True,False,55.30739832372452,0.0017586682504174352,5,2000,50,full
0.001,2,-1.1552618800762406,83,True,True,True,False,55.307758625194765,0.0017586854662577252,5,2000,50,full
0.001,3,-1.1552618753536963,85,True,True,True,False,55.30737113556944,0.0017586669513569445,5,2000,50,full
0.001,4,-1.1386941536849946,86,True,True,True,False,38.87051826152275,0.0012727684316280157,5,2000,50,full
0.001,5,-1.155261880701166,90,True,True,True,False,55.30780944440926,0.0017586878945764323,5,2000,50,full
0.001,6,-1.1386939393615454,70,True,True,True,False,38.84316224202066,0.001271938591676857,5,2000,50,full
0.001,7,-1.1552618772669268,89,True,True,True,False,55.3075288611676,0.0017586744875943713,5,2000,50,full
0.001,8,-1.1552618793604215,81,True,True,True,False,55.307700286990666,0.001758682678690277,5,2000,50,full
0.001,9,-1.1388441015693695,169,True,True,True,False,38.94331847313798,0.0012741377067676828,5,2000,50,full
0.0001,0,-1.1552618793203289,88,True,True,True,False,55.30769701434646,0.001758682522301955,5,2000,50,full
0.0001,1,-1.1552618757688802,79,True,True,True,False,55.30740545220788,0.001758668591018485,5,2000,50,full
0.0001,2,-1.1552618801289927,83,True,True,True,False,55.30776292067633,0.001758685671508187,5,2000,50,full
0.0001,3,-1.155261875311273,85,True,True,True,False,55.30736762587591,0.001758666783664326,5,2000,50,full
0.0001,4,-1.1386941554017072,86,True,True,True,False,38.87062151962309,0.0012727715659575029,5,2000,50,full
0.0001,5,-1.1552618806817025,90,True,True,True,False,55.307807861269396,0.001758687818929386,5,2000,50,full
0.0001,6,-1.1386939393561413,70,True,True,True,True,38.8431683449066,0.0012719387766874021,5,2000,50,full
0.0001,7,-1.1552618772269583,89,True,True,True,False,55.30752557685737,0.00175867433066455,5,2000,50,full
0.0001,8,-1.1552618791740352,81,True,True,True,False,55.307685073345915,0.0017586819517410952,5,2000,50,full
0.0001,9,-1.138844101338965,162,True,True,True,False,38.94330471826228,0.001274137285680709,5,2000,50,full
0.01,0,-1.1960157774342066,62,True,True,True,False,38.090295992963384,0.001284734215527417,5,2000,51,full
0.01,1,-1.2079540818695678,74,True,True,True,False,55.70968149848479,0.001753507072636343,5,2000,51,full
0.01,2,-1.2079540787183058,74,True,True,True,False,55.70941623966819,0.0017534968174068048,5,2000,51,full
0.01,3,-1.1960159687767316,95,True,True,True,False,38.11983672393461,0.0012855262583753694,5,2000,51,full
0.01,4,-1.207954082687514,87,True,True,True,False,55.70974997818349,0.0017535097201105483,5,2000,51,full
0.01,5,-1.1960157772799993,71,True,True,True,True,38.090583844430796,0.0012847419187258556,5,2000,51,full
0.01,6,-1.2079540787278935,77,True,True,True,False,55.70941706409502,0.0017534968492790052,5,2000,51,full
0.01,7,-1.2079540824617416,77,True,True,True,False,55.70973114957461,0.0017535089921658221,5,2000,51,full
0.01,8,-1.1960159666669195,89,True,True,True,False,38.11968065668608,0.0012855220702507177,5,2000,51,full
0.01,9,-1.2079540776866944,78,True,True,True,False,55.70932819307658,0.001753493413573614,5,2000,51,full
0.001,0,-1.196015777700882,62,True,True,True,False,38.08990493997728,0.0012847237397788838,5,2000,51,full
0.001,1,-1.2079540819787236,74,True,True,True,False,55.709690624714966,0.0017535074254699885,5,2000,51,full
0.001,2,-1.2079540783948035,74,True,True,True,False,55.70938878287861,0.001753495755907932,5,2000,51,full
0.001,3,-1.1960159684145237,95,True,True,True,False,38.11980999059908,0.0012855255409729052,5,2000,51,full
0.001,4,-1.207954082747756,87,True,True,True,False,55.70975499892059,0.0017535099142190935,5,2000,51,full
0.001,5,-1.196015777472958,71,True,True,True,False,38.09022435687663,0.0012847322883996347,5,2000,51,full
0.001,6,-1.2079540784073302,77,True,True,True,False,55.70938985720685,0.0017534957974395513,5,2000,51,full
0.001,7,-1.207954082118307,77,True,True,True,False,55.709702471843165,0.0017535078834449603,5,2000,51,full
0.001,8,-1.1960159683458214,89,True,True,True,False,38.11980491760704,0.0012855254048371606,5,2000,51,full
0.001,9,-1.2079540773249144,78,True,True,True,False,55.709297354442825,0.0017534922213307538,5,2000,51,full
0.0001,0,-1.1960157777319178,62,True,True,True,False,38.089865402218436,0.0012847226806336066,5,2000,51,full
0.0001,1,-1.207954081990025,74,True,True,True,False,55.70969156935782,0.0017535074619925977,5,2000,51,full
0.0001,2,-1.2079540783614027,74,True,True,True,False,55.70938594752355,0.001753495646290846,5,2000,51,full
0.0001,3,-1.1960159683755944,95,True,True,True,False,38.119807118701225,0.0012855254639046025,5,2000,51,full
0.0001,4,-1.2079540827530093,87,True,True,True,False,55.709755437982956,0.0017535099311947802,5,2000,51,full
0.0001,5,-1.196015777496153,71,True,True,True,False,38.09018764814353,0.0012847313050191895,5,2000,51,full
0.0001,6,-1.2079540783740332,77,True,True,True,False,55.709387027867294,0.0017534956880568492,5,2000,51,full
0.0001,7,-1.2079540820826442,77,True,True,True,False,55.709699493777265,0.0017535077683083083,5,2000,51,full
0.0001,8,-1.196015968508927,89,True,True,True,False,38.11981696127033,0.0012855257280343965,5,2000,51,full
0.0001,9,-1.2079540772868917,78,True,True,True,False,55.70929410957013,0.0017534920958841226,5,2000,51,full
0.01,0,-1.2261558940568063,78,True,True,True,False,37.892750882668956,0.0013928022649198927,5,5000,42,full
0.01,1,-1.2360770305722248,71,True,True,True,False,49.85994265677786,0.0020086009108932945,5,5000,42,full
0.01,2,-1.2360770312710667,70,True,True,True,False,49.86003807606305,0.002008608136708543,5,5000,42,full
0.01,3,-1.2360770158039946,42,True,True,True,False,49.854377387730445,0.0020081831707305614,5,5000,42,full
0.01,4,-1.2360770313138916,54,True,True,True,False,49.860044043745745,0.0020086085979137214,5,5000,42,full
0.01,5,-1.2360770308579274,64,True,True,True,False,49.85998190244317,0.0020086038830816394,5,5000,42,full
0.01,6,-1.236077030685775,60,True,True,True,False,49.8599585419712,0.00200860212367112,5,5000,42,full
0.01,7,-1.2360770160121848,50,True,True,True,False,49.85377139741045,0.002008133217428259,5,5000,42,full
0.01,8,-1.23607702990713,68,True,True,True,False,49.85984992978137,0.0020085938854468937,5,5000,42,full
0.01,9,-1.236077030309527,81,True,True,True,False,49.85990614745728,0.002008598139920108,5,5000,42,full
0.001,0,-1.2261558940459394,78,True,True,True,False,37.89274973909825,0.0013928022015857033,5,5000,42,full
0.001,1,-1.2360770306134559,71,True,True,True,False,49.85994833726983,0.0020086013410385035,5,5000,42,full
0.001,2,-1.2360770313415264,70,True,True,True,False,49.86004759041423,0.002008608857102039,5,5000,42,full
0.001,3,-1.236077015570279,42,True,True,True,False,49.85450698062475,0.0020081929827603325,5,5000,42,full
0.001,4,-1.2360770320179186,54,True,True,True,False,49.86013817105935,0.002008615726029125,5,5000,42,full
0.001,5,-1.2360770309182056,64,True,True,True,False,49.85999013866917,0.002008604506612905,5,5000,42,full
0.001,6,-1.2360770306028277,60,True,True,True,False,49.85994712249168,0.0020086012588821224,5,5000,42,full
0.001,7,-1.23607701598874,49,True,True,True,False,49.85379423013982,0.0020081349589993903,5,5000,42,full
0.001,8,-1.2360770299950523,68,True,True,True,False,49.859862281482734,0.0020085948207864256,5,5000,42,full
0.001,9,-1.236077030005538,81,True,True,True,False,49.85986370409832,0.00200859492593973,5,5000,42,full
0.0001,0,-1.2261558940424881,78,True,True,True,True,37.892749375586895,0.001392802181454257,5,5000,42,full
0.0001,1,-1.236077030617776,71,True,True,True,False,49.85994892454237,0.0020086013855094946,5,5000,42,full
0.0001,2,-1.2360770313491158,70,True,True,True,False,49.86004860761477,0.0020086089341237174,5,5000,42,full
0.0001,3,-1.2360770155458125,42,True,True,True,False,49.85452150485009,0.0020081940825364634,5,5000,42,full
0.0001,4,-1.2360770320911747,54,True,True,True,False,49.86014787020801,0.002008616460515985,5,5000,42,full
0.0001,5,-1.2360770309061626,64,True,True,True,False,49.85998849352614,0.002008604382023131,5,5000,42,full
0.0001,6,-1.2360770305942264,60,True,True,True,False,49.85994593984968,0.0020086011693194843,5,5000,42,full
0.0001,7,-1.2360770158228154,49,True,True,True,False,49.8538588543033,0.0020081398590119665,5,5000,42,full
0.0001,8,-1.236077030004055,68,True,True,True,False,49.859863553522146,0.002008594917110686,5,5000,42,full
0.0001,9,-1.236077029974689,81,True,True,True,False,49.859859375115775,0.0020085945981325347,5,5000,42,full
0.01,0,-1.204326107227003,90,True,True,True,False,37.25861597090355,0.0014087423322091271,5,5000,43,full
0.01,1,-1.2140151263090793,79,True,True,True,False,49.00962805551632,0.0020162700994347037,5,5000,43,full
0.01,2,-1.2140151238283243,75,True,True,True,False,49.009294973738605,0.002016246457503535,5,5000,43,full
0.01,3,-1.2140151251053155,79,True,True,True,False,49.009468613733205,0.002016258782060372,5,5000,43,full
0.01,4,-1.2140151262145467,85,True,True,True,False,49.009615681103924,0.002016269221034433,5,5000,43,full
0.01,5,-1.2140151163845598,34,True,True,True,False,49.00736296630935,0.0020161161694495578,5,5000,43,full
0.01,6,-1.214015123827047,82,True,True,True,False,49.00929478070931,0.002016246442921313,5,5000,43,full
0.01,7,-1.2140151265092973,79,True,True,True,False,49.00965418848781,0.002016271954282268,5,5000,43,full
0.01,8,-1.2043261058801025,88,True,True,True,True,37.25956062114012,0.0014087885765734546,5,5000,43,full
0.01,9,-1.2140151238566863,69,True,True,True,False,49.00929888695121,0.0020162467350475174,5,5000,43,full
0.001,0,-1.2043261072229348,90,True,True,True,False,37.25861833407902,0.0014087424478984511,5,5000,43,full
0.001,1,-1.214015126376137,79,True,True,True,False,49.00963680893563,0.0020162707207440826,5,5000,43,full
0.001,2,-1.214015126463937,74,True,True,True,False,49.00964829867858,0.0020162715373572278,5,5000,43,full
0.001,3,-1.2140151248906061,79,True,True,True,False,49.00943974891646,0.0020162567331892035,5,5000,43,full
0.001,4,-1.2140151246262751,85,True,True,True,False,49.00940402887297,0.0020162541977620835,5,5000,43,full
0.001,5,-1.2140151249980813,47,True,True,True,False,49.009454920626,0.002016257899233619,5,5000,43,full
0.001,6,-1.2140151264326076,81,True,True,True,False,49.009644196218545,0.002016271244922716,5,5000,43,full
0.001,7,-1.2140151239861758,80,True,True,True,False,49.009316689682066,0.002016247998168811,5,5000,43,full
0.001,8,-1.204326106029145,88,True,True,True,False,37.25943409798368,0.001408782382888745,5,5000,43,full
0.001,9,-1.2140151250238163,69,True,True,True,False,49.00945768329492,0.002016258006808929,5,5000,43,full
0.0001,0,-1.2043261072225344,90,True,True,True,False,37.25861859306625,0.0014087424605789324,5,5000,43,full
0.0001,1,-1.214015126383191,79,True,True,True,False,49.00963773476012,0.0020162707864610344,5,5000,43,full
0.0001,2,-1.2140151264477743,74,True,True,True,False,49.009646193422896,0.0020162713879242847,5,5000,43,full
0.0001,3,-1.2140151248680742,79,True,True,True,False,49.00943671760221,0.0020162565180209366,5,5000,43,full
0.0001,4,-1.2140151244562194,85,True,True,True,False,49.00938095077564,0.002016252559625142,5,5000,43,full
0.0001,5,-1.2140151239473673,48,True,True,True,False,49.00931199249819,0.0020162477286698147,5,5000,43,full
0.0001,6,-1.2140151264130647,81,True,True,True,False,49.00964163793072,0.002016271063336824,5,5000,43,full
0.0001,7,-1.214015124013714,80,True,True,True,False,49.00932047151422,0.002016248266611899,5,5000,43,full
0.0001,8,-1.20432610604591,88,True,True,True,False,37.2594203465015,0.0014087817097103437,5,5000,43,full
0.0001,9,-1.2140151251441433,69,True,True,True,False,49.00947383456648,0.0020162591532539736,5,5000,43,full
0.01,0,-1.3191113150291631,63,True,True,True,False,50.3219473136492,0.0019496667494838097,5,5000,44,full
0.01,1,-1.31911131677687,62,True,True,True,False,50.322187567571625,0.0019496869231609981,5,5000,44,full
0.01,2,-1.3191113147270273,57,True,True,True,False,50.3219050980952,0.0019496632231133407,5,5000,44,full
0.01,3,-1.319111315932464,65,True,True,True,False,50.322072028090474,0.0019496771899111707,5,5000,44,full
0.01,4,-1.3191113167973922,59,True,True,True,False,50.322190403644996,0.0019496871635976667,5,5000,44,full
0.01,5,-1.3191113152444849,61,True,True,True,False,50.32197720091865,0.0019496692465576278,5,5000,44,full
0.01,6,-1.3191113162904828,61,True,True,True,False,50.32212136362601,0.0019496813484519474,5,5000,44,full
0.01,7,-1.3191113161924537,63,True,True,True,False,50.32210773574664,0.0019496801933824332,5,5000,44,full
0.01,8,-1.3191113168925874,54,True,True,True,False,50.32220443256099,0.0019496883799852223,5,5000,44,full
0.01,9,-1.3191113157774426,60,True,True,True,False,50.322050580007954,0.0019496753840460175,5,5000,44,full
0.001,0,-1.3191113150153961,63,True,True,True,False,50.321945387285915,0.0019496665876558505,5,5000,44,full
0.001,1,-1.3191113169406774,62,True,True,True,False,50.322209547803155,0.0019496887677075102,5,5000,44,full
0.001,2,-1.3191113147611655,57,True,True,True,False,50.32190993168174,0.001949663628780295,5,5000,44,full
0.001,3,-1.3191113159309833,65,True,True,True,False,50.32207181494545,0.0019496771718753943,5,5000,44,full
0.001,4,-1.3191113169170738,59,True,True,True,False,50.32220647780954,0.001949688513009164,5,5000,44,full
0.001,5,-1.319111315317684,61,True,True,True,False,50.32198738240779,0.0019496701003438573,5,5000,44,full
0.001,6,-1.3191113161289025,61,True,True,True,False,50.32209936532531,0.001949679502865233,5,5000,44,full
0.001,7,-1.3191113161352714,63,True,True,True,False,50.32209994579482,0.001949679540088495,5,5000,44,full
0.001,8,-1.3191113145496713,55,True,True,True,True,50.32188071102237,0.0019496611997287504,5,5000,44,full
0.001,9,-1.3191113156497858,60,True,True,True,False,50.32203299983343,0.0019496739098699399,5,5000,44,full
0.0001,0,-1.3191113150139921,63,True,True,True,False,50.32194518647815,0.0019496665707875078,5,5000,44,full
0.0001,1,-1.319111316959066,62,True,True,True,False,50.32221200218427,0.0019496889736781184,5,5000,44,full
0.0001,2,-1.3191113147649087,57,True,True,True,False,50.32191045322831,0.001949663672552238,5,5000,44,full
0.0001,3,-1.3191113159307817,65,True,True,True,False,50.322071794567414,0.001949677170148073,5,5000,44,full
0.0001,4,-1.3191113169295399,59,True,True,True,False,50.3222081466191,0.0019496886531051758,5,5000,44,full
0.0001,5,-1.3191113153252745,61,True,True,True,False,50.321988439980416,0.001949670189027109,5,5000,44,full
0.0001,6,-1.3191113161122827,61,True,True,True,False,50.32209710281403,0.0019496793130456367,5,5000,44,full
0.0001,7,-1.3191113161293222,63,True,True,True,False,50.32209914514475,0.0019496794729441122,5,5000,44,full
0.0001,8,-1.319111314566822,55,True,True,True,False,50.32188315178039,0.001949661404440724,5,5000,44,full
0.0001,9,-1.3191113156363767,60,True,True,True,False,50.32203115250001,0.0019496737549589346,5,5000,44,full
0.01,0,-1.332993209696147,62,True,True,True,False,51.373082740297704,0.0018759433598757808,5,5000,45,full
0.01,1,-1.332993211806559,58,True,True,True,False,51.37340776273315,0.001875968130185039,5,5000,45,full
0.01,2,-1.3329932102026907,73,True,True,True,False,51.373156609457396,0.001875948819942453,5,5000,45,full
0.01,3,-1.332993210823825,61,True,True,True,False,51.37326206315396,0.0018759571222396164,5,5000,45,full
0.01,4,-1.332993210768326,58,True,True,True,False,51.37325171457895,0.0018759562803427696,5,5000,45,full
0.01,5,-1.3329932115128424,57,True,True,True,False,51.373367112485994,0.0018759651295342258,5,5000,45,full
0.01,6,-1.3329932098876536,60,True,True,True,False,51.373110612777126,0.0018759454135784742,5,5000,45,full
0.01,7,-1.3329932096667436,54,True,True,True,True,51.373079738438044,0.0018759431726246495,5,5000,45,full
0.01,8,-1.332993210031618,63,True,True,True,False,51.373134223926584,0.0018759472410620438,5,5000,45,full
0.01,9,-1.3329932116621943,59,True,True,True,False,51.37339240178585,0.0018759671398778943,5,5000,45,full
0.001,0,-1.3329932098240806,62,True,True,True,False,51.37310329038435,0.0018759449352998636,5,5000,45,full
0.001,1,-1.3329932112807237,58,True,True,True,False,51.373327745796885,0.0018759620113902823,5,5000,45,full
0.001,2,-1.3329932101792303,73,True,True,True,False,51.373152905992974,0.0018759485366450313,5,5000,45,full
0.001,3,-1.3329932106468163,61,True,True,True,False,51.3732343138288,0.001875954993930932,5,5000,45,full
0.001,4,-1.3329932108170373,58,True,True,True,False,51.37325928576155,0.0018759568595263546,5,5000,45,full
0.001,5,-1.3329932115078555,57,True,True,True,False,51.37336638445175,0.0018759650744480695,5,5000,45,full
0.001,6,-1.3329932102844224,60,True,True,True,False,51.37317355477484,0.0018759502323704945,5,5000,45,full
0.001,7,-1.3329932099349209,54,True,True,True,False,51.37312268894378,0.0018759464624984884,5,5000,45,full
0.001,8,-1.332993209959675,63,True,True,True,False,51.37312275402056,0.0018759463626398351,5,5000,45,full
0.001,9,-1.3329932116527352,59,True,True,True,False,51.373390954024885,0.001875967028835611,5,5000,45,full
0.0001,0,-1.3329932098383956,62,True,True,True,False,51.37310559307772,0.001875945111835254,5,5000,45,full
0.0001,1,-1.3329932112298502,58,True,True,True,False,51.37331995509295,0.0018759614156152646,5,5000,45,full
0.0001,2,-1.3329932101767632,73,True,True,True,False,51.37315251605336,0.0018759485068153513,5,5000,45,full
0.0001,3,-1.3329932106287494,61,True,True,True,False,51.37323147732944,0.001875954776381276,5,5000,45,full
0.0001,4,-1.3329932108221327,58,True,True,True,False,51.373260074886225,0.0018759569198957432,5,5000,45,full
0.0001,5,-1.3329932115073582,57,True,True,True,False,51.373366296390095,0.0018759650677716104,5,5000,45,full
0.0001,6,-1.3329932103218245,60,True,True,True,False,51.373179441641156,0.0018759506830769428,5,5000,45,full
0.0001,7,-1.3329932099622073,54,True,True,True,False,51.373127034383856,0.0018759467953401916,5,5000,45,full
0.0001,8,-1.3329932099521486,63,True,True,True,False,51.373121560714154,0.001875946271246921,5,5000,45,full
0.0001,9,-1.3329932116518204,59,True,True,True,False,51.37339080854701,0.0018759670176789773,5,5000,45,full
0.01,0,-1.3062600066788341,53,True,True,True,False,50.75448254046871,0.0018977068131358146,5,5000,46,full
0.01,1,-1.3062600045264592,66,True,True,True,False,50.75414401699925,0.0018976778760847772,5,5000,46,full
0.01,2,-1.306260005417151,52,True,True,True,False,50.754287067091404,0.0018976901637272367,5,5000,46,full
0.01,3,-1.3062600051545057,56,True,True,True,False,50.754245123675815,0.0018976865550024457,5,5000,46,full
0.01,4,-1.3062600069175523,55,True,True,True,False,50.75451930823697,0.0018977099762936185,5,5000,46,full
0.01,5,-1.3056004594974457,81,True,True,True,False,38.72815604911179,0.0013523113450711075,5,5000,46,full
0.01,6,-1.3062600063484284,52,True,True,True,False,50.75443339727549,0.0018977027207813155,5,5000,46,full
0.01,7,-1.306260006966644,56,True,True,True,False,50.75452537267159,0.0018977103901746243,5,5000,46,full
0.01,8,-1.3062600061580576,57,True,True,True,False,50.754403084662506,0.0018977000803814027,5,5000,46,full
0.01,9,-1.3056004595616764,85,True,True,True,False,38.72811906532838,0.0013523100585704905,5,5000,46,full
0.001,0,-1.3062600068134735,53,True,True,True,False,50.754503150387684,0.0018977085740396994,5,5000,46,full
0.001,1,-1.3062600063355143,65,True,True,True,False,50.75442929035181,0.0018977022300077178,5,5000,46,full
0.001,2,-1.3062600054529845,52,True,True,True,False,50.75429272103717,0.0018976906462210325,5,5000,46,full
0.001,3,-1.3062600051678632,56,True,True,True,False,50.754247244314264,0.0018976867351654914,5,5000,46,full
0.001,4,-1.3062600069096235,55,True,True,True,False,50.75451809335864,0.001897709872344124,5,5000,46,full
0.001,5,-1.3056004581220286,82,True,True,True,True,38.729131459454976,0.0013523452710290154,5,5000,46,full
0.001,6,-1.3062600064876886,52,True,True,True,False,50.75445477769329,0.0018977045417132052,5,5000,46,full
0.001,7,-1.3062600067735426,56,True,True,True,False,50.75449603179293,0.001897707891174109,5,5000,46,full
0.001,8,-1.3062600061316463,57,True,True,True,False,50.75439899006493,0.0018976997307921686,5,5000,46,full
0.001,9,-1.3056004594320085,85,True,True,True,False,38.728194192725944,0.0013523126716511276,5,5000,46,full
0.0001,0,-1.3062600068259456,53,True,True,True,False,50.7545050582792,0.0018977087370669332,5,5000,46,full
0.0001,1,-1.3062600062601075,65,True,True,True,False,50.75441765947307,0.0018977012378438263,5,5000,46,full
0.0001,2,-1.3062600054568294,52,True,True,True,False,50.75429331954639,0.0018976906972986833,5,5000,46,full
0.0001,3,-1.3062600051693174,56,True,True,True,False,50.75424746875366,0.0018976867542340417,5,5000,46,full
0.0001,4,-1.3062600069088472,55,True,True,True,False,50.754517978516745,0.001897709862518674,5,5000,46,full
0.0001,5,-1.3056004581346001,82,True,True,True,False,38.72911999001989,0.0013523448721167513,5,5000,46,full
0.0001,6,-1.3062600065010748,52,True,True,True,False,50.75445683320457,0.0018977047168132844,5,5000,46,full
0.0001,7,-1.3062600067537107,56,True,True,True,False,50.75449301996543,0.0018977076346455416,5,5000,46,full
0.0001,8,-1.3062600061287633,57,True,True,True,False,50.75439854882787,0.0018976996931195445,5,5000,46,full
0.0001,9,-1.3056004594194464,85,True,True,True,False,38.72820159094616,0.0013523129289740637,5,5000,46,full
0.01,0,-1.2897822658535887,74,True,True,True,False,49.987270524720685,0.0019772679915393936,5,5000,47,full
0.01,1,-1.289782264450196,57,True,True,True,False,49.98712554858097,0.0019772496160473324,5,5000,47,full
0.01,2,-1.2897822643117163,66,True,True,True,False,49.98711070017019,0.0019772476816270783,5,5000,47,full
0.01,3,-1.2897822653929367,63,True,True,True,False,49.98722361583589,0.001977262087582841,5,5000,47,full
0.01,4,-1.2886853225671933,79,True,True,True,False,37.38466429628923,0.0013388298762897991,5,5000,47,full
0.01,5,-1.2897822640397685,60,True,True,True,False,49.987082238931656,0.0019772441054779133,5,5000,47,full
0.01,6,-1.2897822661366745,64,True,True,True,False,49.98729965324705,0.0019772717464772113,5,5000,47,full
0.01,7,-1.2897822655436633,66,True,True,True,False,49.9872391430348,0.001977264065527799,5,5000,47,full
0.01,8,-1.289782264257576,71,True,True,True,False,49.98710510481875,0.0019772469915366087,5,5000,47,full
0.01,9,-1.2886853232960254,78,True,True,True,False,37.38428511319429,0.0013388170471931014,5,5000,47,full
0.001,0,-1.2897822658684817,74,True,True,True,False,49.98727204011244,0.0019772681841532073,5,5000,47,full
0.001,1,-1.2897822644161434,57,True,True,True,False,49.98712200304159,0.001977249170274995,5,5000,47,full
0.001,2,-1.2897822643581711,66,True,True,True,False,49.9871155980581,0.0019772483051512385,5,5000,47,full
0.001,3,-1.2897822653908562,63,True,True,True,False,49.98722339569664,0.0019772620594566016,5,5000,47,full
0.001,4,-1.2886853224757546,79,True,True,True,False,37.38471588800396,0.0013388316218295483,5,5000,47,full
0.001,5,-1.289782264266294,60,True,True,True,False,49.987106200916216,0.0019772471559952143,5,5000,47,full
0.001,6,-1.2897822659441394,64,True,True,True,False,49.987280039344064,0.001977269249366089,5,5000,47,full
0.001,7,-1.2897822654231978,66,True,True,True,False,49.98722673491375,0.001977262484838844,5,5000,47,full
0.001,8,-1.2897822642060928,71,True,True,True,False,49.987099670902566,0.0019772462993564496,5,5000,47,full
0.001,9,-1.2886853217371161,79,True,True,True,True,37.38517881639542,0.001338847284542738,5,5000,47,full
0.0001,0,-1.2897822658700182,74,True,True,True,False,49.98727219030092,0.001977268203241065,5,5000,47,full
0.0001,1,-1.2897822644005614,57,True,True,True,False,49.98712035953737,0.0019772489617282483,5,5000,47,full
0.0001,2,-1.2897822643631136,66,True,True,True,False,49.98711610647323,0.0019772483698719157,5,5000,47,full
0.0001,3,-1.2897822653906654,63,True,True,True,False,49.987223380367425,0.0019772620574945742,5,5000,47,full
0.0001,4,-1.2886853224663433,79,True,True,True,False,37.38472122525743,0.00133883180240846,5,5000,47,full
0.0001,5,-1.2897822642862218,60,True,True,True,False,49.98710830129555,0.001977247423392598,5,5000,47,full
0.0001,6,-1.2897822659242266,64,True,True,True,False,49.98727801097877,0.0019772689911264573,5,5000,47,full
0.0001,7,-1.2897822654106506,66,True,True,True,False,49.98722544509107,0.001977262320523689,5,5000,47,full
0.0001,8,-1.2897822642007775,71,True,True,True,False,49.987099106882276,0.0019772462275107344,5,5000,47,full
0.0001,9,-1.2886853217537377,79,True,True,True,False,37.38516725341686,0.0013388468933173258,5,5000,47,full
0.01,0,-1.276231179299812,66,True,True,True,False,51.39725529186652,0.0018873560442049396,5,5000,48,full
0.01,1,-1.2762311804230269,65,True,True,True,False,51.39736504811887,0.0018873701961531107,5,5000,48,full
0.01,2,-1.2762311793445993,67,True,True,True,False,51.39725973671994,0.0018873566201643033,5,5000,48,full
0.01,3,-1.2762311553477106,63,True,True,True,False,51.39110276327209,0.0018865635805953341,5,5000,48,full
0.01,4,-1.2762311803191049,62,True,True,True,False,51.39735504236854,0.0018873689169080531,5,5000,48,full
0.01,5,-1.2762311801839226,64,True,True,True,False,51.39734188640242,0.001887367210133116,5,5000,48,full
0.01,6,-1.2762013095214473,72,True,True,True,True,38.843340698545326,0.0013203999203919598,5,5000,48,full
0.01,7,-1.2762013107327412,113,True,True,True,False,38.842666579351246,0.0013203778869039498,5,5000,48,full
0.01,8,-1.2762013099425,82,True,True,True,False,38.84308443279573,0.0013203915444345321,5,5000,48,full
0.01,9,-1.2762311797868184,50,True,True,True,False,51.397314734348384,0.0018873662470625563,5,5000,48,full
0.001,0,-1.2762311791548615,66,True,True,True,False,51.397240956337946,0.0018873541941218325,5,5000,48,full
0.001,1,-1.2762311803970687,65,True,True,True,False,51.39736253379239,0.0018873698717562426,5,5000,48,full
0.001,2,-1.2762311792473444,67,True,True,True,False,51.397250127387345,0.0018873553799782703,5,5000,48,full
0.001,3,-1.2762311551924486,63,True,True,True,False,51.39117124585477,0.0018865723864391903,5,5000,48,full
0.001,4,-1.2762311803657647,62,True,True,True,False,51.397359554023154,0.0018873695000091709,5,5000,48,full
0.001,5,-1.276231180279399,64,True,True,True,False,51.397351152028065,0.001887368405727789,5,5000,48,full
0.001,6,-1.2762013096035811,72,True,True,True,False,38.84328836317121,0.0013203982098375334,5,5000,48,full
0.001,7,-1.2762013105459586,110,True,True,True,False,38.84275947655473,0.0013203809232615635,5,5000,48,full
0.001,8,-1.2762013100918896,82,True,True,True,False,38.842999947428346,0.0013203887830466774,5,5000,48,full
0.001,9,-1.2762311806571192,51,True,True,True,False,51.397396214495664,0.0018873760302319026,5,5000,48,full
0.0001,0,-1.276231179140057,66,True,True,True,False,51.39723948463544,0.0018873540041913774,5,5000,48,full
0.0001,1,-1.2762311803944677,65,True,True,True,False,51.39736227920862,0.0018873698389127187,5,5000,48,full
0.0001,2,-1.2762311792371497,67,True,True,True,False,51.397249117704135,0.0018873552496623655,5,5000,48,full
0.0001,3,-1.2762311551764227,63,True,True,True,False,51.391178510673406,0.0018865733206116836,5,5000,48,full
0.0001,4,-1.2762311803728312,62,True,True,True,False,51.39736023379396,0.001887369587823997,5,5000,48,full
0.0001,5,-1.2762311802890105,64,True,True,True,False,51.39735208299881,0.0018873685258535948,5,5000,48,full
0.0001,6,-1.2762013096115665,72,True,True,True,False,38.84328330812881,0.00132039804461603,5,5000,48,full
0.0001,7,-1.2762013099972689,110,True,True,True,False,38.843053134012436,0.0013203905214357382,5,5000,48,full
0.0001,8,-1.2762013101074352,82,True,True,True,False,38.8429913468428,0.0013203885019388414,5,5000,48,full
0.0001,9,-1.2762311782993818,52,True,True,True,False,51.397161116833466,0.00188734519730616,5,5000,48,full
0.01,0,-1.2271574512437249,92,True,True,True,False,51.939765099070456,0.001938696976245173,5,5000,49,full
0.01,1,-1.2271593105352465,66,True,True,True,False,51.95313159486738,0.0019401581992860221,5,5000,49,full
0.01,2,-1.2271593118705653,65,True,True,True,False,51.95324124860769,0.0019401709513413782,5,5000,49,full
0.01,3,-1.2271593117557804,64,True,True,True,False,51.95323762646117,0.001940170531748839,5,5000,49,full
0.01,4,-1.227159312313061,63,True,True,True,False,51.953286330787634,0.0019401762093152893,5,5000,49,full
0.01,5,-1.2271574734598967,90,True,True,True,False,51.94552111029057,0.0019393505812105268,5,5000,49,full
0.01,6,-1.2262004051115334,83,True,True,True,False,38.11364003205818,0.0013466860461740686,5,5000,49,full
0.01,7,-1.2262004049064834,79,True,True,True,True,38.11387709630657,0.0013466945106412702,5,5000,49,full
0.01,8,-1.2271593109400791,71,True,True,True,False,51.95314519776599,0.0019401597730825302,5,5000,49,full
0.01,9,-1.2262004617840803,110,True,True,True,False,38.12934888685923,0.0013472471242316243,5,5000,49,full
0.001,0,-1.2271574509220087,113,True,True,True,False,51.93991367964993,0.0019387140200155708,5,5000,49,full
0.001,1,-1.2271593130919733,65,True,True,True,False,51.953387163798446,0.0019401879382603792,5,5000,49,full
0.001,2,-1.2271593122093873,65,True,True,True,False,51.95327584713168,0.0019401749770311173,5,5000,49,full
0.001,3,-1.2271593115181978,64,True,True,True,False,51.953215749237174,0.0019401679868990376,5,5000,49,full
0.001,4,-1.227159312389084,63,True,True,True,False,51.953293959479964,0.0019401770968636575,5,5000,49,full
0.001,5,-1.2271574734158874,90,True,True,True,False,51.945518821469804,0.0019393503339161526,5,5000,49,full
0.001,6,-1.226200404981833,85,True,True,True,False,38.11378582940744,0.0013466912524364234,5,5000,49,full
0.001,7,-1.2262004058131113,78,True,True,True,False,38.113007539942785,0.0013466634517929233,5,5000,49,full
0.001,8,-1.2271593109112067,71,True,True,True,False,51.95314220271367,0.0019401594246198624,5,5000,49,full
0.001,9,-1.226200462189602,110,True,True,True,False,38.12939855357356,0.001347248898169313,5,5000,49,full
0.0001,0,-1.2271574516193136,123,True,True,True,False,51.93961115316796,0.001938679316615065,5,5000,49,full
0.0001,1,-1.227159313076597,65,True,True,True,False,51.95338562798372,0.001940187759536688,5,5000,49,full
0.0001,2,-1.227159312240635,65,True,True,True,False,51.953279038753976,0.0019401753484001006,5,5000,49,full
0.0001,3,-1.227159311493342,64,True,True,True,False,51.95321350383208,0.001940167725713288,5,5000,49,full
0.0001,4,-1.2271593123977245,63,True,True,True,False,51.953294830538645,0.0019401771982038342,5,5000,49,full
0.0001,5,-1.2271574734113315,90,True,True,True,False,51.945518581787894,0.001939350308017846,5,5000,49,full
0.0001,6,-1.2262004052132203,85,True,True,True,False,38.1135335524316,0.0013466822416100537,5,5000,49,full
0.0001,7,-1.2262004057615927,78,True,True,True,False,38.113047753817526,0.0013466648881589637,5,5000,49,full
0.0001,8,-1.2271593109083594,71,True,True,True,False,51.95314190718697,0.0019401593902335522,5,5000,49,full
0.0001,9,-1.226200462246611,110,True,True,True,False,38.12940551063845,0.0013472491466531991,5,5000,49,full
0.01,0,-1.2389194829738654,70,True,True,True,False,53.24126511825947,0.0019215043546482692,5,5000,50,full
0.01,1,-1.2389194819154175,72,True,True,True,False,53.24112955087693,0.0019214927142522866,5,5000,50,full
0.01,2,-1.2389194821478118,71,True,True,True,False,53.241159564898574,0.0019214952923624178,5,5000,50,full
0.01,3,-1.2389194833346642,69,True,True,True,False,53.241310731504996,0.0019215082703904188,5,5000,50,full
0.01,4,-1.231124349068735,65,True,True,True,True,38.194096061263956,0.0013381297254263802,5,5000,50,full
0.01,5,-1.2389194810974127,75,True,True,True,False,53.24102319475401,0.0019214835894794799,5,5000,50,full
0.01,6,-1.2389194819573204,73,True,True,True,False,53.24113992340364,0.001921493610224315,5,5000,50,full
0.01,7,-1.2389194836654687,72,True,True,True,False,53.24135231550411,0.0019215118411290328,5,5000,50,full
0.01,8,-1.2389194813580957,68,True,True,True,False,53.24109238009131,0.001921489542110748,5,5000,50,full
0.01,9,-1.2311243497276048,87,True,True,True,False,38.1941868450638,0.0013381324549903222,5,5000,50,full
0.001,0,-1.2389194829871182,70,True,True,True,False,53.2412668045571,0.0019215044993909011,5,5000,50,full
0.001,1,-1.238919481816055,72,True,True,True,False,53.24111670228863,0.0019214916110723054,5,5000,50,full
0.001,2,-1.2389194819190423,71,True,True,True,False,53.24113004913468,0.0019214927582886306,5,5000,50,full
0.001,3,-1.2389194833238346,69,True,True,True,False,53.2413093616405,0.001921508152776543,5,5000,50,full
0.001,4,-1.2311243494641289,65,True,True,True,False,38.194150650302134,0.0013381313691915961,5,5000,50,full
0.001,5,-1.238919483622608,74,True,True,True,False,53.24134722773105,0.001921511414012957,5,5000,50,full
0.001,6,-1.2389194819008973,73,True,True,True,False,53.24113253250685,0.001921492975576502,5,5000,50,full
0.001,7,-1.2389194834103556,72,True,True,True,False,53.24132026265069,0.0019215090891234138,5,5000,50,full
0.001,8,-1.2389194812527593,68,True,True,True,False,53.2410778613419,0.0019214882951188348,5,5000,50,full
0.001,9,-1.2311243501552283,87,True,True,True,False,38.19424550203027,0.001338134221255461,5,5000,50,full
0.0001,0,-1.2389194829870764,70,True,True,True,False,53.24126679541127,0.0019215044986000977,5,5000,50,full
0.0001,1,-1.2389194818058042,72,True,True,True,False,53.24111536984771,0.001921491496667679,5,5000,50,full
0.0001,2,-1.2389194818963558,71,True,True,True,False,53.24112712219806,0.0019214925069962398,5,5000,50,full
0.0001,3,-1.2389194833226909,69,True,True,True,False,53.2413092204431,0.0019215081406564224,5,5000,50,full
0.0001,4,-1.2311243495041395,65,True,True,True,False,38.19415616005355,0.0013381315350986832,5,5000,50,full
0.0001,5,-1.2389194835996984,74,True,True,True,False,53.24134436013207,0.001921511167787829,5,5000,50,full
0.0001,6,-1.2389194818950309,73,True,True,True,False,53.241131755934866,0.0019214929088937156,5,5000,50,full
0.0001,7,-1.2389194833877315,72,True,True,True,False,53.2413174262284,0.0019215088455954142,5,5000,50,full
0.0001,8,-1.2389194812417665,68,True,True,True,False,53.24107634200957,0.0019214881646254561,5,5000,50,full
0.0001,9,-1.2311243501955045,87,True,True,True,False,38.19425101943677,0.001338134387394202,5,5000,50,full
0.01,0,-1.241234213979004,62,True,True,True,False,37.16626195923815,0.0013158059441716668,5,5000,51,full
0.01,1,-1.2548662681902547,91,True,True,True,False,53.208550336174014,0.001894783888976655,5,5000,51,full
0.01,2,-1.2548664414037445,79,True,True,True,False,53.2121285169379,0.0018950047199293482,5,5000,51,full
0.01,3,-1.2548664513685737,74,True,True,True,False,53.212606467385356,0.0018950351728676033,5,5000,51,full
0.01,4,-1.2548664516395327,88,True,True,True,False,53.212474682244896,0.0018950266513982493,5,5000,51,full
0.01,5,-1.2548664428545793,78,True,True,True,False,53.21223183761976,0.0018950113309755975,5,5000,51,full
0.01,6,-1.2548664504447213,75,True,True,True,False,53.212413561228054,0.00189502275329534,5,5000,51,full
0.01,7,-1.2548664515276826,72,True,True,True,False,53.21240446793266,0.001895022123075357,5,5000,51,full
0.01,8,-1.2548662582728847,91,True,True,True,False,53.2086207241132,0.0018947894143343982,5,5000,51,full
0.01,9,-1.2548664530488065,79,True,True,True,False,53.21259446473278,0.0018950343293745713,5,5000,51,full
0.001,0,-1.2412342139191728,62,True,True,True,False,37.16634527296702,0.001315808417190259,5,5000,51,full
0.001,1,-1.2548662679329947,91,True,True,True,False,53.20854680590507,0.0018947836845070848,5,5000,51,full
0.001,2,-1.2548664411585249,79,True,True,True,False,53.21212352938396,0.0018950044080976716,5,5000,51,full
0.001,3,-1.2548664510649217,74,True,True,True,False,53.212585873585084,0.0018950338552760893,5,5000,51,full
0.001,4,-1.2548664516325603,88,True,True,True,False,53.21247729616661,0.0018950268204689532,5,5000,51,full
0.001,5,-1.2548664435471708,78,True,True,True,False,53.212220478066655,0.0018950105688511334,5,5000,51,full
0.001,6,-1.2548664501908842,75,True,True,True,False,53.21239116891289,0.0018950213177330916,5,5000,51,full
0.001,7,-1.2548664513768888,72,True,True,True,False,53.21238540608439,0.0018950208983929242,5,5000,51,full
0.001,8,-1.2548662582057286,91,True,True,True,False,53.20861867694278,0.0018947892887112387,5,5000,51,full
0.001,9,-1.2548664530787275,79,True,True,True,False,53.212598541295435,0.0018950345914183595,5,5000,51,full
0.0001,0,-1.241234213913144,62,True,True,True,True,37.16635389710762,0.0013158086731826235,5,5000,51,full
0.0001,1,-1.254866267907053,91,True,True,True,False,53.20854644665881,0.0018947836636873418,5,5000,51,full
0.0001,2,-1.2548664411327257,79,True,True,True,False,53.2121230066333,0.001895004375417254,5,5000,51,full
0.0001,3,-1.254866451033041,74,True,True,True,False,53.21258374452431,0.0018950337190811104,5,5000,51,full
0.0001,4,-1.2548664516312498,88,True,True,True,False,53.21247751845165,0.00189502683487448,5,5000,51,full
0.0001,5,-1.2548664436155448,78,True,True,True,False,53.21221923209291,0.0018950104855759375,5,5000,51,full
0.0001,6,-1.2548664501641025,75,True,True,True,False,53.212388825720176,0.0018950211675256073,5,5000,51,full
0.0001,7,-1.2548664513604275,72,True,True,True,False,53.21238333608954,0.0018950207654035848,5,5000,51,full
0.0001,8,-1.2548662581986791,91,True,True,True,False,53.20861846350472,0.0018947892756203193,5,5000,51,full
0.0001,9,-1.2548664530815568,79,True,True,True,False,53.212598920582415,0.0018950346157990206,5,5000,51,full
0.01,0,-1.2994527050572506,78,True,True,True,False,51.318603263356394,0.002349285569421607,5,500,42,full
0.01,1,-1.2947373718575412,52,True,True,True,True,38.24941807902828,0.0012416446446036843,5,500,42,full
0.01,2,-1.2994526978880008,63,True,True,True,False,51.318436624553314,0.002349272904695865,5,500,42,full
0.01,3,-1.2994526978086065,77,True,True,True,False,51.318434572033794,0.002349272735794228,5,500,42,full
0.01,4,-1.2994527085802823,67,True,True,True,False,51.31868556328623,0.0023492918602109796,5,500,42,full
0.01,5,-1.299452712522331,83,True,True,True,False,51.31877671685187,0.002349298777311244,5,500,42,full
0.01,6,-1.2994527093882968,67,True,True,True,False,51.31870439495439,0.002349293297839279,5,500,42,full
0.01,7,-1.2994526935347135,65,True,True,True,False,51.31833506148295,0.0023492651754717267,5,500,42,full
0.01,8,-1.299452691100827,78,True,True,True,False,51.31827781741326,0.002349260794454491,5,500,42,full
0.01,9,-1.299452694107742,73,True,True,True,False,51.318348185628615,0.0023492661582621946,5,500,42,full
0.001,0,-1.2994526983450552,78,True,True,True,False,51.31844691019359,0.002349273664272929,5,500,42,full
0.001,1,-1.2947373867745156,53,True,True,True,False,38.25283518003931,0.0012417858006296709,5,500,42,full
0.001,2,-1.2994527010664663,63,True,True,True,False,51.318510738575185,0.0023492785488469533,5,500,42,full
0.001,3,-1.299452702108045,77,True,True,True,False,51.318534791573384,0.002349280367076816,5,500,42,full
0.001,4,-1.299452708108031,67,True,True,True,False,51.31867458769706,0.002349291024409424,5,500,42,full
0.001,5,-1.2994527129402824,83,True,True,True,False,51.31878641319348,0.0023492995155936303,5,500,42,full
0.001,6,-1.2994527104276008,67,True,True,True,False,51.318728536524475,0.0023492951362886934,5,500,42,full
0.001,7,-1.299452693139831,65,True,True,True,False,51.3183258326508,0.0023492644726287783,5,500,42,full
0.001,8,-1.299452713504055,77,True,True,True,False,51.31879960968461,0.002349300527834665,5,500,42,full
0.001,9,-1.2994526927333838,73,True,True,True,False,51.318316075269,0.002349263713366147,5,500,42,full
0.0001,0,-1.299452697660547,78,True,True,True,False,51.31843094380381,0.002349272448552563,5,500,42,full
0.0001,1,-1.2947373854899127,53,True,True,True,False,38.25269959325064,0.0012417791742337654,5,500,42,full
0.0001,2,-1.2994527013906314,63,True,True,True,False,51.31851829258621,0.0023492791241236104,5,500,42,full
0.0001,3,-1.2994527025620308,77,True,True,True,False,51.318545364644805,0.002349281172172332,5,500,42,full
0.0001,4,-1.2994527080599543,67,True,True,True,False,51.31867347035603,0.00234929093932255,5,500,42,full
0.0001,5,-1.2994527129779547,83,True,True,True,False,51.31878728699538,0.0023492995821253818,5,500,42,full
0.0001,6,-1.2994527105365734,67,True,True,True,False,51.31873106715278,0.0023492953290041355,5,500,42,full
0.0001,7,-1.2994526931000112,65,True,True,True,False,51.31832490182101,0.002349264401739517,5,500,42,full
0.0001,8,-1.2994527124452735,77,True,True,True,False,51.31877504664575,0.00234929865749739,5,500,42,full
0.0001,9,-1.2994526925731036,73,True,True,True,False,51.3183123294639,0.0023492634281573888,5,500,42,full
0.01,0,-1.09878145269139,72,True,True,True,True,38.97623382601451,0.001153288797571241,5,500,43,full
0.01,1,-1.1114493273785786,72,True,True,True,False,57.62808835408237,0.0017781052098505188,5,500,43,full
0.01,2,-1.111449341348348,70,True,True,True,False,57.628421869079595,0.0017781151632612151,5,500,43,full
0.01,3,-1.1114493495177662,62,True,True,True,False,57.62861587356083,0.0017781209528807819,5,500,43,full
0.01,4,-1.1114493500928078,70,True,True,True,False,57.628629428630454,0.0017781213575299335,5,500,43,full
0.01,5,-1.1114493423899074,51,True,True,True,False,57.628448105297565,0.0017781159434625033,5,500,43,full
0.01,6,-1.0987885399319426,126,True,True,True,False,39.212160384327454,0.0011585126743973945,5,500,43,full
0.01,7,-1.1114493397058134,71,True,True,True,False,57.62838276952904,0.0017781139964069344,5,500,43,full
0.01,8,-1.1114493256147295,69,True,True,True,False,57.62804610472442,0.001778103948883623,5,500,43,full
0.01,9,-1.1114493466100233,60,True,True,True,False,57.6285472079525,0.0017781189031669592,5,500,43,full
0.001,0,-1.0987814534707565,72,True,True,True,False,38.976434530004184,0.0011532932865676116,5,500,43,full
0.001,1,-1.1114493271395072,72,True,True,True,False,57.62808262577043,0.0017781050388925802,5,500,43,full
0.001,2,-1.1114493427497265,70,True,True,True,False,57.62845519236289,0.001778116157749557,5,500,43,full
0.001,3,-1.1114493490192034,62,True,True,True,False,57.628604061619,0.0017781206003742644,5,500,43,full
0.001,4,-1.1114493496422273,70,True,True,True,False,57.62861875697927,0.0017781210390530973,5,500,43,full
0.001,5,-1.1114493453163585,51,True,True,True,False,57.628517674545016,0.0017781180195749744,5,500,43,full
0.001,6,-1.0987885123077554,133,True,True,True,False,39.21167067507941,0.0011585019117441805,5,500,43,full
0.001,7,-1.1114493382735144,71,True,True,True,False,57.62834865839401,0.0017781129783988772,5,500,43,full
0.001,8,-1.1114493251423252,69,True,True,True,False,57.62803477452798,0.0017781036107382506,5,500,43,full
0.001,9,-1.1114493236190104,61,True,True,True,False,57.62799843506539,0.0017781025257899983,5,500,43,full
0.0001,0,-1.0987814535502294,72,True,True,True,False,38.97645490489836,0.0011532937422355297,5,500,43,full
0.0001,1,-1.1114493271140902,72,True,True,True,False,57.62808201684932,0.0017781050207188248,5,500,43,full
0.0001,2,-1.1114493429065706,70,True,True,True,False,57.62845892050588,0.0017781162690110755,5,500,43,full
0.0001,3,-1.1114493489682762,62,True,True,True,False,57.6286028548279,0.001778120564359178,5,500,43,full
0.0001,4,-1.1114493495957374,70,True,True,True,False,57.628617655855216,0.001778121006192219,5,500,43,full
0.0001,5,-1.1114493451771925,51,True,True,True,False,57.628514378806656,0.0017781179212021103,5,500,43,full
0.0001,6,-1.0987885132514166,133,True,True,True,False,39.21168741989407,0.0011585022797588245,5,500,43,full
0.0001,7,-1.111449338128316,71,True,True,True,False,57.62834519904946,0.0017781128751584033,5,500,43,full
0.0001,8,-1.1114493250925648,69,True,True,True,False,57.62803358090518,0.0017781035751158164,5,500,43,full
0.0001,9,-1.1114493241634618,61,True,True,True,False,57.628011501984965,0.0017781029157701975,5,500,43,full
0.01,0,-1.0624018286710868,80,True,True,True,False,53.3350918561962,0.0019177928548037685,5,500,44,full
0.01,1,-1.0294475825404032,63,True,True,True,False,39.305594354128544,0.0011818727271585858,5,500,44,full
0.01,2,-1.0624018334805756,81,True,True,True,False,53.33521193044893,0.0019177982418596721,5,500,44,full
0.01,3,-1.0624018409889586,83,True,True,True,False,53.33539585476775,0.0019178064471934745,5,500,44,full
0.01,4,-1.062401839503088,81,True,True,True,False,53.33535930737309,0.0019178048140735121,5,500,44,full
0.01,5,-1.0624018479629227,77,True,True,True,False,53.335567428587154,0.0019178141174009326,5,500,44,full
0.01,6,-1.062401820429129,77,True,True,True,False,53.33488776796343,0.0019177837281529667,5,500,44,full
0.01,7,-1.0293110830198053,97,True,True,True,False,39.21371889804932,0.0011821901361103782,5,500,44,full
0.01,8,-1.062401822854535,79,True,True,True,False,53.334947881262444,0.0019177864164607492,5,500,44,full
0.01,9,-1.0624018345111061,75,True,True,True,False,53.335236133695574,0.001917799306030655,5,500,44,full
0.001,0,-1.0624018284079682,80,True,True,True,False,53.33508534930874,0.0019177925638388749,5,500,44,full
0.001,1,-1.029447609397853,62,True,True,True,False,39.30602026133988,0.0011818898183002871,5,500,44,full
0.001,2,-1.0624018331082656,81,True,True,True,False,53.33520272685727,0.0019177978301916539,5,500,44,full
0.001,3,-1.0624018404597488,83,True,True,True,False,53.33538281934199,0.0019178058644091943,5,500,44,full
0.001,4,-1.0624018373164759,81,True,True,True,False,53.33530540582419,0.0019178024041643735,5,500,44,full
0.001,5,-1.0624018478242112,77,True,True,True,False,53.33556401971952,0.0019178139650148766,5,500,44,full
0.001,6,-1.062401820351633,77,True,True,True,False,53.33488584646187,0.0019177836422189147,5,500,44,full
0.001,7,-1.0293110719263612,100,True,True,True,True,39.21354561328416,0.001182184001084659,5,500,44,full
0.001,8,-1.0624018220306537,79,True,True,True,False,53.33492746627597,0.001917785503490397,5,500,44,full
0.001,9,-1.0624018357003815,75,True,True,True,False,53.335265481177906,0.0019178006182005716,5,500,44,full
0.0001,0,-1.0624018283827323,80,True,True,True,False,53.3350847251782,0.0019177925359300098,5,500,44,full
0.0001,1,-1.0294476093042761,62,True,True,True,False,39.30601878191874,0.0011818897589720085,5,500,44,full
0.0001,2,-1.0624018331260627,81,True,True,True,False,53.335203165612754,0.0019177978497989547,5,500,44,full
0.0001,3,-1.0624018404047333,83,True,True,True,False,53.33538146404401,0.0019178058038170872,5,500,44,full
0.0001,4,-1.06240183709046,81,True,True,True,False,53.335299832169376,0.0019178021549653005,5,500,44,full
0.0001,5,-1.062401847810034,77,True,True,True,False,53.335563671362564,0.0019178139494420046,5,500,44,full
0.0001,6,-1.062401820344292,77,True,True,True,False,53.33488566444466,0.0019177836340796602,5,500,44,full
0.0001,7,-1.0293110795389466,100,True,True,True,False,39.213664576079296,0.001182188206309411,5,500,44,full
0.0001,8,-1.0624018219471267,79,True,True,True,False,53.33492539622599,0.0019177854109163552,5,500,44,full
0.0001,9,-1.0624018358282392,75,True,True,True,False,53.33526863558888,0.0019178007592374811,5,500,44,full
0.01,0,-1.002882448234553,113,True,True,True,False,55.12257457789597,0.0016562482858968977,5,500,45,full
0.01,1,-1.002882456925623,101,True,True,True,False,55.12269181792709,0.0016562558315417683,5,500,45,full
0.01,2,-0.9730674140973408,57,True,True,True,False,41.105848059746585,0.0011185126963163248,5,500,45,full
0.01,3,-0.9730674198947148,118,True,True,True,False,41.105772277167446,0.0011185098781313766,5,500,45,full
0.01,4,-0.9730674339511941,88,True,True,True,False,41.10608657423147,0.0011185166423861737,5,500,45,full
0.01,5,-1.00288246479387,102,True,True,True,False,55.122797581464624,0.0016562626387083322,5,500,45,full
0.01,6,-1.002882454834163,105,True,True,True,False,55.12266364477878,0.0016562540182830155,5,500,45,full
0.01,7,-1.002882464499522,103,True,True,True,False,55.12279363128205,0.0016562623844608598,5,500,45,full
0.01,8,-1.002882457426946,102,True,True,True,False,55.12269856725292,0.001656256265932617,5,500,45,full
0.01,9,-1.0028813414653763,49,True,True,True,False,55.09008309670118,0.0016541650456190517,5,500,45,full
0.001,0,-1.002882442616901,113,True,True,True,False,55.122498562590756,0.0016562433936145942,5,500,45,full
0.001,1,-1.0028824555355218,101,True,True,True,False,55.12267309533036,0.0016562546265318342,5,500,45,full
0.001,2,-0.9730674114435376,58,True,True,True,True,41.10572453031416,0.0011185096626776165,5,500,45,full
0.001,3,-0.973067417918483,97,True,True,True,False,41.10572813946574,0.0011185089289986795,5,500,45,full
0.001,4,-0.9730674333309994,87,True,True,True,False,41.106072737561156,0.0011185163446187794,5,500,45,full
0.001,5,-1.0028824627695299,102,True,True,True,False,55.122770404607344,0.0016562608895320822,5,500,45,full
0.001,6,-1.0028824544398824,105,True,True,True,False,55.12265833084646,0.0016562536762735483,5,500,45,full
0.001,7,-1.002882463650501,103,True,True,True,False,55.122782234617524,0.0016562616509409797,5,500,45,full
0.001,8,-1.0028824570860926,102,True,True,True,False,55.122693978475404,0.0016562559705924332,5,500,45,full
0.001,9,-1.0028813518277722,48,True,True,True,False,55.08890361097059,0.00165408972696777,5,500,45,full
0.0001,0,-1.0028824420304998,113,True,True,True,False,55.12249061706177,0.0016562428822509134,5,500,45,full
0.0001,1,-1.0028824554085194,101,True,True,True,False,55.12267138423857,0.0016562545164034966,5,500,45,full
0.0001,2,-0.9730674139193659,58,True,True,True,False,41.10577983748338,0.0011185108514232588,5,500,45,full
0.0001,3,-0.9730674201655114,96,True,True,True,False,41.105778459446455,0.001118510011796491,5,500,45,full
0.0001,4,-0.9730674302179616,87,True,True,True,False,41.10600325143425,0.0011185148492824425,5,500,45,full
0.0001,5,-1.002882462563986,102,True,True,True,False,55.12276764392011,0.0016562607118464324,5,500,45,full
0.0001,6,-1.0028824543989454,105,True,True,True,False,55.12265777903643,0.0016562536407576751,5,500,45,full
0.0001,7,-1.0028824635613172,103,True,True,True,False,55.12278103721128,0.0016562615738734833,5,500,45,full
0.0001,8,-1.0028824570534451,102,True,True,True,False,55.12269353889515,0.0016562559422998514,5,500,45,full
0.0001,9,-1.002881351041796,48,True,True,True,False,55.088981083848715,0.001654094676584174,5,500,45,full
0.01,0,-1.0242095109681792,70,True,True,True,False,53.533416264251656,0.001692989816969246,5,500,46,full
0.01,1,-1.024209518662947,78,True,True,True,False,53.533497515642395,0.001692997794115901,5,500,46,full
0.01,2,-1.0242094941613198,76,True,True,True,False,53.53323774782105,0.0016929723142021607,5,500,46,full
0.01,3,-1.0242095124895634,73,True,True,True,False,53.53343234103207,0.0016929913879778372,5,500,46,full
0.01,4,-1.0242094954131165,72,True,True,True,False,53.53325110306739,0.0016929736284828063,5,500,46,full
0.01,5,-1.0242094967194306,75,True,True,True,False,53.53326501620974,0.0016929749875972508,5,500,46,full
0.01,6,-1.0242094995110627,70,True,True,True,False,53.53329473560191,0.001692977902469954,5,500,46,full
0.01,7,-1.0242094957161554,71,True,True,True,False,53.53325432891349,0.0016929739418620109,5,500,46,full
0.01,8,-1.0242095205399784,73,True,True,True,False,53.53351721192496,0.0016929996847856324,5,500,46,full
0.01,9,-0.9980325053135781,86,True,True,True,False,42.41593647152813,0.0012997649745448724,5,500,46,full
0.001,0,-1.024209510290534,70,True,True,True,False,53.533409096298755,0.0016929891146118116,5,500,46,full
0.001,1,-1.0242095187459495,78,True,True,True,False,53.53349838990218,0.0016929978796572371,5,500,46,full
0.001,2,-1.0242094926892515,76,True,True,True,False,53.53322204224878,0.0016929707758834072,5,500,46,full
0.001,3,-1.0242095125484192,73,True,True,True,False,53.53343296302272,0.0016929914489034518,5,500,46,full
0.001,4,-1.0242094955047107,72,True,True,True,False,53.5332520792968,0.0016929737241190086,5,500,46,full
0.001,5,-1.0242095006054088,75,True,True,True,False,53.53330636604733,0.001692979037627303,5,500,46,full
0.001,6,-1.0242094987676227,70,True,True,True,False,53.533286826557266,0.0016929771277131016,5,500,46,full
0.001,7,-1.0242094950059994,71,True,True,True,False,53.53324675953837,0.0016929732004431087,5,500,46,full
0.001,8,-1.0242095199400505,73,True,True,True,False,53.53351089665716,0.0016929990660709353,5,500,46,full
0.001,9,-0.9980325049127019,87,True,True,True,True,42.41594283845606,0.0012996334399863047,5,500,46,full
0.0001,0,-1.0242095102196993,70,True,True,True,False,53.533408346888244,0.0016929890411813782,5,500,46,full
0.0001,1,-1.0242095187536058,78,True,True,True,False,53.533498470546185,0.0016929978875475339,5,500,46,full
0.0001,2,-1.0242094925426466,76,True,True,True,False,53.533220477440985,0.001692970622616956,5,500,46,full
0.0001,3,-1.0242095125541861,73,True,True,True,False,53.53343302388787,0.0016929914548624815,5,500,46,full
0.0001,4,-1.0242094955161127,72,True,True,True,False,53.5332522008704,0.0016929737360275108,5,500,46,full
0.0001,5,-1.0242095010255945,75,True,True,True,False,53.533310832298305,0.0016929794750916195,5,500,46,full
0.0001,6,-1.0242094986901238,70,True,True,True,False,53.53328600194395,0.001692977046935116,5,500,46,full
0.0001,7,-1.0242094949325542,71,True,True,True,False,53.533245976664,0.001692973123758153,5,500,46,full
0.0001,8,-1.0242095198768315,73,True,True,True,False,53.53351023106485,0.0016929990008630281,5,500,46,full
0.0001,9,-0.9980325050723652,87,True,True,True,False,42.415939846913055,0.0012995620913657782,5,500,46,full
0.01,0,-0.9331267455098279,71,True,True,True,True,49.20049295718232,0.0011197697220097626,5,500,47,full
0.01,1,-0.9650741466674504,153,True,True,True,False,63.1336399164294,0.0013630555433459212,5,500,47,full
0.01,2,-0.9650741587750433,155,True,True,True,False,63.13399264924562,0.0013630663249263482,5,500,47,full
0.01,3,-0.9650741351070564,154,True,True,True,False,63.13330247398501,0.0013630452295948891,5,500,47,full
0.01,4,-0.9331281866176292,173,True,True,True,False,49.28153115207848,0.0011205941376391476,5,500,47,full
0.01,5,-0.9650741440040749,122,True,True,True,False,63.13356223059905,0.0013630531688791948,5,500,47,full
0.01,6,-0.9650741534543328,153,True,True,True,False,63.13383772573485,0.0013630615894961826,5,500,47,full
0.01,7,-0.9650741604624012,159,True,True,True,False,63.13404175208291,0.001363067825836924,5,500,47,full
0.01,8,-0.9650741416424433,160,True,True,True,False,63.13349331739419,0.001363051062566974,5,500,47,full
0.01,9,-0.9650741552868601,160,True,True,True,False,63.13389109876325,0.0013630632208980588,5,500,47,full
0.001,0,-0.9331267518148223,77,True,True,True,False,49.20494686491784,0.001119815106051347,5,500,47,full
0.001,1,-0.9650741424280268,153,True,True,True,False,63.133516243805616,0.001363051763304385,5,500,47,full
0.001,2,-0.9650741585704915,155,True,True,True,False,63.133986695802705,0.001363066142950354,5,500,47,full
0.001,3,-0.9650741349976774,154,True,True,True,False,63.133299278173006,0.0013630451319185401,5,500,47,full
0.001,4,-0.9651754225452298,51,True,True,True,False,61.67331688487864,0.001321052485377021,5,500,47,full
0.001,5,-0.9650741380530526,145,True,True,True,False,63.133388526778994,0.0013630478597109082,5,500,47,full
0.001,6,-0.9650741525890529,153,True,True,True,False,63.133812518570885,0.0013630608190163377,5,500,47,full
0.001,7,-0.9650741609341766,159,True,True,True,False,63.134055478519876,0.0013630682454089597,5,500,47,full
0.001,8,-0.9650741392395553,160,True,True,True,False,63.13342317304577,0.0013630489186456434,5,500,47,full
0.001,9,-0.9650741539797342,160,True,True,True,False,63.13385302991684,0.001363062057282575,5,500,47,full
0.0001,0,-0.933126747640708,77,True,True,True,False,49.20273978326978,0.0011197926121139152,5,500,47,full
0.0001,1,-0.9650741419828861,153,True,True,True,False,63.13350325320438,0.0013630513662517398,5,500,47,full
0.0001,2,-0.9650741585493259,155,True,True,True,False,63.13398607971863,0.0013630661241195085,5,500,47,full
0.0001,3,-0.9650741349874267,154,True,True,True,False,63.13329897875573,0.0013630451227671725,5,500,47,full
0.0001,4,-0.9651755408587547,51,True,True,True,False,61.686292458579295,0.0013214044415593778,5,500,47,full
0.0001,5,-0.9650741554088196,145,True,True,True,False,63.13389465040159,0.0013630633294579662,5,500,47,full
0.0001,6,-0.965074152501367,153,True,True,True,False,63.133809963980625,0.001363060740933295,5,500,47,full
0.0001,7,-0.9650741609875669,159,True,True,True,False,63.134057031959564,0.0013630682928927086,5,500,47,full
0.0001,8,-0.9650741389944766,160,True,True,True,False,63.13341601735369,0.0013630486999374307,5,500,47,full
0.0001,9,-0.965074153837237,160,True,True,True,False,63.13384887927155,0.0013630619304143823,5,500,47,full
0.01,0,-0.8639909851135371,200,True,True,True,False,49.14270334828353,0.0010881572374735321,5,500,48,full
0.01,1,-0.8639910080274602,181,True,True,True,False,49.143353248104454,0.0010881680979591306,5,500,48,full
0.01,2,-0.8639909934885068,178,True,True,True,False,49.14294140943153,0.001088161215590128,5,500,48,full
0.01,3,-0.8639910031238276,179,True,True,True,False,49.143214547410224,0.0010881657800346596,5,500,48,full
0.01,4,-0.8639909844035919,171,True,True,True,False,49.1426831400211,0.0010881568997915486,5,500,48,full
0.01,5,-0.863991009157756,182,True,True,True,False,49.14338518972992,0.0010881686317639858,5,500,48,full
0.01,6,-0.8639909935790829,170,True,True,True,False,49.14294398079745,0.0010881612585590362,5,500,48,full
0.01,7,-0.8639909900067214,176,True,True,True,False,49.14284251233937,0.001088159562954452,5,500,48,full
0.01,8,-0.8639893319030056,87,True,True,True,False,49.05095330459443,0.0010866350586262283,5,500,48,full
0.01,9,-0.8639910070771161,169,True,True,True,False,49.143326383366755,0.0010881676490005151,5,500,48,full
0.001,0,-0.8639909788589841,200,True,True,True,False,49.142525163100835,0.0010881542600100571,5,500,48,full
0.001,1,-0.8639910075304842,181,True,True,True,False,49.14333920031527,0.0010881678631942985,5,500,48,full
0.001,2,-0.863990994890016,178,True,True,True,False,49.142981188446626,0.001088161880330822,5,500,48,full
0.001,3,-0.8639910039489791,178,True,True,True,False,49.14323790144644,0.0010881661703167848,5,500,48,full
0.001,4,-0.8639909932003457,169,True,True,True,False,49.1429332283075,0.0010881610788767914,5,500,48,full
0.001,5,-0.8639910079792722,182,True,True,True,False,49.14335188614263,0.0010881680751975117,5,500,48,full
0.001,6,-0.8639909952447146,170,True,True,True,False,49.14299125308216,0.0010881620485198335,5,500,48,full
0.001,7,-0.8639909913970414,176,True,True,True,False,49.142882015690816,0.001088160223078062,5,500,48,full
0.001,8,-0.8639893316983386,87,True,True,True,False,49.05075867209854,0.0010866318527499698,5,500,48,full
0.001,9,-0.8639910038145694,169,True,True,True,False,49.14323409780763,0.0010881661067548996,5,500,48,full
0.0001,0,-0.8639910101360576,199,True,True,True,False,49.14341282720848,0.0010881690936388262,5,500,48,full
0.0001,1,-0.8639910074795746,181,True,True,True,False,49.143337761152296,0.0010881678391427066,5,500,48,full
0.0001,2,-0.863990995028313,178,True,True,True,False,49.14298511277583,0.0010881619459095044,5,500,48,full
0.0001,3,-0.8639910005980415,178,True,True,True,False,49.14314302467464,0.0010881645847898372,5,500,48,full
0.0001,4,-0.8639909853657928,169,True,True,True,False,49.14271052771477,0.0010881573574436866,5,500,48,full
0.0001,5,-0.863991007852533,182,True,True,True,False,49.14334830375166,0.0010881680153291265,5,500,48,full
0.0001,6,-0.8639909954321249,170,True,True,True,False,49.142996570547254,0.0010881621373794077,5,500,48,full
0.0001,7,-0.8639909915531596,176,True,True,True,False,49.14288645038055,0.0010881602971845612,5,500,48,full
0.0001,8,-0.8639893316744864,87,True,True,True,True,49.05073510197201,0.0010866314645232656,5,500,48,full
0.0001,9,-0.863991003511151,169,True,True,True,False,49.1432255105464,0.0010881659632482666,5,500,48,full
0.01,0,-1.0183656400180991,129,True,True,True,False,53.74987972106708,0.0011493408225785094,5,500,49,full
0.01,1,-1.018365623737595,128,True,True,True,False,53.74961507029047,0.001149327373204725,5,500,49,full
0.01,2,-1.009734594348312,208,True,True,True,False,52.056181689757935,0.001012038283931225,5,500,49,full
0.01,3,-1.0097345899253471,169,True,True,True,False,52.05614844411504,0.0010120346496598682,5,500,49,full
0.01,4,-1.018365633070132,129,True,True,True,False,53.74977175088803,0.0011493353386732687,5,500,49,full
0.01,5,-1.0097345986921025,68,True,True,True,False,52.05621384106035,0.0010120418597779801,5,500,49,full
0.01,6,-1.0183656090642201,129,True,True,True,False,53.74956622302656,0.001149324892329335,5,500,49,full
0.01,7,-1.0097345815940046,210,True,True,True,False,52.0560856568367,0.0010120277866379772,5,500,49,full
0.01,8,-1.018365629898344,132,True,True,True,False,53.749698991371346,0.001149331647427734,5,500,49,full
0.01,9,-1.009734576366741,203,True,True,True,False,52.05604615263897,0.0010120234690122341,5,500,49,full
0.001,0,-1.018365640231281,129,True,True,True,False,53.74988352888788,0.0011493410160660488,5,500,49,full
0.001,1,-1.0183656367687952,127,True,True,True,False,53.74985250176754,0.001149339434974157,5,500,49,full
0.001,2,-1.0097345839224976,208,True,True,True,False,52.05610322666935,0.0010120297070438484,5,500,49,full
0.001,3,-1.0097345911933342,139,True,True,True,False,52.05615798117558,0.0010120356921883961,5,500,49,full
0.001,4,-1.0183656324256198,129,True,True,True,False,53.74975811375333,0.0011493346457966721,5,500,49,full
0.001,5,-1.0097345928380284,68,True,True,True,False,52.056169904547815,0.0010120370564014162,5,500,49,full
0.001,6,-1.0183656090500766,129,True,True,True,False,53.74955132610065,0.001149324135450491,5,500,49,full
0.001,7,-1.0097345794933816,210,True,True,True,False,52.056069792000145,0.0010120260526489161,5,500,49,full
0.001,8,-1.0183656271378128,132,True,True,True,False,53.74964986071428,0.001149329150896895,5,500,49,full
0.001,9,-1.0097345753163411,203,True,True,True,False,52.056038204116255,0.001012022600317204,5,500,49,full
0.0001,0,-1.0183656402567258,129,True,True,True,False,53.74988398290016,0.0011493410391351414,5,500,49,full
0.0001,1,-1.0183656345059862,127,True,True,True,False,53.74982102124335,0.0011493378357240122,5,500,49,full
0.0001,2,-1.0097345828907267,208,True,True,True,False,52.05609544344591,0.0010120288563203257,5,500,49,full
0.0001,3,-1.0097345918056024,134,True,True,True,False,52.05616258458691,0.0010120361954065226,5,500,49,full
0.0001,4,-1.0183656323670291,129,True,True,True,False,53.74975685407801,0.001149334581793995,5,500,49,full
0.0001,5,-1.009734592246609,68,True,True,True,False,52.05616545991598,0.0010120365705152572,5,500,49,full
0.0001,6,-1.0183656090405981,129,True,True,True,False,53.74954983185102,0.0011493240595320683,5,500,49,full
0.0001,7,-1.0097345792692678,210,True,True,True,False,52.05606809855339,0.0010120258675597965,5,500,49,full
0.0001,8,-1.018365626855202,132,True,True,True,False,53.74964482637764,0.0011493288950815278,5,500,49,full
0.0001,9,-1.009734575224146,203,True,True,True,True,52.05603750629822,0.0010120225240528567,5,500,49,full
0.01,0,-1.1014723647643574,104,True,True,True,False,56.811111300219814,0.0010274641423658434,5,500,50,full
0.01,1,-1.1014723737803007,105,True,True,True,False,56.81133059651855,0.001027469220733047,5,500,50,full
0.01,2,-1.1014723909604978,107,True,True,True,False,56.81175486108113,0.0010274790457916968,5,500,50,full
0.01,3,-1.101472389424556,100,True,True,True,False,56.81170868966313,0.0010274779764986987,5,500,50,full
0.01,4,-1.0977716408614375,114,True,True,True,False,52.94445663769906,0.0009247077007976614,5,500,50,full
0.01,5,-1.1014723740584438,107,True,True,True,False,56.811337345440144,0.0010274693770213471,5,500,50,full
0.01,6,-1.0977684892893615,90,True,True,True,True,52.83333045188901,0.0009215878718376183,5,500,50,full
0.01,7,-1.1014723818957322,100,True,True,True,False,56.8115271654906,0.0010274737728098518,5,500,50,full
0.01,8,-1.1014723907900286,103,True,True,True,False,56.811742149617984,0.001027478751361438,5,500,50,full
0.01,9,-1.0977716209793915,166,True,True,True,False,52.94410183188692,0.0009246982070861609,5,500,50,full
0.001,0,-1.101472365285345,104,True,True,True,False,56.811124000502495,0.001027464436472399,5,500,50,full
0.001,1,-1.10147237294579,105,True,True,True,False,56.811310341999764,0.001027468751686435,5,500,50,full
0.001,2,-1.1014723595237952,110,True,True,True,False,56.81106161881359,0.0010274629924057045,5,500,50,full
0.001,3,-1.1014723891999783,100,True,True,True,False,56.8117032836453,0.001027477851306791,5,500,50,full
0.001,4,-1.0977716405492166,117,True,True,True,False,52.9444494273715,0.00092470756067266,5,500,50,full
0.001,5,-1.1014723724257947,107,True,True,True,False,56.81129771641089,0.00102746845930797,5,500,50,full
0.001,6,-1.0977684901546751,90,True,True,True,False,52.832525865899974,0.0009215650376434068,5,500,50,full
0.001,7,-1.1014723813834564,100,True,True,True,False,56.81151478239747,0.0010274734860462231,5,500,50,full
0.001,8,-1.1014723884243245,103,True,True,True,False,56.811685202085414,0.001027477432583273,5,500,50,full
0.001,9,-1.097771636192653,168,True,True,True,False,52.94436705462952,0.0009247055078667274,5,500,50,full
0.0001,0,-1.1014723652992857,104,True,True,True,False,56.81112434013428,0.0010274644443372626,5,500,50,full
0.0001,1,-1.1014723728580704,105,True,True,True,False,56.81130821216319,0.0010274687023643756,5,500,50,full
0.0001,2,-1.1014723712860213,110,True,True,True,False,56.81132894400858,0.0010274691828728133,5,500,50,full
0.0001,3,-1.1014723891761782,100,True,True,True,False,56.81170271060862,0.0010274778380373404,5,500,50,full
0.0001,4,-1.0977716526126535,117,True,True,True,False,52.94465933259152,0.0009247133306731236,5,500,50,full
0.0001,5,-1.1014723722539266,107,True,True,True,False,56.81129354283042,0.001027468362658312,5,500,50,full
0.0001,6,-1.0977684902620786,90,True,True,True,False,52.832443755562494,0.0009215627072275738,5,500,50,full
0.0001,7,-1.1014723813276315,100,True,True,True,False,56.811513432781446,0.0010274734547917727,5,500,50,full
0.0001,8,-1.1014723881861916,103,True,True,True,False,56.81167946567463,0.0010274772997410143,5,500,50,full
0.0001,9,-1.0977716457577211,168,True,True,True,False,52.94453345089597,0.0009247100886756769,5,500,50,full
0.01,0,-1.2458239754966516,134,True,True,True,False,52.934787413174604,0.0010680362229581717,5,500,51,full
0.01,1,-1.2445503266432763,300,True,True,True,False,51.30492839577172,0.001026724310581661,5,500,51,full
0.01,2,-1.2445499552908597,272,True,True,True,False,51.29691795099229,0.001026502277876782,5,500,51,full
0.01,3,-1.2445478396080416,112,True,True,True,False,51.190709216577794,0.0010235357366443758,5,500,51,full
0.01,4,-1.2445479950515277,300,True,True,True,False,51.174834970251986,0.0010230889653573896,5,500,51,full
0.01,5,-1.2458239602556507,135,True,True,True,False,52.93421604952991,0.0010680236613036414,5,500,51,full
0.01,6,-1.2458239602579662,133,True,True,True,False,52.93421353076996,0.0010680236059536332,5,500,51,full
0.01,7,-1.245823988972648,132,True,True,True,False,52.93529255341731,0.0010680473282552443,5,500,51,full
0.01,8,-1.2458239845691337,131,True,True,True,False,52.93512773486405,0.0010680437048286838,5,500,51,full
0.01,9,-1.245823969800385,134,True,True,True,False,52.93457322803821,0.0010680315140774094,5,500,51,full
0.001,0,-1.2458239742248305,134,True,True,True,False,52.934739625849225,0.0010680351723547522,5,500,51,full
0.001,1,-1.2445503850169346,300,True,True,True,False,51.30613459404684,0.0010267577220763708,5,500,51,full
0.001,2,-1.2445499375990379,272,True,True,True,False,51.296520324826574,0.0010264912499833377,5,500,51,full
0.001,3,-1.2445478352311177,112,True,True,True,False,51.191493975971234,0.0010235578018332123,5,500,51,full
0.001,4,-1.2445478976584792,300,True,True,True,False,51.18315215795063,0.001023323150000651,5,500,51,full
0.001,5,-1.2458239921098524,134,True,True,True,False,52.935410582621365,0.0010680499230182109,5,500,51,full
0.001,6,-1.245823991719645,132,True,True,True,False,52.93539525416825,0.0010680495860451464,5,500,51,full
0.001,7,-1.2458239873825077,132,True,True,True,False,52.935233062112815,0.0010680460203822248,5,500,51,full
0.001,8,-1.2458239777063727,131,True,True,True,False,52.93487039681396,0.0010680380473421206,5,500,51,full
0.001,9,-1.2458239688230044,134,True,True,True,False,52.93453643774806,0.0010680307052331553,5,500,51,full
0.0001,0,-1.245823974093757,134,True,True,True,False,52.93473469974997,0.0010680350640540803,5,500,51,full
0.0001,1,-1.2445503916233025,300,True,True,True,False,51.30627027608992,0.0010267614800886712,5,500,51,full
0.0001,2,-1.2445499357176166,272,True,True,True,False,51.2964779464135,0.0010264900746107769,5,500,51,full
0.0001,3,-1.2445478346969574,112,True,True,True,True,51.19159372714652,0.0010235606064046769,5,500,51,full
0.0001,4,-1.2445478901620368,300,True,True,True,False,51.18395040386632,0.0010233456141917686,5,500,51,full
0.0001,5,-1.2458239919537537,134,True,True,True,False,52.93540474456173,0.001068049794673948,5,500,51,full
0.0001,6,-1.2458239915271274,132,True,True,True,False,52.9353880593316,0.0010680494278726932,5,500,51,full
0.0001,7,-1.2458239872170842,132,True,True,True,False,52.93522687147382,0.00106804588428586,5,500,51,full
0.0001,8,-1.2458239770374049,131,True,True,True,False,52.934845281437646,0.0010680374951861262,5,500,51,full
0.0001,9,-1.2458239687197783,134,True,True,True,False,52.93453255134303,0.0010680306197890855,5,500,51,full
